LIMIT_BAL,SEX,EDUCATION,MARRIAGE,AGE,PAY_1,PAY_2,PAY_3,PAY_4,PAY_5,PAY_6,BILL_AMT1,BILL_AMT2,BILL_AMT3,BILL_AMT4,BILL_AMT5,BILL_AMT6,PAY_AMT1,PAY_AMT2,PAY_AMT3,PAY_AMT4,PAY_AMT5,PAY_AMT6,def_pay
230000.0,2,2,2,24,-1,-1,-1,-1,-1,0,160.0,237.0,436.0,12488.0,932.0,317.0,237.0,586.0,12511.0,1249.0,0.0,0.0,1
20000.0,1,1,2,25,1,-2,-2,-2,-2,-1,0.0,0.0,0.0,0.0,0.0,1000.0,0.0,0.0,0.0,0.0,1000.0,0.0,1
360000.0,2,1,2,33,-2,-2,-2,-2,-2,-2,0.0,0.0,0.0,0.0,0.0,0.0,0.0,0.0,0.0,0.0,0.0,0.0,1
80000.0,1,2,2,53,3,2,0,0,0,0,35637.0,34783.0,36198.0,37094.0,38489.0,40341.0,0.0,2000.0,1500.0,2000.0,2500.0,2000.0,1
60000.0,2,1,2,24,2,2,2,2,2,3,37356.0,41624.0,40655.0,43974.0,46625.0,45590.0,5200.0,0.0,4000.0,3500.0,0.0,0.0,1
70000.0,2,2,2,36,0,0,0,0,0,0,68028.0,67864.0,59165.0,29314.0,28844.0,29443.0,3340.0,2044.0,1773.0,1181.0,1215.0,1297.0,1
20000.0,1,1,2,34,1,2,0,0,0,0,8834.0,7499.0,8147.0,7247.0,4617.0,0.0,1000.0,1000.0,1300.0,1500.0,1680.0,0.0,1
20000.0,2,2,1,26,0,0,0,0,2,0,17679.0,16720.0,17705.0,19228.0,18804.0,19316.0,1300.0,1277.0,1800.0,0.0,1000.0,1000.0,1
100000.0,2,1,2,22,2,0,0,0,2,0,36891.0,38498.0,39185.0,39867.0,39696.0,7594.0,2201.0,1888.0,1500.0,96.0,300.0,432.0,1
400000.0,2,1,2,27,-2,-2,-2,-2,-2,-2,0.0,0.0,0.0,0.0,18014.0,0.0,0.0,0.0,0.0,18014.0,3710.0,0.0,1
50000.0,1,2,1,61,2,-1,-1,-1,-1,-1,390.0,390.0,390.0,390.0,390.0,390.0,390.0,390.0,390.0,390.0,390.0,390.0,1
80000.0,1,2,2,30,2,2,2,2,2,2,66995.0,67794.0,69607.0,70864.0,71902.0,73407.0,2500.0,3500.0,3000.0,2800.0,2800.0,0.0,1
10000.0,2,2,2,46,2,0,0,2,2,3,1526.0,2496.0,4245.0,4525.0,5450.0,5073.0,1000.0,1800.0,500.0,1000.0,0.0,0.0,1
30000.0,2,2,1,36,2,3,2,2,0,0,28778.0,28039.0,28286.0,27533.0,28189.0,28805.0,0.0,1000.0,0.0,1100.0,1100.0,1500.0,1
240000.0,1,1,2,47,2,2,-2,-2,-2,-2,2500.0,0.0,0.0,0.0,0.0,0.0,0.0,0.0,0.0,0.0,0.0,0.0,1
230000.0,1,2,2,27,-1,-1,-1,-1,0,0,416.0,568.0,1427.0,14947.0,13255.0,8226.0,568.0,1427.0,14947.0,437.0,1000.0,900.0,1
50000.0,1,2,3,42,2,0,0,2,0,0,47647.0,50232.0,50510.0,32177.0,29530.0,29789.0,3700.0,3700.0,0.0,1072.0,1500.0,1132.0,1
10000.0,1,2,1,49,1,-1,-1,-1,-1,-2,-20.0,780.0,0.0,780.0,0.0,0.0,800.0,0.0,780.0,0.0,0.0,0.0,1
550000.0,2,1,2,34,-1,0,0,0,0,0,42132.0,44045.0,45392.0,48244.0,36206.0,38021.0,3005.0,3004.0,4010.0,3002.0,3000.0,10010.0,1
150000.0,1,2,1,37,0,0,0,0,0,0,27707.0,28434.0,29356.0,30777.0,32193.0,32589.0,1477.0,1489.0,2000.0,2000.0,1169.0,1194.0,1
140000.0,2,2,2,34,0,0,2,2,2,0,27098.0,29832.0,29354.0,30609.0,29981.0,30581.0,3485.0,300.0,2038.0,0.0,1100.0,2570.0,1
140000.0,1,1,2,50,-1,2,-1,-1,-1,-1,780.0,780.0,390.0,0.0,780.0,390.0,0.0,390.0,0.0,780.0,390.0,0.0,1
230000.0,2,2,2,29,2,2,2,0,0,0,232044.0,236365.0,229553.0,190525.0,192974.0,186407.0,9500.0,0.0,6829.0,7300.0,7000.0,7000.0,1
120000.0,1,3,1,49,0,-1,-1,-1,-1,-1,119440.0,3844.0,2290.0,780.0,8190.0,4600.0,3844.0,2299.0,780.0,8190.0,4600.0,1081.0,1
140000.0,1,2,2,24,-1,-1,-1,-1,-1,-1,6312.0,-148.0,8431.0,11034.0,5040.0,7838.0,0.0,8579.0,11034.0,5040.0,7838.0,11737.0,1
90000.0,2,2,2,26,2,2,2,0,0,0,87606.0,91430.0,88705.0,65632.0,49431.0,50864.0,7063.0,7.0,2054.0,1800.0,2864.0,3197.0,1
120000.0,1,2,1,57,0,0,0,0,0,0,118709.0,120580.0,118684.0,88557.0,91124.0,88094.0,5000.0,5007.0,4000.0,4003.0,4003.0,4000.0,1
220000.0,2,1,1,51,-1,-1,-1,2,2,-2,2262.0,2255.0,8105.0,2224.0,150.0,1000.0,2276.0,8117.0,0.0,150.0,1000.0,2619.0,1
60000.0,2,2,1,31,-1,-1,-1,-1,-1,-1,44912.0,11409.0,-61506.0,3859.0,415.0,415.0,144047.0,365.0,73000.0,415.0,415.0,50136.0,1
20000.0,1,3,1,38,0,0,-1,-1,-1,-1,19805.0,19900.0,390.0,390.0,0.0,780.0,1000.0,390.0,390.0,0.0,780.0,0.0,1
10000.0,2,2,1,53,0,0,0,-2,-2,-2,9269.0,10400.0,0.0,0.0,0.0,0.0,1400.0,0.0,0.0,0.0,0.0,0.0,1
180000.0,2,3,1,41,2,2,2,2,0,0,96093.0,100094.0,101204.0,98680.0,100644.0,102750.0,6500.0,3582.0,0.0,3605.0,3731.0,3752.0,1
80000.0,1,2,2,25,0,0,0,0,0,0,31780.0,33261.0,34703.0,36125.0,38374.0,39382.0,2000.0,2000.0,2000.0,3000.0,1800.0,2000.0,1
170000.0,2,1,2,30,1,-2,-1,-1,-2,-2,0.0,0.0,550.0,0.0,0.0,0.0,0.0,550.0,0.0,0.0,0.0,0.0,1
230000.0,2,1,2,37,0,0,2,0,0,-2,9092.0,12509.0,12784.0,12584.0,0.0,0.0,3500.0,700.0,0.0,0.0,0.0,0.0,1
320000.0,2,3,2,40,1,2,2,2,2,0,298343.0,304421.0,298042.0,315502.0,310308.0,306056.0,12300.0,0.0,24000.0,0.0,11000.0,14000.0,1
260000.0,1,2,1,39,2,0,0,2,0,0,110529.0,113505.0,114531.0,111037.0,95454.0,96370.0,7010.0,7004.0,15.0,3000.0,3000.0,3000.0,1
50000.0,2,2,1,35,0,0,0,0,0,0,7378.0,7543.0,7754.0,7825.0,7132.0,7319.0,1121.0,1168.0,1075.0,218.0,1100.0,0.0,1
50000.0,1,2,2,30,2,2,2,2,2,-2,200.0,200.0,200.0,200.0,-200.0,0.0,0.0,0.0,0.0,0.0,200.0,0.0,1
200000.0,2,2,1,48,-2,-1,2,-1,0,0,22111.0,32938.0,10902.0,6309.0,4979.0,2978.0,11257.0,0.0,6309.0,0.0,2986.0,0.0,1
20000.0,1,2,1,62,2,0,0,0,0,0,17870.0,18740.0,19343.0,19402.0,11731.0,0.0,1462.0,1367.0,682.0,627.0,0.0,0.0,1
130000.0,1,1,2,28,1,-2,-2,-2,-2,-2,0.0,0.0,0.0,0.0,0.0,0.0,0.0,0.0,0.0,0.0,0.0,0.0,1
310000.0,2,1,1,33,-2,-2,-2,-2,-2,-2,2729.0,0.0,0.0,0.0,0.0,343.0,0.0,0.0,0.0,0.0,343.0,410.0,1
80000.0,1,3,1,57,2,2,2,2,2,2,7431.0,9895.0,9937.0,9629.0,10571.0,10749.0,2600.0,350.0,0.0,1100.0,500.0,1300.0,1
90000.0,2,1,2,27,2,2,0,0,0,0,28206.0,27459.0,28514.0,29733.0,30138.0,33248.0,0.0,1800.0,2000.0,1200.0,3600.0,0.0,1
180000.0,1,3,1,54,0,0,0,0,0,0,149698.0,137260.0,124500.0,111430.0,98182.0,84598.0,4834.0,4371.0,3849.0,3405.0,2887.0,2402.0,1
50000.0,2,2,2,25,2,2,2,2,2,2,33586.0,34636.0,35683.0,36200.0,36808.0,37671.0,1900.0,1900.0,1400.0,1500.0,1600.0,1500.0,1
80000.0,2,1,2,29,0,0,0,0,0,0,16936.0,17963.0,18976.0,19660.0,20343.0,21003.0,1303.0,1316.0,1000.0,1000.0,1000.0,933.0,1
90000.0,2,1,2,29,2,2,2,0,0,0,7052.0,9370.0,9078.0,10267.0,10350.0,10564.0,2605.0,0.0,1500.0,550.0,529.0,531.0,1
50000.0,2,1,2,25,2,3,2,2,2,2,43870.0,42891.0,43582.0,44561.0,45592.0,46495.0,0.0,1700.0,2000.0,1900.0,1800.0,0.0,1
260000.0,1,1,1,36,0,0,0,0,0,0,239206.0,212271.0,191813.0,193555.0,197090.0,200841.0,9029.0,9000.0,7100.0,7509.0,8000.0,6888.0,1
50000.0,2,1,2,33,2,2,0,0,-1,0,60679.0,54947.0,54425.0,48313.0,19399.0,19804.0,0.0,4500.0,1200.0,71941.0,619.0,563.0,1
240000.0,1,2,2,25,2,0,0,0,0,0,178878.0,181717.0,165662.0,144277.0,112210.0,116047.0,6095.0,4729.0,5682.0,5500.0,5000.0,16290.0,1
230000.0,1,2,2,50,1,2,0,0,0,0,23674.0,23027.0,24185.0,25238.0,29803.0,34312.0,0.0,2000.0,1435.0,5000.0,5000.0,6000.0,1
70000.0,1,3,1,69,1,2,0,0,0,0,11572.0,11095.0,12109.0,12905.0,14683.0,15435.0,0.0,1204.0,1000.0,2000.0,1000.0,1500.0,1
90000.0,2,1,2,26,2,0,0,0,0,0,89526.0,89149.0,85301.0,65463.0,65923.0,67269.0,3400.0,3325.0,2300.0,2400.0,2400.0,2400.0,1
180000.0,2,2,1,36,2,2,2,2,2,0,172360.0,176867.0,179020.0,180773.0,128078.0,119632.0,9000.0,6600.0,7000.0,0.0,4500.0,4410.0,1
20000.0,1,2,2,34,1,2,0,0,0,0,20690.0,20075.0,19492.0,19859.0,19232.0,15608.0,0.0,1500.0,805.0,7000.0,542.0,242.0,1
190000.0,1,2,2,28,-2,-2,-2,-2,-2,-2,0.0,0.0,0.0,0.0,0.0,0.0,0.0,0.0,0.0,0.0,0.0,0.0,1
400000.0,2,3,1,41,0,0,0,0,0,0,18487.0,12366.0,13010.0,12620.0,17945.0,20030.0,2620.0,1000.0,0.0,13945.0,7116.0,1280.0,1
230000.0,1,1,1,46,1,2,2,2,2,2,189724.0,193112.0,197039.0,200300.0,203018.0,199689.0,8000.0,8500.0,8000.0,7500.0,0.0,6622.0,1
120000.0,1,3,2,31,1,-2,-2,-2,-2,-2,-94.0,-2090.0,-2390.0,-2390.0,-2390.0,-2390.0,3.0,0.0,0.0,0.0,0.0,0.0,1
20000.0,1,3,2,46,2,3,2,2,2,2,9417.0,9119.0,10015.0,9705.0,10540.0,10825.0,0.0,1200.0,0.0,1000.0,600.0,0.0,1
50000.0,1,2,2,29,2,2,2,2,2,2,43205.0,46516.0,45468.0,48703.0,50774.0,49514.0,4000.0,0.0,4000.0,3000.0,0.0,3000.0,1
30000.0,2,2,1,41,2,2,0,0,0,-1,25594.0,21485.0,22320.0,23933.0,22742.0,2500.0,0.0,1300.0,5000.0,945.0,1850.0,1060.0,1
330000.0,1,1,2,45,0,0,0,0,0,0,265362.0,246735.0,248541.0,231534.0,230309.0,235992.0,7500.0,8001.0,7000.0,7000.0,8000.0,8000.0,1
80000.0,2,2,1,31,0,0,0,0,0,0,70492.0,68652.0,67881.0,38465.0,27773.0,29132.0,2806.0,4006.0,1804.0,2003.0,3004.0,1502.0,1
170000.0,2,2,1,36,2,2,2,2,2,2,15031.0,16784.0,17711.0,17131.0,18197.0,18748.0,2500.0,1500.0,0.0,1500.0,1000.0,0.0,1
100000.0,2,1,1,58,1,2,2,2,2,2,27044.0,26325.0,30882.0,30090.0,34419.0,33714.0,0.0,5000.0,0.0,5000.0,0.0,5000.0,1
460000.0,2,1,1,37,1,2,0,0,0,0,268775.0,262956.0,268463.0,273066.0,278594.0,284423.0,0.0,9737.0,9060.0,9200.0,9480.0,9627.0,1
320000.0,1,2,2,29,2,2,2,2,2,2,58267.0,59246.0,60184.0,58622.0,62307.0,63526.0,2500.0,2500.0,0.0,4800.0,2400.0,1600.0,1
240000.0,2,2,2,42,1,2,2,0,0,0,187558.0,187333.0,163332.0,166813.0,170739.0,174532.0,6700.0,0.0,6900.0,6000.0,6000.0,6000.0,1
170000.0,2,2,1,49,1,2,0,0,0,0,153322.0,149027.0,150920.0,145689.0,33588.0,0.0,0.0,6320.0,5045.0,1000.0,0.0,0.0,1
30000.0,2,2,1,43,2,2,2,2,2,2,15780.0,15246.0,17838.0,17272.0,18131.0,17711.0,0.0,3141.0,0.0,1434.0,0.0,1581.0,1
20000.0,1,1,2,26,-1,-1,-1,-1,-1,-1,416.0,416.0,416.0,416.0,416.0,982.0,416.0,416.0,416.0,416.0,982.0,0.0,1
50000.0,1,1,1,28,0,0,-2,-2,-2,-2,4545.0,0.0,0.0,0.0,0.0,0.0,0.0,0.0,0.0,0.0,0.0,0.0,1
100000.0,2,2,1,35,0,0,0,0,0,0,77394.0,76081.0,61898.0,53035.0,15785.0,7762.0,2640.0,3007.0,2300.0,200.0,290.0,50000.0,1
260000.0,1,2,1,43,0,0,0,0,0,0,175247.0,164173.0,152724.0,153527.0,153375.0,105491.0,8500.0,5950.0,4000.0,3000.0,6000.0,30588.0,1
50000.0,1,3,1,54,2,2,2,0,0,0,18691.0,21072.0,20039.0,20042.0,20097.0,20288.0,3000.0,0.0,700.0,750.0,900.0,692.0,1
130000.0,1,2,1,39,0,0,0,0,0,0,103566.0,105797.0,102729.0,104761.0,87660.0,92123.0,3969.0,3823.0,3836.0,3345.0,9116.0,0.0,1
110000.0,1,2,2,47,2,2,2,2,2,2,53016.0,56532.0,57502.0,58460.0,59876.0,58761.0,5000.0,2500.0,2500.0,2500.0,0.0,5000.0,1
400000.0,1,1,2,38,-1,-1,-1,-1,2,2,3456.0,49709.0,8834.0,57959.0,49590.0,22972.0,50263.0,8834.0,50000.0,0.0,8695.0,0.0,1
30000.0,2,3,1,44,2,2,2,2,2,2,19608.0,20696.0,20071.0,21432.0,21704.0,21205.0,1700.0,0.0,2000.0,760.0,0.0,2000.0,1
50000.0,1,2,1,37,0,0,0,0,0,0,49045.0,50174.0,43647.0,19305.0,20025.0,18584.0,2000.0,2000.0,1000.0,1000.0,1000.0,1000.0,1
130000.0,2,1,2,47,2,2,2,2,2,2,18454.0,21121.0,20484.0,22145.0,21652.0,23138.0,2976.0,0.0,2000.0,0.0,2000.0,0.0,1
10000.0,1,1,2,24,2,2,0,0,0,0,8837.0,7554.0,8287.0,9580.0,9267.0,10096.0,0.0,1500.0,2000.0,700.0,1500.0,0.0,1
20000.0,2,2,2,24,0,0,0,0,3,2,3980.0,5075.0,5979.0,6796.0,6463.0,2255.0,1318.0,1183.0,1000.0,0.0,0.0,2440.0,1
20000.0,1,2,2,23,1,2,0,0,0,0,19403.0,18541.0,19254.0,19456.0,19323.0,19265.0,0.0,1298.0,1000.0,692.0,766.0,998.0,1
30000.0,1,1,2,28,0,0,0,0,2,0,10480.0,11503.0,12513.0,13804.0,13442.0,14066.0,1199.0,1209.0,1500.0,0.0,1000.0,1500.0,1
460000.0,1,1,2,44,2,2,2,2,2,2,282944.0,288729.0,295114.0,299739.0,304319.0,299400.0,12000.0,12500.0,11000.0,11000.0,0.0,27000.0,1
30000.0,1,3,2,31,1,3,2,0,0,0,31405.0,30588.0,26860.0,21165.0,21281.0,22938.0,0.0,0.0,1646.0,762.0,2000.0,0.0,1
30000.0,2,2,1,25,2,0,0,0,0,0,27458.0,21203.0,18394.0,19560.0,13035.0,13836.0,1267.0,1342.0,1508.0,500.0,1000.0,1102.0,1
140000.0,2,1,2,28,1,2,0,0,0,0,86761.0,84546.0,87251.0,88227.0,90170.0,92044.0,0.0,5000.0,3300.0,3500.0,3500.0,3550.0,1
150000.0,2,1,1,33,1,-2,-2,-2,-2,-2,0.0,0.0,0.0,0.0,0.0,0.0,0.0,0.0,0.0,0.0,0.0,0.0,1
60000.0,2,1,2,33,0,0,2,0,-1,-1,11237.0,20978.0,12861.0,7888.0,7463.0,3192.0,10000.0,0.0,0.0,7463.0,6384.0,18704.0,1
210000.0,2,1,2,32,1,-1,2,2,-1,-1,0.0,92.0,4.0,0.0,45.0,23.0,92.0,0.0,0.0,45.0,23.0,0.0,1
80000.0,2,2,2,23,2,0,0,0,0,0,71975.0,64153.0,47680.0,33336.0,24439.0,26187.0,3139.0,4000.0,3000.0,2000.0,2000.0,0.0,1
50000.0,2,1,2,24,-1,-1,-1,-1,-1,-1,1354.0,1050.0,-1.0,7999.0,-66.0,6784.0,1054.0,0.0,8000.0,0.0,6850.0,11000.0,1
140000.0,1,2,2,26,2,0,0,0,0,0,133572.0,135367.0,113272.0,115685.0,118171.0,120550.0,6169.0,4500.0,4287.0,4500.0,4500.0,9500.0,1
50000.0,2,2,1,27,0,0,0,0,0,0,47254.0,43583.0,35245.0,27520.0,25928.0,26470.0,1720.0,3100.0,1723.0,1100.0,1111.0,1200.0,1
10000.0,1,3,1,39,1,2,0,0,0,0,10866.0,10094.0,9212.0,9633.0,9550.0,9334.0,0.0,1201.0,1062.0,254.0,288.0,365.0,1
100000.0,1,2,2,28,2,0,0,0,2,0,58566.0,56770.0,56300.0,54288.0,25759.0,25775.0,5100.0,2825.0,5000.0,0.0,2000.0,0.0,1
110000.0,1,1,1,36,2,0,0,0,0,0,36152.0,37246.0,38340.0,39018.0,40122.0,41069.0,2000.0,2000.0,1500.0,1500.0,1500.0,1135.0,1
80000.0,2,1,2,29,1,-2,-1,0,-1,-1,0.0,0.0,8061.0,8061.0,9390.0,4337.0,0.0,8061.0,0.0,9390.0,4500.0,0.0,1
50000.0,1,2,1,30,1,2,2,0,0,0,49371.0,50092.0,49029.0,25313.0,26006.0,27217.0,1800.0,240.0,1000.0,1100.0,1800.0,1500.0,1
90000.0,1,2,2,30,2,2,2,2,2,0,91562.0,67878.0,72323.0,71631.0,68427.0,69532.0,0.0,6500.0,2600.0,0.0,2700.0,3000.0,1
100000.0,1,2,2,26,0,0,0,0,0,0,30928.0,32186.0,32949.0,33680.0,34419.0,37782.0,2500.0,2000.0,2000.0,2000.0,4500.0,40000.0,1
10000.0,1,2,2,22,2,0,0,-1,-1,-2,8631.0,9202.0,9975.0,528.0,0.0,0.0,1238.0,1275.0,528.0,0.0,0.0,0.0,1
270000.0,2,2,1,32,1,2,2,2,2,2,234752.0,233036.0,229286.0,217644.0,223690.0,221413.0,10000.0,8000.0,0.0,16000.0,8000.0,0.0,1
240000.0,1,1,1,43,0,0,0,0,0,0,223151.0,226688.0,230690.0,213633.0,176135.0,179027.0,7766.0,8300.0,7200.0,6200.0,6550.0,6107.0,1
500000.0,2,3,1,44,2,-1,0,0,0,-1,1273.0,79108.0,329774.0,328950.0,336073.0,1257.0,79113.0,255005.0,6780.0,8401.0,1262.0,2120.0,1
120000.0,1,1,2,30,1,-2,-2,-2,-2,-2,0.0,0.0,0.0,0.0,0.0,0.0,0.0,0.0,0.0,0.0,0.0,0.0,1
90000.0,1,2,2,27,2,0,0,0,-2,-2,2542.0,3556.0,4490.0,0.0,0.0,0.0,1066.0,1000.0,0.0,0.0,0.0,0.0,1
80000.0,1,2,2,33,2,2,0,0,0,0,24928.0,24229.0,25832.0,27394.0,29922.0,31879.0,0.0,2000.0,2000.0,3000.0,2600.0,0.0,1
10000.0,1,3,2,22,1,4,3,2,2,2,8357.0,8085.0,7817.0,7545.0,8268.0,7993.0,0.0,0.0,0.0,1000.0,0.0,750.0,1
20000.0,1,2,1,33,0,0,0,0,0,0,4128.0,5550.0,6599.0,6839.0,7228.0,7457.0,1500.0,1300.0,500.0,500.0,500.0,1000.0,1
20000.0,1,1,2,24,0,-1,-1,-1,-1,-1,3395.0,2296.0,396.0,396.0,8972.0,3984.0,2296.0,396.0,396.0,8972.0,3984.0,396.0,1
50000.0,1,2,2,27,0,0,0,-1,2,0,50679.0,45126.0,37800.0,51457.0,50463.0,41758.0,2033.0,1900.0,51457.0,0.0,1642.0,1538.0,1
50000.0,2,2,2,25,2,2,2,2,2,2,33995.0,34937.0,34394.0,36509.0,37105.0,37866.0,1800.0,300.0,3000.0,1500.0,1500.0,0.0,1
130000.0,2,1,1,38,-1,-1,-1,-2,-2,-2,5190.0,649.0,0.0,0.0,0.0,0.0,649.0,0.0,0.0,0.0,0.0,0.0,1
440000.0,2,2,2,28,1,2,2,0,0,0,209176.0,215231.0,204369.0,186201.0,183518.0,148169.0,11000.0,54.0,7530.0,7648.0,6310.0,3312.0,1
200000.0,2,1,2,40,2,2,0,0,0,2,185696.0,181236.0,185410.0,189069.0,197736.0,183299.0,0.0,8600.0,8300.0,13257.0,917.0,7000.0,1
50000.0,1,2,1,40,0,0,0,0,0,0,31852.0,28526.0,60032.0,25443.0,19600.0,19405.0,1600.0,2018.0,1500.0,1000.0,1500.0,1000.0,1
60000.0,2,2,2,24,1,-1,3,2,0,-1,0.0,948.0,948.0,632.0,316.0,316.0,948.0,0.0,0.0,0.0,316.0,782.0,1
360000.0,2,2,2,37,-1,-1,-1,-1,-1,-1,333.0,333.0,5043.0,333.0,0.0,333.0,333.0,5043.0,333.0,0.0,333.0,210.0,1
310000.0,2,1,1,33,-2,-2,-2,-2,-2,-2,115.0,894.0,0.0,0.0,0.0,0.0,894.0,0.0,0.0,0.0,0.0,0.0,1
50000.0,2,2,1,30,2,2,0,0,0,0,29826.0,29068.0,29778.0,30370.0,31003.0,32291.0,0.0,1496.0,1088.0,1123.0,1800.0,2200.0,1
70000.0,2,2,1,31,-1,0,0,0,2,2,6895.0,16381.0,18715.0,22630.0,22276.0,13564.0,10000.0,3000.0,4100.0,0.0,1000.0,0.0,1
70000.0,2,2,1,42,2,2,2,2,2,2,50886.0,51975.0,52527.0,53560.0,54653.0,55797.0,2200.0,2000.0,2500.0,2100.0,2200.0,2100.0,1
160000.0,2,3,1,33,-1,2,-1,-1,-2,-2,2364.0,1095.0,2190.0,0.0,0.0,0.0,0.0,2190.0,0.0,0.0,0.0,0.0,1
30000.0,2,2,2,28,-1,-1,-2,-1,-1,-2,1743.0,0.0,0.0,2779.0,0.0,0.0,0.0,0.0,2779.0,0.0,0.0,0.0,1
60000.0,1,2,1,35,0,0,0,2,2,2,10560.0,11312.0,13050.0,12578.0,14008.0,13179.0,1200.0,1900.0,0.0,1600.0,0.0,500.0,1
340000.0,2,1,1,49,1,-2,-2,-1,-1,-1,-11.0,-11.0,-11.0,2894.0,0.0,530.0,0.0,0.0,2905.0,0.0,530.0,0.0,1
100000.0,2,2,2,24,3,2,2,2,2,2,85016.0,86918.0,88624.0,89576.0,90614.0,89046.0,4200.0,4000.0,3300.0,3400.0,0.0,7000.0,1
20000.0,1,2,2,22,1,3,2,2,0,0,6792.0,6540.0,7278.0,7013.0,7398.0,8775.0,0.0,1000.0,0.0,500.0,1500.0,0.0,1
50000.0,1,2,1,25,1,-1,0,0,0,0,-8.0,37230.0,10496.0,3614.0,2254.0,1494.0,18631.0,1000.0,0.0,0.0,0.0,0.0,1
70000.0,1,2,1,34,0,0,0,0,0,0,66977.0,68904.0,68863.0,33809.0,34764.0,36989.0,3013.0,2627.0,1210.0,1500.0,3000.0,2000.0,1
50000.0,1,1,2,25,-1,3,2,0,0,-1,1304.0,978.0,652.0,326.0,0.0,1454.0,0.0,0.0,0.0,0.0,1454.0,0.0,1
30000.0,1,3,1,55,2,2,7,7,7,7,2395.0,2395.0,2395.0,2395.0,2395.0,2395.0,0.0,0.0,0.0,0.0,0.0,0.0,1
200000.0,2,2,2,30,6,5,4,3,2,0,71310.0,69676.0,67976.0,68468.0,67439.0,56163.0,0.0,0.0,2000.0,0.0,1925.0,1130.0,1
400000.0,2,1,1,28,0,0,-2,-2,-1,-1,181178.0,86663.0,62200.0,38000.0,150.0,193.0,4000.0,2000.0,1000.0,150.0,193.0,3690.0,1
80000.0,1,1,2,33,0,0,0,0,0,0,73983.0,75454.0,77738.0,77235.0,76835.0,34751.0,3300.0,4100.0,2000.0,0.0,0.0,0.0,1
170000.0,1,1,2,28,-2,-2,-2,-2,-2,-2,0.0,0.0,0.0,0.0,0.0,0.0,0.0,0.0,0.0,0.0,0.0,0.0,1
320000.0,2,2,2,26,1,3,2,2,2,0,303926.0,305625.0,299382.0,316898.0,310361.0,312581.0,8100.0,0.0,24100.0,0.0,11700.0,12000.0,1
500000.0,1,2,1,42,1,-1,2,2,0,0,-984.0,3516.0,1924.0,1924.0,8924.0,6729.0,4500.0,0.0,0.0,7000.0,36.0,532.0,1
90000.0,1,2,1,39,0,0,0,0,0,0,88081.0,83960.0,84963.0,56089.0,57355.0,58394.0,3244.0,2600.0,2037.0,2200.0,2110.0,7000.0,1
50000.0,1,3,2,23,-1,-1,2,0,0,-2,1789.0,4249.0,4038.0,5275.0,0.0,0.0,2500.0,0.0,1500.0,0.0,0.0,0.0,1
30000.0,2,3,1,54,2,2,2,0,0,2,23498.0,26400.0,25682.0,26155.0,27972.0,27374.0,3600.0,0.0,1200.0,2400.0,0.0,2300.0,1
30000.0,1,3,1,48,0,0,0,2,2,3,19650.0,20817.0,23860.0,24372.0,25776.0,25088.0,1500.0,3400.0,1200.0,2100.0,0.0,0.0,1
50000.0,1,2,2,39,0,0,0,0,-1,-1,48803.0,48808.0,20131.0,19940.0,390.0,540.0,1487.0,1200.0,399.0,390.0,540.0,390.0,1
80000.0,1,1,2,28,-2,-2,-2,-2,-2,-2,8598.0,9467.0,-270.0,3697.0,9455.0,4144.0,9467.0,0.0,3967.0,9455.0,5000.0,2900.0,1
300000.0,2,1,2,29,-2,-2,-2,-2,-2,-2,1049.0,205.0,4962.0,13634.0,41510.0,-1087.0,205.0,4962.0,13634.0,41510.0,0.0,3940.0,1
90000.0,2,4,2,25,-1,-1,-1,-1,-2,-2,1407.0,4989.0,998.0,0.0,0.0,0.0,5000.0,998.0,0.0,0.0,0.0,0.0,1
160000.0,2,2,2,28,3,2,2,2,2,2,110819.0,107629.0,113902.0,115543.0,118353.0,116298.0,0.0,9600.0,5000.0,4800.0,0.0,3900.0,1
20000.0,2,2,2,23,0,0,3,2,0,0,14418.0,18829.0,18248.0,17657.0,18007.0,18385.0,5000.0,0.0,0.0,644.0,668.0,670.0,1
420000.0,2,1,1,42,1,-2,-2,-2,-2,-2,0.0,0.0,0.0,0.0,0.0,0.0,0.0,0.0,0.0,0.0,0.0,0.0,1
20000.0,1,3,2,28,1,2,0,0,0,0,5653.0,5419.0,6365.0,6608.0,7001.0,7233.0,0.0,1200.0,350.0,500.0,500.0,300.0,1
50000.0,2,1,2,25,1,-2,-2,-2,-2,-1,0.0,0.0,0.0,0.0,0.0,550.0,0.0,0.0,0.0,0.0,550.0,0.0,1
50000.0,2,2,1,39,-1,-1,-1,-1,-1,-1,390.0,390.0,390.0,390.0,390.0,390.0,390.0,390.0,390.0,390.0,390.0,390.0,1
240000.0,2,2,2,27,1,-2,-2,-2,-2,-2,0.0,0.0,0.0,0.0,0.0,0.0,0.0,0.0,0.0,0.0,0.0,0.0,1
20000.0,2,3,2,22,2,2,0,0,0,2,16381.0,13837.0,14907.0,15853.0,17776.0,17352.0,0.0,1600.0,1500.0,2500.0,0.0,1000.0,1
20000.0,1,2,2,34,1,-2,-2,-2,-2,-1,0.0,0.0,0.0,0.0,0.0,8081.0,0.0,0.0,0.0,0.0,8081.0,0.0,1
240000.0,2,3,1,38,0,0,2,0,0,0,107148.0,113396.0,110084.0,112272.0,114779.0,116920.0,9500.0,0.0,4019.0,4317.0,4204.0,4314.0,1
30000.0,2,3,1,58,1,2,2,2,3,2,24921.0,26225.0,25502.0,28588.0,27616.0,27903.0,2000.0,0.0,3509.0,0.0,1128.0,0.0,1
50000.0,2,2,1,37,2,2,2,2,2,3,19068.0,19947.0,21124.0,21480.0,22822.0,22171.0,1500.0,1800.0,1000.0,2000.0,0.0,1000.0,1
90000.0,2,2,1,41,1,1,-2,-2,-2,-2,28636.0,-2364.0,-2364.0,-2364.0,-2364.0,-2364.0,0.0,0.0,0.0,0.0,0.0,0.0,1
20000.0,2,2,2,30,1,2,0,0,0,0,20128.0,17842.0,18979.0,7886.0,19786.0,20025.0,0.0,7027.0,1000.0,19000.0,6000.0,1000.0,1
120000.0,1,2,2,51,2,2,0,0,0,0,137965.0,128953.0,126516.0,123530.0,95921.0,88090.0,0.0,4940.0,4806.0,4107.0,4026.0,85750.0,1
140000.0,2,2,2,23,2,0,0,0,0,0,25621.0,26805.0,27763.0,28342.0,29123.0,29930.0,1600.0,1500.0,1000.0,1200.0,1250.0,1200.0,1
20000.0,2,2,1,46,2,0,0,0,0,0,5437.0,6602.0,7622.0,8479.0,8647.0,8829.0,1264.0,1284.0,1141.0,309.0,321.0,322.0,1
10000.0,1,1,2,23,2,2,3,3,3,3,1050.0,1050.0,1050.0,1050.0,1050.0,1050.0,0.0,0.0,0.0,0.0,0.0,0.0,1
50000.0,2,2,2,29,2,2,2,0,0,0,8281.0,8998.0,9695.0,11521.0,12331.0,13125.0,1000.0,1000.0,2000.0,1000.0,1000.0,1000.0,1
140000.0,1,3,1,45,2,2,2,2,2,2,134073.0,130521.0,137328.0,136280.0,136247.0,134089.0,0.0,10707.0,5014.0,5091.0,4608.0,42.0,1
10000.0,1,2,2,28,-1,2,-1,2,3,2,619.0,619.0,8642.0,9151.0,8023.0,5475.0,0.0,8642.0,800.0,107.0,200.0,0.0,1
80000.0,2,2,1,38,2,0,0,0,2,0,62622.0,54613.0,43232.0,32361.0,22382.0,20509.0,3208.0,1964.0,3428.0,7.0,1000.0,2900.0,1
80000.0,1,2,1,39,2,0,0,0,0,0,59999.0,61205.0,62620.0,63870.0,64114.0,65932.0,2800.0,3000.0,2901.0,2500.0,3000.0,5202.0,1
70000.0,2,1,2,50,0,0,0,0,0,0,64315.0,58564.0,56741.0,25172.0,29186.0,25430.0,3000.0,10032.0,8000.0,5139.0,1000.0,1000.0,1
10000.0,1,3,2,41,2,2,2,0,0,2,3983.0,4764.0,5528.0,7420.0,8298.0,8019.0,1000.0,1000.0,2000.0,1000.0,0.0,1390.0,1
300000.0,2,3,1,32,-2,-2,-2,-2,-2,-2,0.0,0.0,0.0,0.0,0.0,0.0,0.0,0.0,0.0,0.0,0.0,0.0,1
80000.0,1,3,2,28,1,2,2,0,0,0,38151.0,39227.0,38318.0,42614.0,86966.0,41950.0,2000.0,0.0,5000.0,1500.0,1500.0,7000.0,1
150000.0,2,1,1,36,-1,0,0,0,0,2,123160.0,134948.0,130982.0,125296.0,122664.0,112055.0,20000.0,6100.0,4000.0,5500.0,3002.0,7000.0,1
50000.0,2,2,2,54,0,0,0,0,0,0,4625.0,4832.0,10010.0,9357.0,8714.0,9733.0,1121.0,6135.0,308.0,316.0,2000.0,500.0,1
190000.0,1,2,1,39,2,2,2,2,0,0,166611.0,170196.0,172122.0,167858.0,171192.0,174937.0,7820.0,6100.0,0.0,6127.0,6503.0,6500.0,1
90000.0,1,3,2,25,1,3,2,2,2,2,25179.0,24496.0,23325.0,24336.0,24817.0,25338.0,0.0,0.0,1405.0,886.0,919.0,1104.0,1
70000.0,2,3,2,31,2,0,0,0,0,0,68174.0,68973.0,69835.0,66216.0,30000.0,30096.0,3200.0,3013.0,2141.0,1200.0,1300.0,1300.0,1
210000.0,1,2,1,34,3,2,2,2,2,2,2500.0,2500.0,2500.0,2500.0,2500.0,2500.0,0.0,0.0,0.0,0.0,0.0,0.0,1
280000.0,1,1,2,29,-1,2,-1,-1,-1,0,7712.0,1171.0,1599.0,436.0,47613.0,31987.0,0.0,2013.0,436.0,47613.0,1472.0,2275.0,1
380000.0,1,2,1,50,0,0,0,0,0,0,385662.0,294826.0,220022.0,154283.0,35270.0,332270.0,12020.0,9009.0,6109.0,3000.0,332000.0,12000.0,1
50000.0,1,2,1,49,0,0,0,0,0,0,33346.0,33536.0,34923.0,37192.0,39341.0,27561.0,2000.0,3500.0,3000.0,3000.0,5000.0,5000.0,1
80000.0,1,3,1,45,0,0,2,0,0,0,8133.0,10978.0,10511.0,11529.0,12332.0,13128.0,3000.0,0.0,1200.0,1000.0,1000.0,1000.0,1
30000.0,1,2,2,26,1,2,2,2,2,2,17989.0,17417.0,19807.0,20186.0,19725.0,22225.0,0.0,3000.0,1000.0,0.0,3000.0,0.0,1
20000.0,1,2,1,34,2,-1,0,0,0,0,390.0,18864.0,19499.0,19780.0,780.0,0.0,18864.0,1329.0,1000.0,0.0,0.0,0.0,1
50000.0,2,2,1,41,1,2,2,2,0,0,23165.0,21974.0,20544.0,17210.0,15754.0,10860.0,2000.0,2101.0,0.0,2201.0,1000.0,0.0,1
200000.0,1,2,1,31,7,6,5,4,3,2,254266.0,240966.0,228663.0,217600.0,208432.0,200057.0,0.0,328.0,0.0,0.0,600.0,2500.0,1
130000.0,2,2,1,34,2,2,2,2,2,2,28967.0,30776.0,33071.0,32336.0,34186.0,34588.0,2500.0,3000.0,0.0,2600.0,1000.0,1500.0,1
160000.0,2,1,2,31,-1,2,-1,-1,-1,-1,1494.0,696.0,1395.0,898.0,894.0,2198.0,2.0,1399.0,903.0,896.0,2204.0,786.0,1
190000.0,1,2,2,34,2,0,0,0,2,2,129801.0,131383.0,134379.0,142323.0,140120.0,150052.0,5000.0,5000.0,10000.0,0.0,12118.0,2769.0,1
50000.0,2,2,1,30,0,0,0,0,-2,-2,34811.0,30753.0,6680.0,0.0,0.0,0.0,2000.0,1000.0,0.0,0.0,0.0,0.0,1
70000.0,1,3,2,38,0,0,0,0,0,0,68370.0,69911.0,69970.0,57118.0,27510.0,27176.0,2682.0,2563.0,1568.0,970.0,1000.0,2000.0,1
20000.0,2,2,1,46,0,0,0,0,0,3,16294.0,17327.0,18335.0,18935.0,20624.0,20702.0,1600.0,1600.0,1200.0,2600.0,700.0,0.0,1
20000.0,1,2,2,52,0,0,0,0,0,0,19626.0,20002.0,19916.0,18970.0,19790.0,18990.0,1311.0,3005.0,2000.0,2000.0,5000.0,0.0,1
100000.0,1,1,2,31,2,2,2,2,2,2,33752.0,32928.0,35572.0,34700.0,36942.0,36196.0,0.0,3200.0,0.0,2800.0,0.0,1511.0,1
130000.0,2,1,2,33,2,2,-2,-2,-2,-2,1022.0,0.0,0.0,0.0,0.0,0.0,0.0,0.0,0.0,0.0,0.0,0.0,1
220000.0,1,2,2,30,-1,-1,2,-1,2,2,776.0,1552.0,776.0,221876.0,223986.0,204957.0,1552.0,0.0,221876.0,7500.0,4.0,10000.0,1
20000.0,2,2,2,24,2,3,2,2,2,2,12764.0,12267.0,13266.0,12756.0,13801.0,13439.0,0.0,1500.0,0.0,1259.0,0.0,1200.0,1
40000.0,1,1,1,46,-1,2,2,-1,0,0,780.0,390.0,0.0,1170.0,780.0,0.0,0.0,0.0,1170.0,0.0,0.0,0.0,1
30000.0,2,3,2,59,2,2,2,2,2,2,21767.0,24764.0,24031.0,25001.0,24531.0,21743.0,3363.0,0.0,1600.0,0.0,2000.0,0.0,1
320000.0,2,2,1,42,-1,-1,-2,-2,-2,-2,8144.0,0.0,0.0,0.0,0.0,0.0,0.0,0.0,0.0,0.0,0.0,0.0,1
20000.0,2,2,2,42,2,2,2,2,2,2,18155.0,17595.0,19355.0,19554.0,19795.0,19342.0,0.0,2344.0,800.0,683.0,0.0,1500.0,1
360000.0,2,1,1,37,-2,-2,-2,-2,-2,-2,0.0,0.0,0.0,0.0,0.0,0.0,0.0,0.0,0.0,0.0,0.0,0.0,1
60000.0,2,2,2,28,1,-1,-1,2,-1,-1,0.0,1672.0,836.0,836.0,780.0,390.0,1672.0,836.0,0.0,780.0,390.0,0.0,1
250000.0,2,2,2,36,0,-1,-1,0,0,0,6220.0,27217.0,6149.0,26202.0,6906.0,3855.0,27225.0,6159.0,25846.0,0.0,3855.0,3876.0,1
280000.0,2,4,1,44,-2,-2,-2,-2,-2,-2,5374.0,12360.0,20721.0,0.0,0.0,17131.0,12360.0,20721.0,0.0,0.0,17131.0,2681.0,1
50000.0,2,2,2,23,3,2,2,2,0,0,22613.0,21957.0,24482.0,24693.0,25283.0,27367.0,0.0,3200.0,910.0,1000.0,2500.0,0.0,1
20000.0,2,2,3,44,3,2,2,7,7,7,2400.0,2400.0,2400.0,2400.0,2400.0,2400.0,0.0,0.0,0.0,0.0,0.0,0.0,1
170000.0,2,3,2,44,1,-1,-1,-1,-1,-2,0.0,4142.0,2260.0,5053.0,0.0,0.0,4142.0,2260.0,5053.0,0.0,0.0,0.0,1
360000.0,2,1,1,52,-2,-2,-2,-1,-1,-2,-3.0,-3.0,-3.0,1000.0,0.0,0.0,0.0,0.0,1003.0,0.0,0.0,0.0,1
180000.0,2,3,1,39,2,2,2,2,2,0,10159.0,12689.0,12183.0,13979.0,13621.0,14809.0,2710.0,0.0,2000.0,0.0,2000.0,2000.0,1
160000.0,1,2,1,35,2,2,2,0,0,0,155327.0,159293.0,154957.0,157788.0,160282.0,100213.0,8000.0,0.0,7300.0,7000.0,4400.0,1200.0,1
50000.0,2,2,2,23,0,0,-1,-1,2,0,16621.0,8044.0,917.0,18353.0,35836.0,18320.0,1037.0,917.0,18436.0,0.0,699.0,580.0,1
240000.0,1,2,1,38,2,-1,-1,0,0,-1,6848.0,836.0,2508.0,1672.0,836.0,563.0,836.0,2508.0,0.0,0.0,563.0,1090.0,1
290000.0,1,1,2,31,2,0,0,0,0,0,45021.0,44702.0,35181.0,28847.0,28131.0,3016.0,2700.0,1707.0,1800.0,0.0,0.0,2411.0,1
50000.0,2,2,2,36,2,0,0,0,0,0,39125.0,40169.0,41461.0,36901.0,18499.0,18244.0,2000.0,2000.0,2090.0,1000.0,648.0,2000.0,1
160000.0,2,2,1,30,2,2,0,0,0,0,164082.0,157663.0,159094.0,132809.0,100693.0,97181.0,17.0,7342.0,3675.0,2910.0,3904.0,2900.0,1
50000.0,2,2,1,31,0,0,0,0,0,0,46512.0,47716.0,49675.0,30929.0,30078.0,29170.0,1974.0,4406.0,1061.0,1073.0,1046.0,1047.0,1
450000.0,1,1,2,36,-1,-1,-2,-2,-2,-2,2500.0,0.0,0.0,0.0,0.0,0.0,0.0,0.0,0.0,0.0,0.0,0.0,1
170000.0,1,2,1,57,-1,-1,-1,-1,0,-1,792.0,-2604.0,396.0,792.0,396.0,396.0,0.0,3396.0,792.0,0.0,396.0,396.0,1
210000.0,1,2,2,25,2,0,0,0,2,0,7474.0,8625.0,3511.0,4950.0,4727.0,5494.0,1500.0,1500.0,1500.0,0.0,1000.0,1000.0,1
290000.0,1,1,1,38,2,2,0,0,0,0,324016.0,294976.0,297386.0,243558.0,241765.0,236413.0,0.0,12139.0,80000.0,10000.0,8443.0,10000.0,1
50000.0,1,2,1,29,1,2,0,0,0,2,23451.0,22781.0,24108.0,25203.0,26681.0,26117.0,0.0,2000.0,1800.0,2200.0,0.0,2250.0,1
40000.0,2,1,2,27,0,0,0,2,2,2,37005.0,38084.0,41156.0,39986.0,40465.0,36745.0,2000.0,4000.0,0.0,1000.0,0.0,0.0,1
140000.0,1,2,1,28,0,0,0,0,0,0,110384.0,106389.0,97978.0,98857.0,101264.0,103524.0,3729.0,3539.0,3538.0,4000.0,4097.0,3631.0,1
70000.0,1,1,2,29,1,2,0,0,0,0,71267.0,67401.0,63239.0,23163.0,41106.0,42021.0,5.0,2910.0,1000.0,20000.0,1600.0,2000.0,1
50000.0,2,2,1,23,0,0,0,0,0,0,5215.0,6232.0,7251.0,8326.0,9184.0,10031.0,1106.0,1125.0,1200.0,1000.0,1000.0,1000.0,1
140000.0,2,2,1,44,0,0,-2,-2,-2,-2,110575.0,0.0,0.0,0.0,0.0,0.0,0.0,0.0,0.0,0.0,0.0,0.0,1
180000.0,1,1,1,46,0,0,0,0,-2,-2,160580.0,171644.0,184650.0,0.0,0.0,0.0,13714.0,16500.0,0.0,0.0,0.0,0.0,1
210000.0,1,3,1,44,1,2,2,-2,-2,-2,19131.0,18447.0,0.0,0.0,0.0,0.0,0.0,0.0,0.0,0.0,0.0,0.0,1
140000.0,2,2,2,25,0,0,-1,-1,-1,0,140286.0,143649.0,435.0,556.0,92556.0,94567.0,6500.0,436.0,621.0,94500.0,3500.0,3500.0,1
50000.0,2,1,1,57,1,2,0,0,0,2,45608.0,44619.0,44856.0,32461.0,49916.0,29117.0,0.0,1600.0,871.0,30347.0,0.0,0.0,1
80000.0,2,1,2,23,1,2,2,0,0,0,80457.0,82885.0,80495.0,78027.0,30052.0,30373.0,4350.0,0.0,2350.0,1048.0,1077.0,1154.0,1
150000.0,2,2,1,42,1,-2,-2,-1,-1,-1,0.0,0.0,0.0,11068.0,0.0,189.0,0.0,0.0,11068.0,0.0,189.0,3307.0,1
360000.0,2,2,1,35,0,-1,-1,-1,-1,-1,106010.0,24892.0,10772.0,21847.0,21835.0,9255.0,24976.0,10786.0,21916.0,21904.0,9261.0,22127.0,1
200000.0,1,3,2,61,0,0,-1,-1,-1,-1,3030.0,7277.0,6655.0,3455.0,0.0,1930.0,7007.0,6655.0,3455.0,0.0,1930.0,5450.0,1
140000.0,1,2,2,30,-1,-1,-1,-1,-1,-1,326.0,326.0,326.0,326.0,326.0,326.0,326.0,326.0,326.0,326.0,326.0,326.0,1
50000.0,2,3,1,48,1,2,0,0,0,0,49621.0,46863.0,46153.0,45284.0,23653.0,20733.0,0.0,2010.0,1807.0,812.0,743.0,844.0,1
90000.0,2,2,1,34,2,0,0,0,-1,0,49530.0,18717.0,3053.0,3537.0,46816.0,47398.0,1449.0,1213.0,1087.0,47698.0,1740.0,1888.0,1
50000.0,1,3,1,23,0,0,0,0,0,0,43087.0,44468.0,46653.0,43143.0,19003.0,-317.0,2100.0,3260.0,1200.0,1000.0,0.0,16628.0,1
90000.0,2,2,2,26,2,2,2,2,0,0,88103.0,90951.0,92226.0,89817.0,87296.0,89130.0,8300.0,3600.0,0.0,3300.0,3400.0,4000.0,1
290000.0,1,2,1,42,-2,-2,-2,-2,-1,-1,0.0,0.0,0.0,0.0,1855.0,3940.0,0.0,0.0,0.0,1855.0,3940.0,2490.0,1
20000.0,1,2,1,48,1,4,3,2,3,2,17453.0,16898.0,16334.0,17270.0,16713.0,16297.0,0.0,0.0,1500.0,0.0,0.0,3000.0,1
400000.0,2,2,2,41,-2,-2,-2,-2,-2,-2,43672.0,678.0,330.0,330.0,330.0,330.0,678.0,330.0,330.0,330.0,330.0,330.0,1
230000.0,2,2,1,44,-1,-1,-1,-1,-1,-1,5630.0,390.0,5090.0,19394.0,205.0,0.0,390.0,5090.0,19394.0,0.0,3916.0,3916.0,1
60000.0,2,2,1,32,1,2,0,0,0,0,61291.0,57946.0,59534.0,60615.0,30592.0,28656.0,0.0,3120.0,3050.0,1136.0,1200.0,1206.0,1
30000.0,2,3,3,26,1,2,0,0,0,0,30698.0,29034.0,28317.0,27872.0,28456.0,28230.0,0.0,1442.0,986.0,1021.0,1015.0,1143.0,1
240000.0,2,2,1,40,-2,-2,-2,-2,-2,-2,0.0,0.0,0.0,0.0,0.0,1306.0,0.0,0.0,0.0,0.0,1306.0,0.0,1
10000.0,1,3,3,22,0,0,0,0,0,0,9473.0,9661.0,9001.0,9768.0,9233.0,9154.0,1288.0,1400.0,1200.0,300.0,800.0,500.0,1
80000.0,2,2,2,24,0,0,0,0,0,2,9933.0,11111.0,9998.0,8950.0,9415.0,5700.0,1370.0,1233.0,261.0,549.0,400.0,0.0,1
550000.0,1,1,1,49,-1,-1,-1,-1,-1,-2,42141.0,1515.0,1488.0,18334.0,-114.0,-114.0,1522.0,1495.0,18426.0,0.0,0.0,22670.0,1
10000.0,2,3,1,49,-1,2,2,-2,-2,-2,1409.0,864.0,0.0,0.0,0.0,0.0,0.0,0.0,0.0,0.0,0.0,0.0,1
60000.0,2,2,2,48,2,3,2,3,2,2,60717.0,59183.0,62075.0,60501.0,61808.0,60668.0,0.0,4500.0,0.0,2400.0,0.0,2200.0,1
100000.0,2,2,1,30,2,2,2,2,2,2,29778.0,30678.0,31154.0,31625.0,31059.0,33123.0,1600.0,1200.0,1200.0,0.0,2500.0,1300.0,1
50000.0,1,2,2,31,0,0,0,0,0,0,20526.0,15129.0,15093.0,9577.0,11139.0,12487.0,2000.0,3000.0,327.0,3000.0,3000.0,5000.0,1
200000.0,1,1,2,31,1,2,2,3,2,2,182307.0,186128.0,197509.0,193046.0,194368.0,182903.0,8300.0,15900.0,200.0,6100.0,7000.0,0.0,1
280000.0,1,1,2,33,-1,-1,-1,-1,-1,-1,898.0,898.0,325.0,898.0,325.0,-339603.0,898.0,325.0,898.0,325.0,0.0,345293.0,1
50000.0,2,2,1,53,0,0,0,0,-1,2,46940.0,48372.0,48184.0,3736.0,2003.0,380.0,2188.0,1000.0,75.0,2003.0,0.0,0.0,1
200000.0,1,1,1,44,-1,2,2,-2,-2,-2,655.0,265.0,-125.0,-515.0,-905.0,-905.0,0.0,0.0,0.0,0.0,0.0,0.0,1
20000.0,1,2,2,24,2,2,2,0,0,2,14195.0,15166.0,14638.0,15582.0,17809.0,17385.0,1500.0,0.0,1500.0,2500.0,0.0,1500.0,1
340000.0,1,2,1,43,1,-2,-2,-2,-2,-2,-15.0,-15.0,-15.0,-15.0,-15.0,-15.0,0.0,0.0,0.0,0.0,0.0,0.0,1
90000.0,2,2,2,36,1,-2,-2,-2,-2,-2,0.0,0.0,0.0,0.0,0.0,0.0,0.0,0.0,0.0,0.0,0.0,3500.0,1
30000.0,1,2,1,37,2,2,2,2,2,2,19177.0,20054.0,20930.0,21291.0,20651.0,22110.0,1500.0,1500.0,1000.0,0.0,1801.0,1000.0,1
50000.0,1,2,2,32,1,2,2,0,0,0,48793.0,50194.0,49101.0,47549.0,48817.0,45928.0,2500.0,0.0,1800.0,2000.0,2000.0,2000.0,1
30000.0,2,2,1,54,0,0,0,0,0,0,38866.0,29432.0,33364.0,30149.0,27028.0,29261.0,2000.0,4501.0,2396.0,4000.0,3076.0,1068.0,1
20000.0,2,2,1,50,7,6,5,4,3,2,22858.0,22246.0,21623.0,21000.0,20388.0,19915.0,0.0,0.0,0.0,0.0,0.0,994.0,1
50000.0,1,1,2,28,3,2,2,0,0,0,49828.0,50467.0,48964.0,49447.0,44067.0,44760.0,2121.0,0.0,2000.0,2000.0,2000.0,2000.0,1
40000.0,1,1,1,28,-1,-1,2,-1,-1,-1,10371.0,11895.0,11228.0,2475.0,5341.0,6255.0,2567.0,0.0,2475.0,5341.0,1500.0,0.0,1
290000.0,2,2,1,48,1,2,0,0,0,0,292907.0,285272.0,288543.0,209443.0,132211.0,133946.0,0.0,14000.0,9000.0,5000.0,5000.0,5000.0,1
50000.0,2,1,2,27,1,2,2,2,2,2,36794.0,35922.0,39319.0,38387.0,42764.0,41926.0,0.0,4000.0,0.0,5000.0,0.0,5000.0,1
30000.0,2,2,2,26,2,2,2,2,2,2,25615.0,29849.0,31034.0,28071.0,29978.0,29365.0,5000.0,2000.0,0.0,2500.0,0.0,600.0,1
100000.0,2,2,1,38,2,2,0,0,0,0,50721.0,49635.0,50509.0,51666.0,52834.0,54955.0,0.0,2000.0,2000.0,2000.0,3000.0,3000.0,1
70000.0,1,1,2,27,0,0,2,4,3,3,51923.0,55699.0,61285.0,59727.0,60669.0,59442.0,5265.0,7064.0,0.0,2500.0,0.0,0.0,1
30000.0,2,2,1,29,-1,-1,-1,-1,0,0,419.0,1173.0,1370.0,880.0,780.0,0.0,1173.0,1370.0,880.0,500.0,0.0,1500.0,1
260000.0,2,2,2,32,0,0,0,0,0,0,251330.0,256988.0,234260.0,227884.0,202178.0,198467.0,10000.0,9014.0,11002.0,7503.0,7502.0,7500.0,1
20000.0,1,2,2,24,2,2,4,4,4,4,1650.0,1650.0,1650.0,1650.0,1650.0,1650.0,0.0,0.0,0.0,0.0,0.0,0.0,1
170000.0,1,1,1,44,1,2,0,0,0,0,84947.0,78724.0,68387.0,51511.0,33939.0,34330.0,2000.0,2000.0,3057.0,2000.0,5000.0,2000.0,1
140000.0,1,1,2,36,0,0,0,0,0,0,74177.0,65336.0,53578.0,49288.0,43870.0,44854.0,4000.0,3500.0,2000.0,2500.0,1800.0,2000.0,1
80000.0,1,2,2,30,-1,-1,-1,-1,-1,-2,2688.0,2208.0,0.0,1000.0,0.0,0.0,2208.0,0.0,1000.0,0.0,0.0,0.0,1
300000.0,2,1,1,47,-1,-1,-1,-1,-1,-1,514.0,2392.0,148.0,148.0,148.0,0.0,2392.0,148.0,148.0,148.0,0.0,747.0,1
280000.0,1,2,2,38,2,2,2,2,0,0,163675.0,168581.0,170775.0,166749.0,168739.0,166757.0,9000.0,6000.0,5.0,5858.0,5741.0,5608.0,1
50000.0,2,2,1,33,1,2,0,0,-2,-2,7642.0,3273.0,4166.0,0.0,0.0,0.0,0.0,1000.0,0.0,0.0,0.0,0.0,1
140000.0,2,2,2,49,-2,-2,-2,-2,-2,-2,1282.0,367.0,0.0,3794.0,0.0,865.0,367.0,0.0,3794.0,0.0,865.0,825.0,1
240000.0,2,2,1,35,-1,2,-1,-1,-1,-1,528.0,264.0,264.0,264.0,264.0,414.0,0.0,264.0,264.0,264.0,414.0,264.0,1
100000.0,1,3,1,56,-1,-1,-1,-1,-1,-2,390.0,390.0,0.0,780.0,0.0,0.0,390.0,0.0,780.0,0.0,0.0,0.0,1
360000.0,1,1,1,46,0,0,0,0,0,0,14591.0,14828.0,14250.0,13780.0,15077.0,14009.0,3005.0,3024.0,4004.0,4008.0,3008.0,2024.0,1
60000.0,1,2,2,29,2,2,2,2,2,2,35932.0,35060.0,38176.0,38452.0,39423.0,38660.0,0.0,4000.0,1200.0,1900.0,0.0,2900.0,1
200000.0,1,1,1,43,1,2,0,0,0,0,203393.0,198272.0,120005.0,121023.0,128387.0,130960.0,0.0,5812.0,4500.0,9352.0,4700.0,5000.0,1
400000.0,2,3,2,35,-2,-2,-2,-2,-2,-2,1432.0,8125.0,7017.0,10525.0,13295.0,11024.0,8132.0,7018.0,10542.0,13378.0,11045.0,6666.0,1
290000.0,2,1,1,33,2,0,0,2,2,2,88176.0,21956.0,24815.0,24120.0,25218.0,24855.0,1354.0,3213.0,0.0,1616.0,0.0,724.0,1
200000.0,2,2,2,26,-1,-1,2,-1,0,-1,3374.0,4053.0,2337.0,1904.0,548.0,1403.0,4053.0,0.0,1904.0,0.0,1403.0,0.0,1
90000.0,1,2,1,39,2,2,2,2,2,2,26493.0,30034.0,29268.0,31776.0,32456.0,31800.0,4000.0,0.0,3000.0,1500.0,0.0,2600.0,1
60000.0,1,2,1,41,0,0,2,-1,-1,-1,27130.0,32932.0,31938.0,1236.0,720.0,16884.0,6300.0,0.0,1236.0,720.0,17000.0,0.0,1
50000.0,1,2,1,25,0,0,2,2,2,2,21397.0,24233.0,23551.0,24848.0,26298.0,28112.0,3500.0,0.0,2000.0,2000.0,2400.0,0.0,1
50000.0,2,3,2,28,3,2,2,7,7,7,2350.0,2400.0,2400.0,2400.0,2400.0,2400.0,50.0,0.0,0.0,0.0,0.0,0.0,1
170000.0,1,2,1,49,2,2,2,2,2,2,26991.0,30090.0,18104.0,19050.0,18783.0,8042.0,4019.0,0.0,1060.0,0.0,807.0,0.0,1
50000.0,1,2,2,23,1,2,0,0,0,0,19203.0,17242.0,18245.0,18454.0,18685.0,19271.0,0.0,1299.0,807.0,678.0,897.0,800.0,1
100000.0,1,2,1,33,2,0,0,0,0,0,66393.0,67827.0,69202.0,70153.0,71468.0,72930.0,3100.0,3100.0,2700.0,2600.0,2650.0,2800.0,1
50000.0,2,2,1,30,2,0,0,-2,-2,-2,6425.0,4580.0,0.0,0.0,0.0,0.0,1050.0,0.0,0.0,0.0,0.0,0.0,1
80000.0,2,3,1,40,2,0,0,0,0,0,16413.0,12171.0,11554.0,7830.0,4305.0,5427.0,2160.0,1500.0,1218.0,311.0,1351.0,1000.0,1
60000.0,2,2,2,31,2,2,2,2,0,-1,57880.0,56355.0,59327.0,35305.0,17655.0,77775.0,0.0,4058.0,34.0,3000.0,40793.0,4952.0,1
100000.0,1,2,2,27,2,0,0,3,2,0,63004.0,66964.0,75856.0,74062.0,72756.0,76355.0,5000.0,10000.0,0.0,0.0,5000.0,5000.0,1
20000.0,1,2,1,53,0,0,2,2,2,2,16039.0,19752.0,19112.0,20223.0,18806.0,20001.0,4000.0,0.0,1382.0,0.0,3000.0,0.0,1
10000.0,1,2,1,38,0,0,2,0,0,2,6798.0,8055.0,7803.0,8623.0,9527.0,9780.0,1500.0,0.0,1100.0,1000.0,504.0,0.0,1
60000.0,2,2,2,25,0,0,0,0,0,0,7885.0,9244.0,11082.0,12133.0,16891.0,17615.0,1500.0,2000.0,1242.0,5000.0,1000.0,700.0,1
30000.0,1,3,1,59,-1,-1,-1,-1,-1,-1,390.0,390.0,390.0,390.0,390.0,1320.0,390.0,390.0,390.0,390.0,1320.0,0.0,1
130000.0,2,2,1,47,-1,-1,-1,-1,-1,-2,2317.0,29.0,2595.0,1030.0,-1121.0,-2452.0,3000.0,3000.0,1000.0,897.0,0.0,2003.0,1
50000.0,2,2,2,21,-1,-1,-1,-1,-1,-1,390.0,1499.0,780.0,797.0,1166.0,0.0,1499.0,780.0,797.0,1166.0,0.0,0.0,1
50000.0,1,2,2,27,2,0,0,0,0,0,48387.0,47637.0,48479.0,18616.0,19196.0,17906.0,2300.0,2100.0,1000.0,1000.0,1000.0,680.0,1
20000.0,2,3,1,36,0,0,2,0,0,0,14822.0,17216.0,17541.0,18300.0,19100.0,2200.0,3641.0,900.0,1200.0,1000.0,100.0,0.0,1
10000.0,1,3,2,46,3,2,2,3,3,3,1050.0,1050.0,1050.0,1050.0,1050.0,1050.0,0.0,0.0,0.0,0.0,0.0,0.0,1
20000.0,2,3,1,31,-1,5,4,3,2,0,14320.0,13815.0,13403.0,12888.0,12019.0,11500.0,0.0,86.0,0.0,0.0,435.0,480.0,1
120000.0,1,2,2,29,1,2,0,0,2,2,87376.0,85135.0,86024.0,91380.0,93263.0,95079.0,0.0,3200.0,6800.0,3500.0,3500.0,0.0,1
150000.0,2,1,1,49,-1,-1,-2,-1,-1,-1,850.0,0.0,0.0,31106.0,0.0,1505.0,0.0,0.0,31106.0,0.0,1505.0,997.0,1
180000.0,2,1,1,30,0,0,0,0,0,2,149069.0,152317.0,156282.0,161163.0,172190.0,148963.0,7500.0,8000.0,9000.0,14000.0,0.0,5500.0,1
50000.0,2,3,1,46,2,0,0,2,2,0,25706.0,25040.0,25376.0,23845.0,21691.0,20426.0,1434.0,2456.0,784.0,0.0,778.0,573.0,1
80000.0,2,3,1,30,2,2,2,2,2,2,40654.0,41687.0,42719.0,43018.0,44013.0,45058.0,2000.0,2000.0,1300.0,2000.0,1900.0,1900.0,1
230000.0,2,1,2,32,1,2,2,2,0,0,205498.0,210424.0,212979.0,207759.0,212014.0,225246.0,10000.0,7598.0,0.0,8000.0,17000.0,0.0,1
50000.0,1,2,2,26,2,2,2,2,2,2,32976.0,34154.0,33311.0,35246.0,34548.0,36910.0,2000.0,0.0,2800.0,0.0,3100.0,0.0,1
40000.0,1,3,1,50,1,2,0,-1,-1,-2,35879.0,34625.0,36757.0,20650.0,0.0,0.0,0.0,3078.0,21650.0,0.0,0.0,0.0,1
50000.0,2,3,2,41,2,2,0,0,0,0,23203.0,23534.0,24838.0,25429.0,26020.0,26541.0,1000.0,2000.0,1000.0,1000.0,955.0,1500.0,1
300000.0,2,3,1,40,-2,-2,-2,-2,-2,-2,0.0,0.0,0.0,0.0,0.0,0.0,0.0,0.0,0.0,0.0,0.0,0.0,1
110000.0,2,1,2,28,1,-1,-1,-1,0,0,-100.0,200.0,400.0,46952.0,48455.0,47324.0,500.0,400.0,46952.0,3000.0,3000.0,2000.0,1
80000.0,2,2,2,36,1,2,2,2,0,0,81606.0,154026.0,82385.0,79795.0,48999.0,48161.0,0.0,7600.0,5.0,2000.0,2000.0,2000.0,1
100000.0,2,3,1,44,0,0,0,0,0,0,41803.0,73882.0,75609.0,77265.0,78973.0,81665.0,33882.0,4000.0,4000.0,4000.0,5000.0,5900.0,1
360000.0,2,2,2,27,-2,-2,-1,0,0,0,5497.0,3300.0,512.0,2512.0,2593.0,0.0,3000.0,512.0,2000.0,2473.0,0.0,947.0,1
260000.0,1,1,1,38,-1,-1,-1,-1,-1,-1,10448.0,1199.0,6675.0,1175.0,888.0,4186.0,1211.0,6818.0,1180.0,892.0,4207.0,6175.0,1
360000.0,1,1,1,37,1,-2,-2,-2,-2,-2,0.0,0.0,0.0,0.0,0.0,0.0,0.0,0.0,0.0,0.0,0.0,0.0,1
30000.0,2,2,2,23,2,2,2,0,0,2,21034.0,27321.0,26589.0,27050.0,29446.0,28825.0,7000.0,0.0,1200.0,3000.0,0.0,2000.0,1
10000.0,2,3,1,34,0,0,0,0,-1,-1,7101.0,8131.0,9024.0,6292.0,2530.0,6727.0,1307.0,1200.0,1012.0,2530.0,6727.0,56.0,1
120000.0,1,1,1,43,1,-2,-2,-2,-2,-2,0.0,0.0,0.0,0.0,0.0,0.0,0.0,0.0,0.0,0.0,0.0,0.0,1
100000.0,2,2,2,24,1,2,0,0,0,2,7127.0,6867.0,8095.0,9296.0,10241.0,9936.0,0.0,1500.0,1500.0,1100.0,0.0,3000.0,1
20000.0,2,1,2,22,2,2,2,2,2,2,16233.0,20547.0,20542.0,19572.0,20437.0,19994.0,5383.0,660.0,0.0,1538.0,0.0,2658.0,1
50000.0,1,2,1,43,-2,-1,0,0,2,0,1040.0,4254.0,6955.0,9486.0,9191.0,12524.0,4254.0,2962.0,5191.0,0.0,3500.0,3000.0,1
110000.0,2,1,1,31,2,2,2,0,0,0,107507.0,108067.0,83164.0,79428.0,80235.0,79412.0,7960.0,0.0,3000.0,3000.0,3100.0,3000.0,1
30000.0,1,3,3,52,1,2,2,3,2,2,23819.0,23144.0,28066.0,27321.0,27571.0,29300.0,0.0,5637.0,0.0,1000.0,2332.0,0.0,1
20000.0,2,2,1,32,0,0,0,0,0,0,18377.0,18353.0,19103.0,19471.0,19225.0,19106.0,1288.0,1305.0,1277.0,656.0,1106.0,602.0,1
10000.0,1,2,2,30,0,0,0,0,0,2,8107.0,8724.0,9191.0,9800.0,10072.0,9766.0,1298.0,1155.0,1154.0,1206.0,0.0,399.0,1
170000.0,2,2,1,49,2,2,0,0,0,0,164210.0,159883.0,126712.0,87369.0,76552.0,78277.0,0.0,6400.0,3600.0,3000.0,3000.0,3100.0,1
360000.0,1,2,2,28,1,-2,-2,-2,-2,-2,0.0,0.0,0.0,0.0,0.0,0.0,0.0,0.0,0.0,0.0,0.0,0.0,1
50000.0,2,2,1,31,0,0,0,0,0,-2,47800.0,50725.0,53518.0,4199.0,0.0,0.0,3725.0,2364.0,2398.0,0.0,0.0,17324.0,1
30000.0,2,1,2,22,1,2,2,0,0,0,25229.0,25533.0,24441.0,24441.0,11255.0,0.0,1000.0,0.0,0.0,0.0,0.0,0.0,1
80000.0,2,3,1,46,2,0,0,0,-1,-1,58934.0,52253.0,34721.0,5544.0,9318.0,7298.0,2254.0,2086.0,19.0,9346.0,7319.0,1352.0,1
400000.0,1,2,1,42,0,-1,-1,0,0,-1,2984.0,3353.0,8372.0,7743.0,4984.0,3027.0,3369.0,8379.0,1074.0,124.0,3042.0,2891.0,1
90000.0,1,2,1,39,0,0,0,0,2,2,27764.0,27690.0,27593.0,25833.0,25318.0,22684.0,1500.0,1500.0,1500.0,1500.0,0.0,1755.0,1
270000.0,1,2,1,40,0,0,0,0,0,0,42598.0,44610.0,46666.0,48685.0,49574.0,50622.0,3036.0,3092.0,3111.0,2000.0,2000.0,2000.0,1
110000.0,2,2,1,41,2,2,2,2,2,2,23078.0,25883.0,25182.0,28945.0,28183.0,29869.0,3200.0,0.0,4200.0,0.0,2300.0,0.0,1
50000.0,2,2,1,40,0,0,0,0,0,0,47374.0,47517.0,42672.0,23665.0,20085.0,20263.0,2200.0,2500.0,5946.0,3000.0,7000.0,600.0,1
590000.0,2,2,1,29,-2,-2,-2,-1,0,0,0.0,0.0,0.0,1387.0,2206.0,3014.0,0.0,0.0,1387.0,1000.0,1000.0,1000.0,1
280000.0,2,1,1,49,-2,-2,-2,-2,-2,-1,4378.0,-324.0,-324.0,-324.0,-324.0,88036.0,2.0,322.0,0.0,0.0,88360.0,10045.0,1
140000.0,2,3,2,57,2,0,0,0,0,0,131795.0,134083.0,125360.0,99313.0,90623.0,92425.0,6743.0,5421.0,3926.0,3290.0,3310.0,3424.0,1
130000.0,2,2,2,25,-1,-1,-1,-1,-1,-1,1031.0,1583.0,776.0,776.0,776.0,776.0,1583.0,1000.0,776.0,776.0,776.0,12184.0,1
30000.0,2,3,1,26,3,2,2,2,2,2,8893.0,8601.0,10862.0,11485.0,11006.0,12270.0,0.0,2405.0,1100.0,0.0,1600.0,0.0,1
30000.0,1,2,1,23,2,2,2,2,2,2,28224.0,29276.0,28635.0,30127.0,30525.0,29793.0,1800.0,150.0,2250.0,1000.0,0.0,700.0,1
90000.0,1,1,2,27,-1,-1,-1,-1,-1,-1,1040.0,3953.0,6986.0,868.0,350.0,874.0,3963.0,6986.0,868.0,350.0,874.0,548.0,1
100000.0,2,1,1,40,-2,-2,-2,-2,-2,-2,1895.0,0.0,0.0,0.0,150.0,167.0,0.0,0.0,0.0,1323.0,167.0,1424.0,1
130000.0,1,2,1,37,0,0,0,2,2,2,25991.0,28053.0,30891.0,30096.0,32169.0,31520.0,2500.0,3300.0,0.0,2578.0,0.0,3225.0,1
30000.0,2,2,1,34,2,2,2,2,2,2,24014.0,25891.0,27385.0,27834.0,28241.0,28130.0,2274.0,2217.0,1200.0,1000.0,500.0,2000.0,1
100000.0,1,1,2,27,2,0,0,2,2,2,34694.0,36014.0,39321.0,39145.0,39494.0,39896.0,1900.0,4200.0,900.0,1400.0,900.0,6440.0,1
410000.0,2,1,1,38,2,2,2,0,0,0,180922.0,184241.0,176857.0,175193.0,165929.0,114527.0,7670.0,2.0,5561.0,5432.0,4546.0,5191.0,1
30000.0,2,2,1,46,1,2,2,2,2,2,27882.0,28937.0,30128.0,30548.0,31326.0,30688.0,1800.0,1980.0,1200.0,1400.0,0.0,800.0,1
90000.0,2,1,2,27,-1,-1,-1,0,0,-2,700.0,2122.0,1897.0,1190.0,0.0,0.0,2122.0,1897.0,0.0,0.0,0.0,0.0,1
460000.0,1,1,1,40,2,-1,-1,-1,-1,-1,171.0,2715.0,-13.0,2641.0,-10.0,22535.0,2728.0,0.0,2654.0,0.0,22545.0,0.0,1
240000.0,1,1,1,47,1,2,2,2,2,2,138103.0,134976.0,137251.0,144457.0,147604.0,145071.0,500.0,6000.0,11000.0,5600.0,0.0,11077.0,1
40000.0,2,2,1,38,0,0,0,2,0,0,37539.0,38132.0,41217.0,40255.0,39135.0,37235.0,2000.0,4000.0,0.0,1700.0,3000.0,0.0,1
50000.0,1,3,1,39,0,0,-2,-2,-2,-2,51400.0,0.0,0.0,0.0,0.0,0.0,0.0,0.0,0.0,0.0,0.0,0.0,1
420000.0,2,1,2,34,-1,-1,-1,-1,-1,-1,13207.0,6184.0,6692.0,1039.0,1039.0,1503.0,6222.0,9723.0,1045.0,1042.0,1509.0,9215.0,1
60000.0,2,2,1,24,0,0,0,0,0,0,62786.0,61764.0,62254.0,59586.0,33190.0,32243.0,2212.0,3100.0,2000.0,1111.0,1122.0,1208.0,1
30000.0,2,2,1,54,0,0,0,0,0,-1,33494.0,32978.0,32415.0,30324.0,31124.0,25502.0,2506.0,2430.0,1300.0,1000.0,34436.0,950.0,1
180000.0,2,2,1,34,-2,-2,-2,-2,-2,-2,10485.0,274.0,9333.0,26656.0,274.0,1624.0,274.0,9333.0,26656.0,274.0,1624.0,274.0,1
180000.0,1,2,1,45,-1,0,0,0,0,0,27679.0,28422.0,29650.0,29981.0,30419.0,31127.0,1481.0,2000.0,1100.0,1200.0,1500.0,1500.0,1
30000.0,1,1,2,24,2,0,0,0,0,0,29015.0,27080.0,25933.0,26319.0,28754.0,17491.0,1400.0,1800.0,1100.0,3000.0,500.0,1000.0,1
50000.0,2,2,2,40,0,0,0,0,0,0,50531.0,50446.0,48763.0,35038.0,27839.0,27872.0,2504.0,1815.0,2389.0,3003.0,2800.0,2504.0,1
50000.0,2,2,1,30,0,0,0,0,0,2,25422.0,26456.0,27835.0,29070.0,30891.0,54741.0,1450.0,1800.0,2000.0,2600.0,0.0,2020.0,1
150000.0,1,4,2,31,2,0,0,0,-2,-2,134866.0,136692.0,91815.0,0.0,0.0,0.0,4633.0,2000.0,0.0,0.0,0.0,0.0,1
210000.0,1,3,1,44,1,-2,-2,-2,-2,-2,0.0,0.0,0.0,0.0,0.0,0.0,0.0,0.0,0.0,0.0,0.0,0.0,1
10000.0,1,2,2,25,0,0,0,0,0,0,3684.0,4715.0,5785.0,7134.0,3535.0,4323.0,1100.0,1155.0,1500.0,1000.0,1000.0,1000.0,1
160000.0,2,2,1,51,0,0,0,2,0,0,67610.0,69908.0,78087.0,75255.0,78593.0,59816.0,4000.0,10000.0,0.0,5000.0,3000.0,3000.0,1
240000.0,2,2,1,39,4,3,2,2,2,2,47739.0,46712.0,45660.0,48905.0,47993.0,52015.0,0.0,0.0,4000.0,0.0,5000.0,2000.0,1
290000.0,1,1,2,37,2,0,0,0,0,0,131279.0,134113.0,136948.0,139674.0,142793.0,162091.0,4700.0,4800.0,4735.0,5100.0,21500.0,6000.0,1
50000.0,2,2,1,28,0,0,0,0,0,0,45797.0,47226.0,48065.0,49158.0,50646.0,12927.0,2500.0,1900.0,1898.0,2386.0,629.0,792.0,1
210000.0,2,2,1,36,1,2,0,0,0,0,167970.0,161852.0,163600.0,162303.0,162799.0,161912.0,0.0,8000.0,8000.0,6000.0,6000.0,6000.0,1
50000.0,1,2,2,22,0,0,0,-1,-1,0,49334.0,48237.0,49496.0,10353.0,4337.0,15017.0,5000.0,2510.0,10371.0,16533.0,11017.0,698.0,1
50000.0,1,2,2,24,-1,-1,-1,-1,-1,0,390.0,390.0,390.0,390.0,780.0,390.0,390.0,390.0,390.0,780.0,0.0,390.0,1
30000.0,1,2,2,32,2,0,0,2,2,2,7851.0,9065.0,11595.0,11112.0,12923.0,12566.0,1500.0,3000.0,0.0,2000.0,0.0,1000.0,1
320000.0,2,1,2,27,1,2,2,2,2,2,43243.0,42537.0,41370.0,40694.0,39606.0,38680.0,2000.0,1500.0,2000.0,1500.0,1500.0,0.0,1
80000.0,2,2,1,24,2,2,-1,0,0,0,3177.0,-13.0,4229.0,4161.0,4042.0,6807.0,0.0,4242.0,1032.0,1000.0,2812.0,2248.0,1
130000.0,2,3,2,23,2,-1,0,0,0,0,1330.0,5719.0,15578.0,19887.0,11659.0,11735.0,5719.0,10000.0,5000.0,2000.0,2000.0,2000.0,1
50000.0,1,2,1,58,2,2,2,2,0,0,8728.0,10726.0,11257.0,11772.0,12574.0,13369.0,2152.0,1000.0,1000.0,1000.0,1000.0,1000.0,1
130000.0,1,2,2,31,0,0,2,0,-1,-1,48628.0,52379.0,31247.0,40047.0,12450.0,2294.0,5207.0,0.0,9000.0,12450.0,2294.0,0.0,1
80000.0,2,2,1,49,0,0,0,0,0,0,79545.0,80932.0,22320.0,22765.0,23393.0,23470.0,3708.0,1364.0,809.0,989.0,930.0,1216.0,1
70000.0,2,1,1,45,1,2,-1,2,-1,-1,6369.0,390.0,3060.0,780.0,2079.0,0.0,0.0,3450.0,0.0,2079.0,0.0,0.0,1
50000.0,1,3,1,40,2,0,0,0,0,0,48785.0,49762.0,49861.0,48660.0,7698.0,7463.0,2090.0,2450.0,1510.0,409.0,415.0,406.0,1
180000.0,2,2,1,39,-2,-2,-2,-2,-2,-2,0.0,0.0,0.0,0.0,0.0,0.0,0.0,0.0,0.0,0.0,0.0,289.0,1
200000.0,2,3,1,29,2,2,2,2,0,0,128649.0,131059.0,132120.0,128669.0,131499.0,143020.0,6000.0,4600.0,0.0,4800.0,13700.0,500.0,1
50000.0,1,2,2,23,2,0,0,0,0,0,49301.0,50660.0,50036.0,60770.0,10598.0,10122.0,2500.0,2142.0,2254.0,680.0,491.0,340.0,1
10000.0,2,2,1,24,0,0,0,0,0,0,6902.0,7922.0,8939.0,9533.0,9692.0,9829.0,1142.0,1159.0,1140.0,692.0,829.0,1000.0,1
80000.0,1,2,2,30,0,0,0,0,0,0,13793.0,67840.0,61546.0,55294.0,40868.0,33420.0,63023.0,3010.0,3053.0,2013.0,2015.0,3019.0,1
100000.0,1,3,1,54,2,2,2,3,2,2,81507.0,83154.0,88223.0,85924.0,86803.0,88745.0,3900.0,7300.0,0.0,3200.0,3500.0,3420.0,1
270000.0,2,1,1,45,-2,-2,-2,-2,-2,-2,0.0,0.0,0.0,0.0,0.0,0.0,0.0,0.0,0.0,0.0,0.0,0.0,1
20000.0,1,2,2,43,1,2,0,0,0,0,20251.0,19637.0,19539.0,20080.0,18855.0,20130.0,0.0,2000.0,841.0,696.0,1600.0,0.0,1
120000.0,2,2,1,38,2,2,2,2,2,2,63700.0,65069.0,66450.0,67373.0,68186.0,68959.0,3000.0,3000.0,2600.0,2500.0,2000.0,3000.0,1
20000.0,1,3,1,57,1,2,2,-2,-2,-1,1472.0,211.0,-1050.0,-1440.0,-1830.0,780.0,0.0,0.0,0.0,0.0,3000.0,0.0,1
250000.0,1,1,1,51,2,2,2,2,2,2,2487.0,2487.0,2487.0,2487.0,2487.0,2487.0,0.0,0.0,0.0,0.0,0.0,0.0,1
30000.0,1,2,2,54,0,0,0,0,0,0,26278.0,24767.0,27533.0,26400.0,25620.0,390.0,1700.0,3400.0,2528.0,0.0,390.0,780.0,1
20000.0,1,2,1,36,1,2,2,2,2,0,19006.0,18418.0,20465.0,20381.0,18446.0,18598.0,0.0,2690.0,900.0,0.0,1000.0,1000.0,1
500000.0,1,1,1,35,2,0,0,-1,0,0,510367.0,473584.0,167682.0,501496.0,508213.0,496801.0,24913.0,5872.0,508229.0,18089.0,14070.0,15009.0,1
80000.0,1,1,2,29,-1,-1,-1,-2,-2,-2,1567.0,20175.0,0.0,0.0,0.0,0.0,20175.0,0.0,0.0,0.0,0.0,900.0,1
50000.0,2,2,1,55,0,0,0,0,0,0,41768.0,42561.0,42871.0,7606.0,11267.0,14453.0,2079.0,2001.0,500.0,4423.0,4000.0,2000.0,1
30000.0,2,3,2,33,1,2,2,0,0,2,24457.0,25474.0,26241.0,25388.0,26377.0,27794.0,1716.0,1500.0,911.0,1400.0,2000.0,0.0,1
30000.0,2,3,2,22,1,2,2,0,0,0,29010.0,29256.0,28122.0,29836.0,1630.0,0.0,1000.0,85.0,1714.0,104.0,0.0,0.0,1
180000.0,2,1,2,30,2,2,2,2,0,0,14038.0,16980.0,16915.0,17532.0,18429.0,20126.0,3500.0,500.0,1200.0,1500.0,2000.0,0.0,1
10000.0,1,2,2,27,0,0,2,0,0,0,7015.0,10227.0,9560.0,9901.0,9963.0,10182.0,3507.0,0.0,500.0,370.0,393.0,700.0,1
50000.0,2,2,1,35,1,2,2,2,2,2,8917.0,8625.0,11475.0,10999.0,12311.0,11973.0,0.0,3000.0,0.0,1800.0,0.0,1950.0,1
50000.0,1,2,1,23,0,0,-2,-2,-2,-2,9156.0,0.0,0.0,0.0,0.0,0.0,0.0,0.0,0.0,0.0,0.0,0.0,1
240000.0,1,2,2,46,0,0,0,0,0,0,262206.0,257969.0,256740.0,246364.0,127177.0,33622.0,9200.0,12000.0,5700.0,3200.0,1200.0,1000.0,1
20000.0,2,1,2,31,3,2,2,2,2,0,6186.0,5941.0,8541.0,8560.0,8274.0,9135.0,0.0,2869.0,305.0,0.0,1000.0,1000.0,1
50000.0,1,2,2,43,0,0,0,0,0,0,46594.0,47585.0,48887.0,49097.0,17203.0,17562.0,1768.0,2070.0,1280.0,616.0,636.0,640.0,1
30000.0,1,3,1,33,3,2,2,0,0,2,19932.0,20708.0,20089.0,22717.0,26073.0,25583.0,1400.0,0.0,3000.0,5000.0,0.0,800.0,1
240000.0,2,2,2,36,-1,-1,-1,-1,-2,-2,3922.0,2947.0,297.0,0.0,0.0,0.0,2947.0,297.0,0.0,0.0,0.0,0.0,1
300000.0,2,3,2,39,1,-2,-1,-1,-1,-1,-3928.0,-5973.0,4735.0,6186.0,116.0,14429.0,1720.0,344467.0,6822.0,49.0,15000.0,12000.0,1
180000.0,1,2,1,39,2,2,2,0,0,0,180645.0,184303.0,179230.0,181763.0,180019.0,171711.0,8000.0,0.0,7000.0,7000.0,6150.0,6700.0,1
40000.0,1,2,1,55,1,-2,-2,-2,-2,-2,-150.0,-540.0,-930.0,-1320.0,-1710.0,-2100.0,0.0,0.0,0.0,0.0,0.0,0.0,1
50000.0,1,2,2,25,0,0,0,0,0,0,43785.0,38971.0,34836.0,18488.0,19716.0,17932.0,1795.0,1660.0,1272.0,1500.0,644.0,704.0,1
50000.0,2,2,2,24,2,2,2,0,0,0,48283.0,48767.0,35917.0,26946.0,22458.0,23569.0,1700.0,0.0,1036.0,817.0,1486.0,3500.0,1
20000.0,1,2,2,23,0,0,2,0,0,-2,16831.0,20404.0,19621.0,14051.0,0.0,0.0,4183.0,0.0,281.0,0.0,0.0,0.0,1
60000.0,2,2,1,31,0,0,2,2,2,2,37549.0,40603.0,39676.0,42407.0,41428.0,45576.0,4000.0,0.0,3700.0,0.0,5000.0,2000.0,1
80000.0,1,1,2,39,2,2,2,2,0,0,78246.0,79404.0,80388.0,78128.0,75762.0,73873.0,3000.0,3001.0,0.0,2703.0,3100.0,8302.0,1
150000.0,1,1,1,31,2,2,2,2,2,2,159734.0,160247.0,131511.0,129369.0,123191.0,132072.0,4800.0,4006.0,3669.0,0.0,11781.0,0.0,1
30000.0,2,2,3,45,-1,2,2,2,-1,2,5239.0,3434.0,4845.0,3048.0,8314.0,5080.0,0.0,3048.0,0.0,8314.0,0.0,4132.0,1
250000.0,1,2,1,52,2,2,2,0,0,2,29086.0,33288.0,32459.0,34600.0,36539.0,38287.0,5000.0,0.0,3000.0,2500.0,2500.0,0.0,1
220000.0,1,3,1,39,2,2,2,2,2,2,175808.0,179399.0,183039.0,185541.0,187984.0,191837.0,8000.0,8000.0,7000.0,7000.0,7000.0,0.0,1
500000.0,2,1,2,42,-1,-1,-1,2,-1,-1,30439.0,1844.0,844.0,614.0,2887.0,3850.0,1844.0,1000.0,0.0,3000.0,4000.0,6000.0,1
20000.0,1,3,1,38,2,0,0,-1,-1,-1,19868.0,19805.0,19900.0,390.0,390.0,0.0,1515.0,1000.0,390.0,390.0,0.0,780.0,1
170000.0,1,1,1,38,1,-2,-2,-2,-2,-2,0.0,0.0,0.0,0.0,0.0,0.0,0.0,0.0,0.0,0.0,0.0,0.0,1
320000.0,2,1,2,28,-1,-1,-1,0,0,0,331.0,1081.0,6144.0,14977.0,9473.0,8002.0,1085.0,6146.0,9473.0,0.0,5.0,1386.0,1
260000.0,1,2,2,32,0,0,0,0,0,0,170276.0,164617.0,150188.0,138975.0,134225.0,128321.0,6200.0,6000.0,6000.0,5006.0,5006.0,6006.0,1
70000.0,2,2,2,26,2,0,0,0,0,0,66087.0,67510.0,69007.0,61845.0,60184.0,66801.0,3120.0,3303.0,2800.0,2200.0,7600.0,0.0,1
170000.0,2,2,2,34,-1,-1,-1,-1,-1,-1,8069.0,2855.0,11744.0,5886.0,12916.0,3177.0,2855.0,11900.0,5886.0,12916.0,3177.0,4511.0,1
360000.0,2,1,2,29,-2,-2,-2,-2,-2,-2,0.0,0.0,0.0,0.0,0.0,0.0,0.0,0.0,0.0,0.0,0.0,0.0,1
50000.0,2,1,2,28,1,2,2,2,2,2,51943.0,50800.0,51967.0,50794.0,51911.0,50976.0,0.0,4156.0,0.0,4100.0,0.0,2000.0,1
230000.0,2,2,1,35,2,2,2,2,-1,-1,1214.0,964.0,1214.0,464.0,214.0,-536.0,500.0,1000.0,0.0,500.0,0.0,0.0,1
20000.0,1,2,2,21,0,0,2,0,0,-2,19277.0,20997.0,20200.0,20000.0,0.0,0.0,5000.0,0.0,0.0,0.0,0.0,0.0,1
20000.0,2,1,2,25,-1,-1,-1,-1,0,0,4541.0,0.0,724.0,18589.0,18985.0,19531.0,0.0,724.0,18589.0,1000.0,1000.0,1000.0,1
180000.0,1,1,1,32,0,0,0,-1,-1,-1,6687.0,4919.0,2644.0,1300.0,2644.0,0.0,1227.0,1000.0,1300.0,2644.0,0.0,55176.0,1
140000.0,1,2,1,40,0,0,0,0,0,0,139282.0,138095.0,140725.0,139401.0,103929.0,101148.0,4945.0,5254.0,4861.0,3649.0,3653.0,3700.0,1
20000.0,2,2,2,22,0,0,2,2,2,2,4400.0,4883.0,2829.0,3920.0,1997.0,1317.0,4500.0,0.0,1700.0,0.0,100.0,0.0,1
450000.0,2,1,2,30,0,0,0,0,0,0,46244.0,32387.0,30976.0,29455.0,30012.0,20109.0,1599.0,1311.0,2000.0,1000.0,2000.0,647.0,1
50000.0,2,3,1,49,0,0,0,0,0,-2,49195.0,48496.0,49412.0,49590.0,0.0,0.0,47000.0,2000.0,1000.0,0.0,0.0,0.0,1
430000.0,2,1,2,36,0,0,0,0,0,0,258212.0,232225.0,237297.0,240682.0,245337.0,242481.0,10500.0,10300.0,9000.0,8541.0,9054.0,8543.0,1
50000.0,1,3,1,47,1,3,2,0,0,-1,4759.0,4540.0,4284.0,2946.0,1473.0,1473.0,0.0,0.0,0.0,0.0,1473.0,1473.0,1
30000.0,2,1,2,21,1,2,0,0,0,0,33300.0,30920.0,31889.0,30278.0,26220.0,29968.0,0.0,2326.0,11406.0,524.0,6284.0,598.0,1
30000.0,2,3,2,52,2,2,7,7,7,7,2450.0,2450.0,2450.0,2450.0,2450.0,2450.0,0.0,0.0,0.0,0.0,0.0,0.0,1
290000.0,1,1,2,32,-1,3,2,0,0,0,3739.0,3738.0,3737.0,179546.0,182148.0,185484.0,0.0,0.0,179460.0,6900.0,6600.0,7800.0,1
50000.0,2,2,1,41,0,0,0,0,0,0,47406.0,48332.0,44295.0,43638.0,18788.0,15468.0,2200.0,2100.0,2228.0,1000.0,500.0,1150.0,1
150000.0,1,2,2,49,0,0,0,0,0,0,151822.0,86002.0,75782.0,76333.0,77956.0,77553.0,2985.0,2700.0,5000.0,2823.0,2865.0,2679.0,1
60000.0,1,2,2,25,2,0,0,0,0,0,60760.0,60011.0,61333.0,60082.0,38897.0,39422.0,2740.0,2893.0,2210.0,938.0,1188.0,0.0,1
150000.0,1,1,2,41,-1,-1,-1,-1,-1,2,1464.0,2084.0,384.0,0.0,2344.0,822.0,2091.0,384.0,0.0,2344.0,0.0,472.0,1
140000.0,1,1,2,27,-1,-1,-1,0,-1,-1,832.0,0.0,825.0,409.0,521.0,416.0,0.0,825.0,0.0,528.0,416.0,1059.0,1
320000.0,1,2,2,36,2,0,0,2,0,0,283743.0,289508.0,302561.0,283356.0,275361.0,268871.0,12013.0,21041.0,1514.0,9122.0,9518.0,9209.0,1
20000.0,1,2,2,47,2,0,0,0,0,0,19401.0,19670.0,19839.0,20236.0,19807.0,19843.0,1331.0,2000.0,688.0,1000.0,1500.0,700.0,1
240000.0,1,1,2,46,1,2,-1,-1,-1,-1,102318.0,94453.0,5411.0,8513.0,4626.0,5329.0,468.0,5784.0,8548.0,4630.0,5334.0,27898.0,1
360000.0,2,2,1,27,0,0,0,-1,-1,-1,6449.0,3885.0,3113.0,1347.0,2179.0,5575.0,1108.0,1024.0,1353.0,2188.0,5602.0,776.0,1
200000.0,1,2,1,28,3,2,2,7,7,7,2443.0,2443.0,2443.0,2443.0,2443.0,2443.0,0.0,0.0,0.0,0.0,0.0,0.0,1
200000.0,1,1,1,35,0,0,0,0,0,0,199891.0,198608.0,115177.0,116226.0,139737.0,187728.0,8500.0,6000.0,4000.0,25000.0,50000.0,70000.0,1
70000.0,1,2,2,24,3,2,2,2,2,2,63000.0,64397.0,65253.0,63609.0,68397.0,69605.0,3000.0,2500.0,0.0,6000.0,2500.0,2700.0,1
160000.0,1,2,2,38,4,3,2,2,3,2,99340.0,96860.0,99911.0,103928.0,101540.0,99587.0,0.0,5500.0,6700.0,0.0,27.0,2800.0,1
200000.0,2,1,1,64,-1,-1,-1,0,0,-1,2035.0,1261.0,69048.0,3352.0,1992.0,1176.0,1261.0,69054.0,2000.0,0.0,1176.0,11099.0,1
70000.0,1,1,1,49,-1,-1,-1,-1,-1,-1,1261.0,2041.0,1261.0,2431.0,904.0,1801.0,2431.0,1261.0,2431.0,904.0,2191.0,0.0,1
80000.0,2,2,1,40,2,2,2,2,0,0,78610.0,80666.0,82713.0,80838.0,49575.0,48354.0,3900.0,4000.0,0.0,1920.0,1800.0,1800.0,1
50000.0,2,1,1,38,0,0,0,2,0,0,10379.0,11200.0,14568.0,14008.0,14827.0,19297.0,1000.0,3560.0,0.0,1000.0,4656.0,712.0,1
80000.0,2,2,2,25,0,0,2,2,0,0,47369.0,49524.0,48461.0,45943.0,46660.0,46118.0,4400.0,1500.0,1500.0,1742.0,1800.0,2100.0,1
90000.0,1,2,1,35,8,7,6,5,4,3,112662.0,111077.0,108539.0,106001.0,103816.0,101878.0,0.0,0.0,0.0,0.0,0.0,0.0,1
120000.0,2,2,2,23,0,0,-1,0,-1,-1,7945.0,3077.0,700.0,268.0,632.0,8815.0,1000.0,1200.0,200.0,632.0,8815.0,8400.0,1
220000.0,1,1,1,48,2,0,0,0,0,0,210380.0,213522.0,201852.0,169115.0,172169.0,162402.0,10000.0,9020.0,6000.0,5500.0,6000.0,5500.0,1
30000.0,2,2,1,22,2,2,2,0,0,0,30525.0,28574.0,14220.0,14188.0,7058.0,7976.0,1725.0,0.0,1230.0,1000.0,1000.0,0.0,1
20000.0,1,2,2,26,1,2,2,0,0,2,8476.0,10187.0,9885.0,11398.0,12208.0,11869.0,2000.0,0.0,2000.0,1000.0,0.0,1200.0,1
80000.0,2,2,2,32,1,2,-1,2,2,2,7604.0,7320.0,150.0,150.0,800.0,650.0,0.0,150.0,0.0,650.0,0.0,500.0,1
10000.0,2,3,1,41,-1,-1,2,0,-1,-1,780.0,780.0,780.0,390.0,390.0,780.0,1473.0,0.0,0.0,390.0,780.0,0.0,1
500000.0,2,1,2,41,2,2,-2,-2,-2,-2,2500.0,0.0,0.0,0.0,0.0,0.0,0.0,0.0,0.0,0.0,0.0,0.0,1
210000.0,1,2,1,30,0,0,0,2,0,0,85988.0,88410.0,93234.0,90571.0,94653.0,142549.0,5000.0,7500.0,0.0,6000.0,50000.0,0.0,1
200000.0,1,1,1,49,2,2,2,2,2,2,2500.0,2500.0,2500.0,2500.0,2500.0,2500.0,0.0,0.0,0.0,0.0,0.0,0.0,1
300000.0,1,1,2,34,1,-2,-2,-2,-2,-2,0.0,0.0,0.0,0.0,0.0,0.0,0.0,0.0,0.0,0.0,0.0,0.0,1
450000.0,2,1,1,40,-2,-2,-2,-2,-2,-2,5512.0,19420.0,1473.0,560.0,0.0,0.0,19428.0,1473.0,560.0,0.0,0.0,1128.0,1
10000.0,1,2,1,37,1,-2,-1,3,2,0,-265.0,-265.0,5235.0,5007.0,4779.0,7680.0,0.0,5500.0,0.0,0.0,3000.0,2000.0,1
20000.0,2,2,1,40,0,0,0,0,0,0,4314.0,5190.0,6554.0,6895.0,5844.0,6079.0,1500.0,2000.0,1032.0,155.0,1000.0,0.0,1
80000.0,1,1,2,39,0,0,0,0,0,0,49171.0,50376.0,51536.0,52782.0,53781.0,55389.0,2000.0,2000.0,2100.0,2000.0,2500.0,2500.0,1
80000.0,1,2,2,37,0,0,0,2,2,2,47765.0,49651.0,53850.0,52388.0,55589.0,54570.0,3000.0,5000.0,0.0,4078.0,0.0,2500.0,1
60000.0,2,2,2,26,2,2,2,2,2,2,60455.0,61417.0,60906.0,45734.0,40629.0,41137.0,3200.0,2400.0,12.0,3200.0,1619.0,0.0,1
20000.0,1,3,2,39,2,0,0,0,0,0,18243.0,17557.0,19880.0,19471.0,16211.0,14365.0,1677.0,3000.0,590.0,687.0,524.0,235.0,1
290000.0,2,1,1,46,0,0,0,0,0,0,6615.0,8494.0,10336.0,15127.0,19685.0,29275.0,2000.0,2000.0,5000.0,5000.0,10000.0,5000.0,1
280000.0,1,2,1,32,2,2,2,2,2,2,204057.0,199262.0,211391.0,214343.0,215633.0,210876.0,0.0,18000.0,8000.0,7500.0,0.0,8000.0,1
90000.0,2,3,1,33,0,0,0,0,0,0,86960.0,85585.0,87235.0,84511.0,84488.0,86184.0,3200.0,3114.0,3000.0,3100.0,3100.0,3500.0,1
30000.0,1,2,1,45,1,2,2,2,2,2,14728.0,15777.0,17224.0,18241.0,18446.0,18009.0,1600.0,2000.0,1600.0,800.0,0.0,1600.0,1
10000.0,1,2,2,24,1,2,2,2,2,2,4231.0,5508.0,5271.0,6182.0,5937.0,6838.0,1500.0,0.0,1000.0,0.0,1000.0,0.0,1
70000.0,2,2,2,25,0,0,0,0,0,0,66174.0,67555.0,25059.0,26834.0,14112.0,28191.0,3000.0,2000.0,2400.0,2012.0,14500.0,3000.0,1
20000.0,2,3,1,31,1,2,0,0,0,0,15043.0,14509.0,19092.0,19113.0,19483.0,14523.0,0.0,5166.0,2963.0,833.0,812.0,0.0,1
30000.0,1,1,1,31,1,2,2,2,2,2,14107.0,14779.0,14252.0,16205.0,15647.0,17091.0,1200.0,0.0,2200.0,0.0,1700.0,0.0,1
50000.0,2,2,1,22,0,0,0,0,0,0,48560.0,49644.0,47247.0,42541.0,19716.0,20145.0,2000.0,2003.0,1298.0,1000.0,800.0,879.0,1
200000.0,2,2,1,44,1,2,2,2,0,0,2667.0,2478.0,6406.0,6216.0,5258.0,7002.0,0.0,4000.0,14.0,2000.0,2000.0,2000.0,1
100000.0,1,1,1,30,2,0,0,0,0,0,85806.0,85195.0,85464.0,86921.0,88524.0,91241.0,3100.0,4000.0,4000.0,3500.0,5000.0,10000.0,1
100000.0,2,2,1,26,0,0,0,2,0,0,95087.0,87380.0,87083.0,82653.0,72867.0,74140.0,3965.0,7138.0,0.0,2448.0,2674.0,2672.0,1
20000.0,2,1,2,25,-1,0,0,2,0,0,1828.0,2835.0,5270.0,5040.0,5304.0,5777.0,1200.0,2500.0,0.0,500.0,558.0,0.0,1
70000.0,2,1,2,28,2,2,2,2,2,2,59794.0,58267.0,63931.0,64585.0,66207.0,67577.0,0.0,6672.0,2300.0,2800.0,2600.0,0.0,1
150000.0,2,2,2,25,1,-2,-2,-2,-2,-2,0.0,0.0,0.0,0.0,0.0,0.0,0.0,0.0,0.0,0.0,0.0,0.0,1
140000.0,1,1,1,40,2,0,0,2,2,2,136785.0,137175.0,140773.0,133147.0,140350.0,136475.0,5051.0,12602.0,0.0,12000.0,0.0,5000.0,1
150000.0,1,3,2,29,1,3,2,2,2,2,54803.0,52996.0,51169.0,53979.0,52639.0,58508.0,0.0,0.0,4000.0,0.0,7127.0,0.0,1
20000.0,1,2,2,25,1,2,3,2,0,0,18885.0,21563.0,20943.0,20152.0,19754.0,19204.0,3300.0,0.0,0.0,2.0,384.0,2488.0,1
30000.0,1,2,1,36,-1,2,-1,-1,-1,-1,1226.0,390.0,390.0,390.0,390.0,0.0,0.0,390.0,390.0,390.0,0.0,780.0,1
440000.0,2,2,1,47,1,-1,-1,-1,-1,-1,-6.0,1160.0,1807.0,-11.0,2220.0,165.0,1166.0,1891.0,0.0,2231.0,165.0,1573.0,1
230000.0,2,2,2,23,3,2,2,-1,-1,-2,1090.0,490.0,0.0,878.0,0.0,0.0,0.0,0.0,878.0,0.0,0.0,0.0,1
10000.0,2,3,1,42,2,0,0,0,0,0,8965.0,8640.0,9412.0,9604.0,9800.0,0.0,1228.0,1000.0,192.0,196.0,0.0,8138.0,1
240000.0,2,1,2,34,2,0,0,0,0,0,5488.0,1788.0,2840.0,3750.0,4750.0,-10.0,1700.0,1090.0,1000.0,1000.0,0.0,0.0,1
360000.0,2,1,1,31,-2,-1,-1,-2,-2,-2,-4.0,434.0,0.0,0.0,0.0,0.0,438.0,0.0,0.0,0.0,0.0,0.0,1
200000.0,1,1,2,34,0,0,0,2,2,2,156449.0,162377.0,174501.0,155355.0,129942.0,118202.0,10000.0,15000.0,0.0,10000.0,0.0,11000.0,1
210000.0,2,2,1,37,-1,-1,-1,0,0,0,326.0,326.0,978.0,652.0,326.0,0.0,326.0,978.0,0.0,0.0,0.0,652.0,1
60000.0,2,3,1,46,2,3,3,3,2,2,44030.0,44509.0,44999.0,45463.0,45918.0,47863.0,1500.0,1500.0,1500.0,1500.0,3000.0,5300.0,1
20000.0,1,2,1,32,2,0,0,2,0,0,18390.0,19468.0,20844.0,19362.0,19402.0,19607.0,2000.0,3000.0,0.0,850.0,920.0,750.0,1
60000.0,2,1,2,25,-1,2,-1,-1,-1,-1,538.0,269.0,269.0,269.0,0.0,1257.0,0.0,269.0,269.0,0.0,1526.0,0.0,1
10000.0,1,1,2,23,-1,2,-1,-1,-1,-2,780.0,390.0,390.0,780.0,0.0,0.0,0.0,390.0,780.0,0.0,0.0,0.0,1
50000.0,1,2,2,25,2,2,0,0,0,2,7180.0,6922.0,7849.0,8018.0,8884.0,8593.0,0.0,1200.0,300.0,1000.0,0.0,1000.0,1
110000.0,1,2,1,48,2,2,2,0,0,2,65070.0,69480.0,67800.0,69182.0,73431.0,72132.0,5500.0,0.0,2512.0,5400.0,0.0,3000.0,1
200000.0,1,1,2,50,1,-1,0,-1,-1,-1,-6676.0,5953.0,2870.0,390.0,1210.0,2551.0,16374.0,2392.0,500.0,1210.0,2551.0,0.0,1
360000.0,2,1,1,32,0,0,0,0,-1,0,37736.0,28746.0,19783.0,17738.0,1262.0,382.0,1174.0,1100.0,396.0,1266.0,9.0,7643.0,1
200000.0,1,2,1,47,-1,-1,0,0,0,0,42114.0,227075.0,217016.0,200316.0,169815.0,88071.0,235728.0,10000.0,5210.0,4009.0,3186.0,55152.0,1
10000.0,1,2,2,25,0,0,0,0,0,0,7806.0,8615.0,7851.0,8704.0,8877.0,9063.0,1114.0,1292.0,1145.0,318.0,329.0,331.0,1
300000.0,1,2,1,43,-2,-2,-2,-2,-2,-2,0.0,0.0,0.0,0.0,0.0,0.0,0.0,0.0,0.0,0.0,0.0,0.0,1
240000.0,1,1,2,30,-1,-1,-1,-1,-1,0,5354.0,4790.0,900.0,6849.0,26249.0,6633.0,4790.0,900.0,6849.0,26249.0,2200.0,3000.0,1
200000.0,2,1,2,25,1,-2,-2,-2,-2,-1,0.0,0.0,0.0,0.0,0.0,476.0,0.0,0.0,0.0,0.0,476.0,288.0,1
150000.0,1,1,1,55,3,3,3,3,2,2,97719.0,99733.0,97297.0,98496.0,99683.0,101430.0,4500.0,0.0,3700.0,3700.0,3500.0,3000.0,1
140000.0,1,2,1,47,3,3,3,2,0,0,192182.0,187720.0,189659.0,185477.0,189351.0,193122.0,0.0,6500.0,0.0,6497.0,6536.0,6760.0,1
180000.0,1,2,2,29,1,2,2,-2,-1,2,5265.0,5002.0,0.0,0.0,1378.0,978.0,0.0,0.0,0.0,1704.0,0.0,2690.0,1
70000.0,2,2,2,25,2,0,0,0,0,0,46526.0,47820.0,48750.0,49936.0,51102.0,52276.0,2070.0,2000.0,2000.0,2000.0,2000.0,2100.0,1
80000.0,2,2,1,42,0,0,0,0,0,0,23931.0,23366.0,22275.0,21631.0,22961.0,19269.0,1500.0,2000.0,1000.0,3000.0,1000.0,1000.0,1
20000.0,1,2,2,50,1,2,3,2,2,3,10056.0,12571.0,12086.0,11595.0,13197.0,12700.0,3000.0,0.0,0.0,1800.0,0.0,0.0,1
30000.0,2,3,2,38,0,0,0,0,0,0,25546.0,28820.0,28538.0,28208.0,29326.0,29508.0,3700.0,718.0,1500.0,1500.0,3000.0,12357.0,1
70000.0,2,2,2,26,2,0,0,2,2,2,41087.0,42445.0,45020.0,44006.0,46905.0,46012.0,2007.0,3582.0,0.0,3601.0,0.0,1820.0,1
220000.0,1,3,1,48,-2,-2,-1,0,0,0,0.0,0.0,2128.0,4071.0,5640.0,7078.0,0.0,2128.0,2000.0,2000.0,2000.0,1500.0,1
50000.0,1,2,2,25,0,0,2,0,0,0,6302.0,7993.0,8506.0,8716.0,8926.0,9128.0,1800.0,800.0,500.0,500.0,500.0,400.0,1
150000.0,2,1,2,37,-1,-1,-1,-1,-1,-1,7591.0,5538.0,18987.0,0.0,1399.0,150.0,5538.0,18987.0,0.0,1399.0,150.0,203.0,1
250000.0,1,1,2,35,2,2,2,2,2,2,153798.0,164692.0,160658.0,180382.0,182914.0,186838.0,15000.0,0.0,24000.0,7000.0,7000.0,6700.0,1
20000.0,2,2,2,28,2,2,0,0,0,0,24611.0,18920.0,13124.0,18859.0,19828.0,36666.0,0.0,1200.0,7500.0,1015.0,15000.0,0.0,1
180000.0,2,1,1,39,1,-2,-2,-2,-2,-2,0.0,0.0,0.0,0.0,0.0,0.0,0.0,0.0,0.0,0.0,0.0,0.0,1
30000.0,2,3,1,39,-1,2,-1,-1,-2,-2,1937.0,640.0,1751.0,0.0,0.0,0.0,0.0,1751.0,0.0,0.0,0.0,0.0,1
60000.0,2,2,3,49,0,0,2,2,0,0,59902.0,61336.0,61792.0,57619.0,12996.0,2054.0,3400.0,4500.0,17.0,500.0,1500.0,1000.0,1
30000.0,1,1,2,24,2,2,0,0,0,0,16035.0,15493.0,16197.0,16669.0,16865.0,17199.0,0.0,1270.0,742.0,613.0,615.0,646.0,1
280000.0,1,1,1,46,1,-2,-1,-1,-1,-1,0.0,0.0,26330.0,6880.0,797.0,4898.0,0.0,26330.0,6880.0,797.0,4898.0,3680.0,1
350000.0,2,2,2,25,0,0,2,0,0,0,327915.0,342405.0,344459.0,351335.0,143291.0,98042.0,20000.0,9000.0,15076.0,5000.0,4000.0,4000.0,1
50000.0,2,1,2,27,1,2,2,0,-1,2,2238.0,3057.0,1879.0,889.0,2399.0,1225.0,2000.0,0.0,0.0,2500.0,0.0,1300.0,1
160000.0,1,1,2,27,-1,-1,-2,-2,-2,-2,165.0,0.0,0.0,0.0,0.0,0.0,0.0,0.0,0.0,0.0,0.0,0.0,1
330000.0,2,2,2,30,-1,-1,-1,-1,-1,-1,13204.0,12500.0,865.0,15387.0,5945.0,896.0,12500.0,865.0,15500.0,6000.0,896.0,0.0,1
60000.0,2,2,1,29,2,2,2,2,2,2,56252.0,57760.0,58250.0,56352.0,57930.0,16563.0,3000.0,2100.0,0.0,2801.0,0.0,3619.0,1
30000.0,1,2,2,38,4,3,4,4,4,3,17628.0,20024.0,20424.0,20601.0,19992.0,19392.0,3000.0,1000.0,786.0,0.0,0.0,0.0,1
130000.0,1,2,2,26,0,0,0,2,2,0,16435.0,17166.0,19478.0,19862.0,19403.0,21070.0,1300.0,2600.0,1000.0,0.0,2000.0,2000.0,1
120000.0,1,2,2,29,-1,2,2,2,-2,-2,5521.0,2197.0,1010.0,0.0,0.0,0.0,1010.0,0.0,0.0,0.0,0.0,0.0,1
150000.0,1,2,2,28,0,0,0,0,0,0,79426.0,71364.0,71219.0,56277.0,54231.0,55243.0,3003.0,2503.0,1880.0,1875.0,2666.0,1396.0,1
40000.0,2,3,2,41,0,0,0,0,-2,-2,72892.0,37781.0,35647.0,0.0,0.0,0.0,1971.0,1000.0,0.0,0.0,0.0,0.0,1
500000.0,2,1,1,42,1,-2,-2,-2,-2,-2,0.0,0.0,0.0,0.0,0.0,0.0,0.0,0.0,0.0,0.0,0.0,0.0,1
20000.0,1,3,2,43,0,0,0,0,0,0,15921.0,16930.0,17954.0,18966.0,19404.0,19962.0,1280.0,1304.0,1316.0,754.0,931.0,463.0,1
30000.0,2,2,1,53,1,3,2,3,2,0,18663.0,18080.0,18986.0,18390.0,17954.0,18654.0,0.0,1500.0,0.0,0.0,1000.0,692.0,1
70000.0,2,1,2,27,2,2,2,2,2,2,43616.0,44597.0,45784.0,46528.0,47458.0,48347.0,2000.0,2200.0,1800.0,2000.0,1800.0,2000.0,1
190000.0,1,2,1,41,2,2,0,0,0,0,127370.0,117487.0,117568.0,103011.0,101336.0,91215.0,0.0,6000.0,5000.0,3300.0,5000.0,4000.0,1
80000.0,1,2,2,24,0,0,0,0,0,2,26170.0,25215.0,26189.0,26801.0,28593.0,26020.0,1414.0,1388.0,1000.0,2180.0,0.0,929.0,1
50000.0,2,1,2,27,1,2,0,0,2,2,21824.0,21187.0,23815.0,26418.0,25859.0,29745.0,0.0,3000.0,3000.0,0.0,4500.0,0.0,1
80000.0,1,2,2,26,2,0,0,0,0,0,81268.0,78311.0,79915.0,81371.0,79916.0,79227.0,3450.0,3508.0,3405.0,3359.0,3108.0,3400.0,1
360000.0,1,2,1,65,1,-2,-2,-2,-2,-2,0.0,0.0,0.0,0.0,0.0,0.0,0.0,0.0,0.0,0.0,0.0,0.0,1
360000.0,2,2,1,47,-2,-2,-2,-2,-2,-2,0.0,0.0,0.0,0.0,0.0,0.0,0.0,0.0,0.0,0.0,0.0,0.0,1
50000.0,2,3,1,48,0,0,0,0,0,0,41842.0,42422.0,43050.0,43650.0,45217.0,46044.0,1984.0,2019.0,2026.0,3000.0,2000.0,1500.0,1
40000.0,1,2,1,40,1,2,0,0,0,0,34364.0,33512.0,34549.0,35572.0,36481.0,37889.0,0.0,1577.0,1600.0,1500.0,2000.0,2000.0,1
160000.0,2,2,1,47,1,-2,-2,-2,-2,-2,0.0,0.0,0.0,0.0,0.0,0.0,0.0,0.0,0.0,0.0,0.0,0.0,1
180000.0,1,2,1,46,-2,-2,-2,-2,-2,-2,390.0,3182.0,780.0,0.0,0.0,0.0,3182.0,780.0,0.0,0.0,0.0,0.0,1
30000.0,2,2,2,22,0,0,0,0,0,0,30190.0,28985.0,28724.0,29357.0,30188.0,26316.0,1532.0,2169.0,1000.0,1200.0,2000.0,1500.0,1
10000.0,2,3,1,49,-1,-1,-2,-1,2,2,32.0,-358.0,-748.0,1690.0,1138.0,930.0,0.0,0.0,2828.0,0.0,182.0,0.0,1
100000.0,2,2,1,58,2,2,2,0,0,0,86654.0,87851.0,85594.0,87095.0,88357.0,77155.0,3500.0,0.0,3300.0,2839.0,3000.0,4000.0,1
50000.0,2,3,1,29,2,2,0,0,0,0,59077.0,55607.0,54882.0,53894.0,52382.0,53947.0,0.0,2700.0,2450.0,1830.0,4300.0,6500.0,1
80000.0,2,3,1,35,2,2,2,2,2,0,70002.0,71389.0,73788.0,74463.0,72834.0,74190.0,3100.0,4204.0,2790.0,0.0,3043.0,2625.0,1
30000.0,2,3,2,48,2,2,0,0,0,0,26950.0,23655.0,25131.0,29148.0,12134.0,12976.0,0.0,3200.0,5000.0,1000.0,1000.0,1000.0,1
50000.0,1,3,1,46,1,2,2,2,-2,-2,51814.0,53077.0,51400.0,0.0,0.0,0.0,2400.0,0.0,0.0,0.0,0.0,0.0,1
200000.0,2,2,1,49,1,-2,-2,-2,-2,-2,-5.0,728.0,0.0,0.0,0.0,0.0,733.0,0.0,0.0,0.0,0.0,0.0,1
80000.0,2,1,2,23,1,2,0,0,2,2,80461.0,78259.0,66068.0,50748.0,51490.0,50626.0,37.0,2122.0,3600.0,1600.0,18.0,1800.0,1
240000.0,1,1,1,36,-2,-2,-2,-2,-2,-2,0.0,0.0,0.0,0.0,0.0,0.0,0.0,0.0,0.0,0.0,0.0,0.0,1
330000.0,2,1,2,39,-1,-1,-1,-2,-1,-1,1972.0,1586.0,0.0,0.0,1588.0,0.0,1586.0,0.0,0.0,1588.0,0.0,0.0,1
110000.0,2,2,2,25,0,0,0,0,0,0,52059.0,49709.0,8504.0,7277.0,7774.0,8261.0,1150.0,1330.0,2500.0,1000.0,1000.0,1000.0,1
100000.0,1,1,1,51,2,2,2,2,2,2,87603.0,93461.0,95022.0,95972.0,98283.0,97819.0,8200.0,4000.0,3400.0,4000.0,1600.0,2000.0,1
380000.0,1,1,2,43,1,2,2,-2,-2,-2,8201.0,7882.0,-2.0,-2.0,-2.0,-2.0,39.0,0.0,0.0,0.0,0.0,0.0,1
50000.0,1,2,1,33,0,0,0,0,0,0,22384.0,13538.0,9199.0,6879.0,6753.0,5440.0,1320.0,2000.0,1284.0,264.0,109.0,390.0,1
360000.0,1,1,1,41,-2,-2,-2,-2,-2,-2,316.0,736.0,2178.0,316.0,1812.0,1510.0,736.0,2178.0,316.0,1812.0,1510.0,485.0,1
30000.0,1,2,2,30,1,3,2,2,3,2,25907.0,25209.0,24524.0,29397.0,28628.0,32009.0,0.0,0.0,5621.0,0.0,4000.0,1500.0,1
260000.0,2,1,1,46,-1,-1,-1,-1,-1,-1,451.0,268.0,604.0,664.0,734.0,1076.0,268.0,604.0,664.0,734.0,1076.0,1220.0,1
20000.0,2,2,1,28,2,2,2,0,0,0,20574.0,21041.0,19055.0,15335.0,10812.0,6483.0,1100.0,0.0,550.0,288.0,400.0,0.0,1
200000.0,1,3,1,36,-1,2,-1,0,0,2,1762.0,881.0,24842.0,28367.0,28721.0,20139.0,4.0,24846.0,5004.0,1540.0,4.0,6411.0,1
30000.0,2,3,2,42,1,2,2,2,0,0,30445.0,27794.0,30603.0,29802.0,30134.0,30410.0,0.0,3569.0,0.0,1100.0,1100.0,1127.0,1
30000.0,2,2,1,48,2,2,2,2,2,0,28695.0,29824.0,29066.0,31236.0,29819.0,30058.0,1900.0,0.0,3000.0,0.0,1500.0,2000.0,1
20000.0,2,2,1,35,1,2,2,3,2,0,18648.0,18061.0,21034.0,20419.0,19289.0,19600.0,0.0,3292.0,0.0,0.0,781.0,701.0,1
50000.0,2,1,2,28,2,2,0,0,0,0,19930.0,19316.0,20347.0,21354.0,21630.0,23123.0,0.0,1646.0,1653.0,929.0,2000.0,0.0,1
500000.0,1,1,1,59,-2,-2,-2,-2,-2,-2,0.0,0.0,994.0,3342.0,1240.0,700.0,0.0,994.0,3342.0,1240.0,700.0,2250.0,1
140000.0,2,1,2,25,-1,0,0,-2,-2,-2,2229.0,15985.0,0.0,0.0,0.0,0.0,15980.0,0.0,0.0,0.0,0.0,0.0,1
220000.0,2,2,2,29,0,0,0,0,0,0,36106.0,33494.0,29518.0,29569.0,28587.0,21201.0,3000.0,3000.0,6000.0,5000.0,1136.0,10000.0,1
180000.0,2,1,2,44,0,0,2,0,0,0,7668.0,10006.0,7996.0,8960.0,6310.0,4656.0,2489.0,0.0,1166.0,126.0,112.0,244.0,1
50000.0,1,2,1,49,1,2,2,2,2,2,17371.0,17789.0,18209.0,18595.0,20323.0,19218.0,1000.0,1000.0,1000.0,2000.0,0.0,1000.0,1
10000.0,1,3,2,25,2,0,0,0,0,-2,4693.0,5371.0,6327.0,6055.0,0.0,0.0,1300.0,1600.0,400.0,0.0,0.0,0.0,1
40000.0,1,2,2,24,4,3,2,3,2,2,38344.0,37433.0,38862.0,39125.0,39408.0,40925.0,0.0,2335.0,1200.0,1225.0,2300.0,1396.0,1
20000.0,1,3,2,44,4,3,2,0,0,2,12480.0,12001.0,11516.0,11436.0,12553.0,12501.0,0.0,0.0,408.0,1300.0,300.0,0.0,1
380000.0,1,1,1,39,-1,-1,-2,-1,-1,-2,6347.0,0.0,0.0,46350.0,0.0,0.0,0.0,0.0,46350.0,0.0,0.0,24000.0,1
80000.0,2,1,2,26,-1,-1,-1,0,-1,-1,666.0,666.0,1332.0,666.0,666.0,416.0,666.0,1332.0,0.0,666.0,416.0,416.0,1
30000.0,2,3,1,37,2,2,2,2,2,2,21368.0,22194.0,18098.0,14542.0,15758.0,13149.0,1500.0,1400.0,0.0,1527.0,0.0,524.0,1
420000.0,1,2,2,31,2,2,0,0,2,0,239293.0,90568.0,88997.0,93971.0,92203.0,93059.0,0.0,3500.0,6600.0,0.0,4000.0,3000.0,1
210000.0,2,1,2,33,0,0,-2,-2,-2,-2,6309.0,0.0,0.0,0.0,0.0,0.0,0.0,0.0,0.0,0.0,0.0,0.0,1
290000.0,2,1,1,30,-1,-1,-1,-1,-1,-1,1312.0,1312.0,1311.0,1486.0,1488.0,1650.0,1318.0,1317.0,1493.0,1495.0,1657.0,35267.0,1
80000.0,1,3,1,31,2,0,0,2,0,0,28175.0,57433.0,61513.0,59769.0,61937.0,66088.0,30000.0,5000.0,0.0,3000.0,5000.0,5000.0,1
270000.0,1,1,1,37,-1,-1,-1,0,-1,-1,396.0,396.0,792.0,396.0,396.0,396.0,396.0,792.0,0.0,396.0,396.0,396.0,1
80000.0,1,3,1,47,0,0,0,0,-1,0,78415.0,80093.0,74598.0,34712.0,40452.0,39762.0,3369.0,1688.0,694.0,44492.0,1455.0,1365.0,1
360000.0,1,3,2,34,1,-2,-2,-2,-2,-2,0.0,0.0,0.0,0.0,0.0,0.0,0.0,0.0,0.0,0.0,0.0,0.0,1
50000.0,2,2,1,55,0,0,2,0,0,0,37984.0,41234.0,37701.0,28181.0,28711.0,29368.0,3900.0,0.0,1300.0,1100.0,1100.0,1000.0,1
180000.0,2,1,1,30,1,-2,-2,-2,-2,-2,0.0,0.0,0.0,0.0,0.0,0.0,0.0,0.0,0.0,0.0,0.0,0.0,1
10000.0,1,2,2,24,0,0,0,2,0,0,11035.0,12349.0,13598.0,9378.0,4883.0,5001.0,1500.0,1528.0,0.0,730.0,199.0,100.0,1
360000.0,2,1,2,32,0,0,0,0,0,0,11358.0,17580.0,17416.0,14789.0,11800.0,21831.0,7079.0,7000.0,5000.0,0.0,11831.0,13000.0,1
200000.0,1,3,1,41,0,0,0,0,0,0,171929.0,157860.0,145044.0,137480.0,6320.0,780.0,7000.0,8080.0,6000.0,0.0,0.0,0.0,1
100000.0,1,2,1,40,2,2,2,2,2,0,70762.0,69025.0,74489.0,78660.0,76797.0,78404.0,0.0,6600.0,6000.0,0.0,3000.0,3100.0,1
140000.0,2,2,3,41,0,0,0,0,0,0,19346.0,21708.0,22940.0,19068.0,16409.0,16383.0,3000.0,2000.0,2198.0,1000.0,3000.0,2399.0,1
50000.0,2,2,1,25,0,0,0,-1,-1,-1,9587.0,6583.0,3243.0,1691.0,-1889.0,2720.0,1200.0,1000.0,1700.0,0.0,5679.0,1600.0,1
50000.0,2,2,1,50,0,0,0,0,0,0,48926.0,45156.0,27762.0,19238.0,15585.0,15892.0,2036.0,1243.0,3991.0,712.0,715.0,582.0,1
50000.0,1,3,2,24,4,3,2,2,2,0,27226.0,26508.0,26976.0,27206.0,26631.0,27185.0,0.0,1200.0,968.0,0.0,998.0,1479.0,1
120000.0,2,2,1,31,1,2,2,2,0,0,21134.0,20502.0,24832.0,24135.0,28723.0,31258.0,0.0,5000.0,0.0,5000.0,3000.0,0.0,1
290000.0,2,1,1,35,-1,-1,-2,-2,-1,-1,703.0,-20.0,-20.0,-20.0,2663.0,-677.0,0.0,0.0,0.0,2800.0,0.0,0.0,1
190000.0,2,1,2,27,0,0,0,0,0,0,72656.0,38054.0,39410.0,38288.0,39276.0,36885.0,2000.0,2000.0,1500.0,1500.0,1300.0,1302.0,1
30000.0,1,3,1,56,1,7,6,5,4,3,30826.0,30384.0,29656.0,28914.0,28172.0,27444.0,0.0,0.0,0.0,0.0,0.0,0.0,1
100000.0,2,2,2,24,3,2,2,2,2,2,81601.0,79689.0,85389.0,83121.0,88304.0,90746.0,0.0,7000.0,0.0,6600.0,4000.0,3200.0,1
420000.0,1,2,1,37,0,0,0,0,0,0,415257.0,411624.0,388363.0,390003.0,398229.0,409615.0,16850.0,15522.0,14000.0,14500.0,18007.0,12733.0,1
120000.0,1,1,1,41,0,0,0,0,0,-1,115467.0,54921.0,56542.0,58023.0,17421.0,105771.0,2000.0,2500.0,2800.0,1000.0,109000.0,4200.0,1
20000.0,2,2,1,25,2,2,2,2,0,0,11202.0,12228.0,12738.0,11207.0,6720.0,5071.0,1500.0,1005.0,0.0,511.0,1283.0,0.0,1
20000.0,2,2,2,22,1,2,2,0,0,0,15706.0,15757.0,15436.0,16331.0,10229.0,10250.0,1000.0,1000.0,1200.0,900.0,700.0,2300.0,1
20000.0,2,1,1,34,0,0,0,0,0,0,14676.0,15721.0,19335.0,20029.0,20473.0,19860.0,1286.0,3900.0,1000.0,900.0,900.0,600.0,1
50000.0,1,2,2,23,2,2,0,0,0,0,32589.0,32583.0,21197.0,7666.0,4768.0,5685.0,1000.0,2000.0,1000.0,1000.0,1000.0,1000.0,1
50000.0,2,1,2,25,2,2,3,2,2,2,40959.0,43870.0,42891.0,43582.0,44561.0,45592.0,3900.0,0.0,1700.0,2000.0,1900.0,1800.0,1
60000.0,2,2,2,24,3,2,2,2,2,-1,150.0,150.0,150.0,150.0,150.0,150.0,0.0,0.0,0.0,0.0,150.0,44399.0,1
20000.0,1,2,1,43,0,0,0,0,0,0,12721.0,14102.0,14870.0,16116.0,16436.0,16781.0,1600.0,1300.0,1500.0,588.0,610.0,611.0,1
150000.0,2,1,1,32,1,-2,-2,-2,-2,-2,0.0,0.0,0.0,0.0,0.0,0.0,0.0,0.0,0.0,0.0,0.0,0.0,1
20000.0,2,3,2,28,1,2,2,2,2,0,6616.0,6364.0,7891.0,8913.0,8624.0,9628.0,0.0,1800.0,1300.0,0.0,1300.0,1900.0,1
240000.0,2,2,1,44,-1,-1,-1,-1,-1,-1,3313.0,7458.0,2329.0,4267.0,2404.0,4243.0,7458.0,2335.0,4267.0,2404.0,4243.0,2952.0,1
40000.0,1,1,2,35,1,2,2,2,2,3,11074.0,10600.0,20406.0,20774.0,22132.0,21497.0,0.0,10000.0,1000.0,2000.0,0.0,0.0,1
50000.0,2,2,1,33,0,0,0,0,0,0,76025.0,78548.0,77882.0,79471.0,81121.0,1685.0,3750.0,1558.0,1589.0,1650.0,9980.0,0.0,1
30000.0,2,2,2,22,-1,2,2,2,2,2,11222.0,11738.0,13255.0,14380.0,14081.0,10796.0,1000.0,2000.0,1670.0,551.0,0.0,500.0,1
100000.0,1,1,1,49,0,0,0,2,2,2,63977.0,64854.0,69258.0,67546.0,71938.0,73605.0,2500.0,6100.0,0.0,5500.0,3000.0,0.0,1
20000.0,1,2,2,24,0,0,2,2,0,0,17196.0,20609.0,20654.0,19118.0,18104.0,19846.0,4007.0,700.0,0.0,1000.0,2000.0,800.0,1
50000.0,2,2,2,27,2,2,2,2,2,2,41126.0,42244.0,43264.0,43751.0,44731.0,45770.0,2100.0,2000.0,1500.0,2000.0,1900.0,1900.0,1
200000.0,1,1,1,30,3,2,2,2,2,2,2500.0,2500.0,2500.0,2500.0,2500.0,2500.0,0.0,0.0,0.0,0.0,0.0,0.0,1
170000.0,2,2,2,27,-1,-1,-1,0,0,0,414.0,-1020.0,25607.0,23922.0,24399.0,24919.0,0.0,27107.0,1500.0,863.0,903.0,3000.0,1
60000.0,2,3,1,36,1,2,2,2,0,0,57285.0,61118.0,61947.0,60353.0,4980.0,2160.0,5336.0,2550.0,16.0,0.0,0.0,0.0,1
20000.0,1,2,2,25,0,0,2,2,2,0,14193.0,16489.0,15936.0,18015.0,17431.0,18000.0,2850.0,0.0,2355.0,0.0,1000.0,900.0,1
140000.0,2,1,2,23,0,0,2,0,0,0,90289.0,91739.0,89623.0,82030.0,84792.0,84794.0,10007.0,1038.0,3900.0,5000.0,4000.0,5000.0,1
50000.0,2,3,1,51,0,0,0,0,0,0,22000.0,20454.0,21899.0,20895.0,11241.0,-861.0,2000.0,2100.0,2000.0,1000.0,0.0,39500.0,1
180000.0,2,1,2,27,1,-2,-2,-2,-2,-2,-200.0,-200.0,-200.0,-200.0,-200.0,-200.0,0.0,0.0,0.0,0.0,0.0,0.0,1
120000.0,2,2,2,27,0,0,0,0,0,0,15234.0,8247.0,9624.0,20129.0,10388.0,13316.0,1137.0,1514.0,1069.0,278.0,3000.0,0.0,1
160000.0,1,1,1,51,2,0,0,0,2,2,150.0,1380.0,1481.0,2623.0,2457.0,4912.0,1230.0,1331.0,2473.0,0.0,2500.0,0.0,1
20000.0,2,2,2,23,2,0,0,0,0,0,11995.0,13324.0,14029.0,14308.0,14625.0,18245.0,1528.0,1233.0,512.0,547.0,3880.0,0.0,1
20000.0,1,2,2,43,-1,-1,-1,-1,-1,-1,54.0,54.0,54.0,54.0,54.0,54.0,0.0,0.0,0.0,0.0,0.0,2966.0,1
240000.0,2,2,1,48,-1,-1,-2,-2,-2,-2,101.0,0.0,0.0,0.0,0.0,0.0,0.0,0.0,0.0,0.0,0.0,0.0,1
350000.0,1,1,2,34,1,2,0,0,2,0,334427.0,322808.0,254410.0,11423.0,8415.0,10230.0,332.0,81256.0,8441.0,6.0,8013.0,1006.0,1
30000.0,2,3,1,29,0,0,2,2,2,2,10456.0,13164.0,12668.0,15038.0,14502.0,15501.0,3200.0,0.0,2905.0,0.0,1386.0,0.0,1
90000.0,2,1,1,41,2,2,2,2,2,2,78700.0,80348.0,81630.0,82890.0,84709.0,86252.0,3500.0,3200.0,3200.0,3300.0,3100.0,3100.0,1
90000.0,2,2,2,25,0,0,0,0,0,2,65924.0,58210.0,60050.0,61448.0,73852.0,72551.0,3000.0,2771.0,3000.0,13500.0,0.0,3000.0,1
180000.0,2,2,2,34,2,0,0,0,2,2,51385.0,53925.0,54848.0,57988.0,59438.0,61974.0,3140.0,923.0,4663.0,2530.0,3687.0,5000.0,1
230000.0,1,2,1,35,1,-2,-2,-2,-2,-2,0.0,0.0,0.0,0.0,0.0,0.0,0.0,0.0,0.0,0.0,0.0,0.0,1
50000.0,2,2,2,26,0,0,0,0,0,0,29356.0,30483.0,31180.0,18401.0,18785.0,19248.0,1603.0,1300.0,658.0,680.0,773.0,524.0,1
170000.0,1,2,2,34,-1,-1,-1,-1,-1,-1,2806.0,326.0,676.0,326.0,326.0,326.0,652.0,676.0,326.0,326.0,326.0,1722.0,1
50000.0,1,1,2,26,-1,2,2,-1,0,-1,5713.0,5406.0,-978.0,978.0,652.0,626.0,0.0,0.0,1956.0,0.0,626.0,0.0,1
80000.0,1,3,1,52,1,2,2,2,0,0,77185.0,80311.0,81558.0,78761.0,71352.0,19674.0,5000.0,3100.0,0.0,2000.0,713.0,1500.0,1
50000.0,2,2,1,28,0,0,0,0,0,0,36380.0,51418.0,43095.0,29717.0,30368.0,29113.0,30000.0,2052.0,1034.0,1100.0,1088.0,883.0,1
20000.0,2,3,2,47,1,2,0,0,0,0,16289.0,15735.0,18164.0,19143.0,20143.0,20446.0,0.0,3000.0,1600.0,1600.0,1800.0,1000.0,1
20000.0,2,1,1,37,1,-2,-1,2,2,-2,-113.0,-113.0,10887.0,10413.0,-245.0,-245.0,1575.0,11000.0,0.0,0.0,0.0,5100.0,1
200000.0,2,2,2,32,0,0,0,0,-1,0,24429.0,13060.0,13683.0,-3942.0,123250.0,125926.0,1500.0,1000.0,0.0,128000.0,4600.0,5000.0,1
30000.0,2,2,3,41,1,2,2,2,2,2,8055.0,9263.0,8973.0,10337.0,10022.0,10924.0,1500.0,0.0,1675.0,0.0,1065.0,0.0,1
10000.0,1,2,1,45,0,0,0,2,0,0,7139.0,8416.0,9815.0,9508.0,9754.0,10192.0,1400.0,1700.0,0.0,400.0,600.0,200.0,1
130000.0,2,2,1,41,2,2,0,0,0,0,133894.0,130312.0,128653.0,100795.0,95299.0,86564.0,0.0,7347.0,4000.0,3450.0,3300.0,4000.0,1
20000.0,1,3,1,53,3,2,2,7,7,7,2255.0,2255.0,2255.0,2255.0,2255.0,2255.0,0.0,0.0,0.0,0.0,0.0,0.0,1
170000.0,2,2,2,44,0,-1,-1,-1,-1,-1,2376.0,2870.0,390.0,590.0,30490.0,4300.0,2870.0,390.0,590.0,30490.0,4300.0,0.0,1
30000.0,1,1,2,41,0,0,0,2,2,0,16098.0,17130.0,18621.0,19017.0,18571.0,19264.0,1597.0,2088.0,1000.0,0.0,1001.0,380.0,1
200000.0,2,2,1,51,-1,-1,-1,-1,-1,-1,9754.0,55904.0,8720.0,4410.0,1186.0,28679.0,56243.0,8860.0,4410.0,1186.0,28679.0,0.0,1
360000.0,2,1,1,40,2,2,2,2,0,0,108399.0,105167.0,115468.0,112157.0,114690.0,117845.0,0.0,12000.0,0.0,5900.0,5000.0,4500.0,1
70000.0,1,1,1,44,1,2,2,2,0,0,14960.0,11080.0,12695.0,11482.0,8896.0,10074.0,0.0,3116.0,0.0,1000.0,2000.0,0.0,1
20000.0,2,3,1,26,0,0,0,2,0,0,15271.0,16707.0,20601.0,19952.0,19586.0,18528.0,2000.0,4500.0,0.0,671.0,700.0,2000.0,1
140000.0,2,1,2,25,3,2,0,0,0,0,21593.0,14021.0,10084.0,89223.0,58280.0,44593.0,0.0,2000.0,83000.0,3000.0,32000.0,2000.0,1
20000.0,2,2,2,25,0,0,0,0,0,0,19223.0,18206.0,19195.0,38040.0,20009.0,20138.0,1293.0,1397.0,836.0,1653.0,565.0,206.0,1
210000.0,2,2,1,44,-2,-2,-2,-2,-2,-2,0.0,4098.0,0.0,0.0,0.0,0.0,4098.0,0.0,0.0,0.0,0.0,0.0,1
50000.0,1,2,2,35,0,0,0,0,0,-1,57570.0,54383.0,49966.0,7825.0,3753.0,34287.0,2460.0,1140.0,226.0,555.0,35190.0,1203.0,1
220000.0,2,1,2,36,-1,-1,-1,-1,-1,-1,5385.0,5337.0,5484.0,5342.0,5618.0,5236.0,5363.0,5511.0,5368.0,5646.0,5262.0,3894.0,1
80000.0,1,2,1,37,2,2,2,2,0,0,81562.0,56352.0,29582.0,28852.0,29464.0,28688.0,11.0,3500.0,0.0,1033.0,1502.0,2002.0,1
350000.0,2,1,1,52,2,2,7,7,7,7,2400.0,2400.0,2400.0,2400.0,2400.0,2400.0,0.0,0.0,0.0,0.0,0.0,0.0,1
20000.0,1,2,2,37,3,2,2,7,7,7,2400.0,2400.0,2400.0,2400.0,2400.0,2400.0,0.0,0.0,0.0,0.0,0.0,0.0,1
200000.0,1,1,2,31,-1,-1,-1,0,0,-1,3702.0,25548.0,10594.0,7969.0,2865.0,5625.0,25678.0,10623.0,25.0,16.0,6000.0,19.0,1
150000.0,2,2,1,50,-2,-2,-2,-2,-2,-2,0.0,0.0,0.0,0.0,0.0,0.0,0.0,0.0,0.0,0.0,0.0,0.0,1
200000.0,2,1,1,42,-2,-2,-2,-2,-1,-1,0.0,0.0,0.0,0.0,1830.0,0.0,0.0,0.0,0.0,1830.0,0.0,0.0,1
100000.0,2,2,1,40,2,2,2,2,2,2,44421.0,45504.0,46157.0,46900.0,47999.0,49057.0,2100.0,1700.0,1800.0,2000.0,2000.0,2000.0,1
300000.0,1,1,1,38,-1,-1,-1,-1,-2,-2,706.0,195.0,504.0,-627.0,-918.0,-1209.0,200.0,600.0,0.0,0.0,0.0,1791.0,1
230000.0,2,1,1,36,-1,-1,2,-1,-1,-1,878.0,9567.0,3074.0,3660.0,3790.0,6006.0,9574.0,0.0,3660.0,3790.0,6006.0,5647.0,1
140000.0,1,2,2,30,0,0,0,0,0,0,70568.0,58294.0,59571.0,60793.0,62797.0,64298.0,2100.0,2200.0,2200.0,3000.0,2500.0,2800.0,1
180000.0,1,1,2,38,2,2,2,0,0,0,114091.0,124233.0,125768.0,126202.0,127677.0,99764.0,12100.0,5000.0,4200.0,3000.0,5000.0,2000.0,1
50000.0,2,2,1,39,3,3,2,0,0,0,52714.0,51593.0,50492.0,47633.0,18283.0,18610.0,0.0,0.0,5000.0,3000.0,1000.0,2000.0,1
290000.0,2,2,2,34,2,2,2,2,2,2,219757.0,214747.0,227698.0,232468.0,227226.0,241556.0,0.0,18000.0,10000.0,0.0,18000.0,0.0,1
300000.0,1,1,2,29,-2,-2,-2,-2,-2,-2,1898.0,2570.0,4576.0,3567.0,2180.0,644.0,2572.0,4599.0,3585.0,2180.0,644.0,1.0,1
120000.0,2,3,2,40,0,0,0,0,0,0,31543.0,31641.0,32286.0,32692.0,32261.0,32644.0,1600.0,1600.0,1200.0,1200.0,1200.0,1500.0,1
130000.0,1,2,1,44,1,2,2,2,2,2,5230.0,4998.0,7898.0,7021.0,46431.0,45891.0,0.0,3000.0,0.0,40200.0,0.0,780.0,1
250000.0,1,2,1,40,1,2,0,0,0,0,65087.0,62216.0,39814.0,34374.0,34768.0,38830.0,0.0,2000.0,1871.0,1265.0,4643.0,3214.0,1
420000.0,2,2,1,40,-2,-2,-2,-2,-2,-1,3976.0,2892.0,2890.0,3391.0,2409.0,4270.0,2916.0,7898.0,3401.0,2416.0,4281.0,3785.0,1
360000.0,2,3,2,36,-1,-1,-2,-2,-2,-2,2473.0,-27.0,-27.0,-27.0,-27.0,-27.0,0.0,0.0,0.0,0.0,0.0,0.0,1
200000.0,1,2,1,40,-1,-1,-2,-2,-2,-1,9759.0,-241.0,-241.0,-241.0,-241.0,7817.0,0.0,0.0,0.0,0.0,8058.0,0.0,1
50000.0,2,1,2,25,1,-2,-2,-2,-2,-2,0.0,0.0,0.0,0.0,0.0,0.0,0.0,0.0,0.0,0.0,0.0,0.0,1
30000.0,2,2,1,45,0,0,0,0,0,0,30488.0,30900.0,30480.0,31124.0,29333.0,30177.0,1600.0,1500.0,1100.0,1053.0,1320.0,967.0,1
240000.0,2,2,1,41,-2,-2,-2,-2,-2,-2,0.0,0.0,0.0,0.0,0.0,0.0,0.0,0.0,0.0,0.0,0.0,0.0,1
30000.0,2,2,2,22,0,0,0,0,0,0,25490.0,26494.0,27534.0,28177.0,28399.0,28655.0,1432.0,1472.0,1447.0,1001.0,1030.0,1059.0,1
20000.0,1,3,2,26,2,0,0,0,0,0,17880.0,19224.0,19327.0,18696.0,19233.0,19909.0,1641.0,2400.0,632.0,800.0,1000.0,1500.0,1
120000.0,1,1,1,44,1,2,2,2,2,2,75294.0,76465.0,74675.0,79629.0,77748.0,82497.0,3000.0,0.0,6200.0,0.0,6000.0,0.0,1
20000.0,1,4,2,55,0,0,0,2,0,0,69257.0,70055.0,18997.0,10404.0,11170.0,380.0,2400.0,1833.0,1100.0,2300.0,0.0,400.0,1
100000.0,1,2,1,44,2,2,2,2,3,2,59586.0,60842.0,61749.0,65130.0,63816.0,65011.0,2800.0,2500.0,5000.0,0.0,2400.0,2400.0,1
200000.0,2,1,1,45,-1,-1,-1,-1,-2,-1,15127.0,1890.0,3699.0,367.0,-1530.0,4812.0,1896.0,3712.0,379.0,1217.0,9652.0,16.0,1
300000.0,2,2,1,36,-1,-1,2,0,-1,-1,-475.0,5191.0,4606.0,2303.0,2768.0,65373.0,10000.0,0.0,0.0,2768.0,65373.0,10780.0,1
160000.0,2,1,2,23,0,0,0,0,0,-1,77947.0,78960.0,79594.0,49777.0,327.0,222.0,4000.0,3000.0,1000.0,0.0,222.0,2682.0,1
20000.0,1,3,1,52,2,2,2,2,-2,-2,8145.0,10474.0,10000.0,0.0,0.0,0.0,2474.0,0.0,0.0,0.0,0.0,0.0,1
360000.0,2,3,1,50,-1,-1,-1,-1,-1,-1,846.0,1831.0,2776.0,0.0,44110.0,0.0,1831.0,2776.0,0.0,44110.0,0.0,2103.0,1
30000.0,1,3,1,50,0,0,0,0,0,-1,28339.0,24232.0,15626.0,9330.0,4372.0,1419.0,1681.0,2000.0,0.0,0.0,1419.0,12000.0,1
30000.0,1,2,2,44,2,0,0,0,0,0,17766.0,18771.0,19965.0,20865.0,23465.0,24465.0,1306.0,1500.0,1400.0,3000.0,1000.0,0.0,1
80000.0,2,2,1,42,0,0,-2,-2,-2,-2,30900.0,0.0,0.0,0.0,0.0,0.0,0.0,0.0,0.0,0.0,0.0,0.0,1
340000.0,1,1,1,52,-2,-2,-2,-2,-2,-2,30832.0,33652.0,35192.0,30000.0,10766.0,33887.0,33670.0,35212.0,30000.0,10766.0,33905.0,30200.0,1
20000.0,2,1,2,28,2,2,2,2,2,2,15522.0,18442.0,17862.0,19756.0,19143.0,21671.0,3186.0,0.0,2500.0,0.0,3000.0,0.0,1
20000.0,1,1,2,22,0,0,2,0,0,0,18523.0,17889.0,16473.0,19004.0,19254.0,16287.0,3500.0,0.0,3000.0,574.0,539.0,342.0,1
70000.0,2,2,1,28,1,3,2,2,2,0,29836.0,30856.0,30658.0,31850.0,31207.0,32037.0,1800.0,600.0,2000.0,0.0,1500.0,1500.0,1
30000.0,1,2,1,36,0,0,2,0,0,0,18441.0,19936.0,20803.0,21655.0,22646.0,23764.0,1800.0,1500.0,1500.0,1500.0,1500.0,1500.0,1
70000.0,1,2,2,29,0,0,0,2,0,0,56626.0,58512.0,61926.0,60332.0,61658.0,65561.0,2800.0,5000.0,0.0,2300.0,4950.0,2700.0,1
60000.0,1,2,2,28,2,2,2,0,0,0,61743.0,62197.0,59892.0,60228.0,57969.0,55220.0,2800.0,0.0,3000.0,3000.0,3000.0,23000.0,1
120000.0,1,1,2,29,0,0,0,0,0,0,118303.0,98232.0,150952.0,77639.0,79966.0,61248.0,3358.0,3400.0,6000.0,3200.0,4000.0,845.0,1
50000.0,1,3,2,39,0,0,0,0,0,0,39753.0,40701.0,41342.0,41424.0,41182.0,41187.0,2000.0,2000.0,2000.0,1600.0,2000.0,2000.0,1
400000.0,1,3,1,33,0,0,2,0,0,0,2487.0,4708.0,2192.0,11111.0,5675.0,5071.0,4009.0,6.0,10248.0,4721.0,4114.0,1855.0,1
40000.0,1,2,2,26,3,3,2,2,2,2,5754.0,6407.0,6156.0,7146.0,7384.0,7117.0,900.0,0.0,1100.0,500.0,0.0,708.0,1
30000.0,1,2,1,45,3,2,2,2,0,0,12751.0,12256.0,15002.0,13914.0,11093.0,9508.0,0.0,2955.0,0.0,436.0,423.0,341.0,1
60000.0,2,2,2,53,1,2,0,0,0,2,8735.0,8448.0,9156.0,10226.0,12041.0,11704.0,0.0,1000.0,1226.0,2000.0,0.0,1100.0,1
30000.0,1,2,2,35,2,0,0,2,2,2,18915.0,20290.0,24727.0,24031.0,25579.0,25030.0,2000.0,5100.0,0.0,1949.0,0.0,912.0,1
30000.0,2,3,1,60,3,2,2,7,7,7,1950.0,1950.0,1950.0,1950.0,1950.0,1950.0,0.0,0.0,0.0,0.0,0.0,0.0,1
290000.0,1,3,2,34,0,0,0,0,0,0,5451.0,6230.0,140802.0,143354.0,146225.0,148820.0,1200.0,135000.0,5200.0,5500.0,5500.0,5400.0,1
30000.0,2,1,2,22,2,2,0,0,0,-1,29188.0,25908.0,19998.0,15675.0,8240.0,438.0,0.0,1441.0,1000.0,165.0,438.0,0.0,1
270000.0,1,1,1,37,2,0,0,0,0,0,160069.0,156346.0,159223.0,165480.0,76144.0,77944.0,6000.0,7000.0,9000.0,5000.0,3000.0,3000.0,1
30000.0,2,1,1,23,2,0,0,0,0,0,25665.0,26669.0,28080.0,28836.0,28812.0,29400.0,1433.0,1844.0,1600.0,576.0,588.0,600.0,1
200000.0,1,2,2,33,0,0,0,0,0,2,80012.0,81703.0,83290.0,85085.0,89707.0,63787.0,2972.0,2952.0,3107.0,6056.0,0.0,3000.0,1
90000.0,2,2,1,51,0,0,0,0,0,0,112577.0,105189.0,97048.0,88247.0,88564.0,90145.0,4000.0,3330.0,3087.0,3162.0,4496.0,4003.0,1
10000.0,1,2,2,35,1,6,5,4,3,2,8257.0,8001.0,7741.0,7481.0,7075.0,6815.0,0.0,0.0,0.0,0.0,0.0,700.0,1
500000.0,1,1,1,50,1,2,2,2,2,2,74850.0,76463.0,77611.0,78735.0,80430.0,82068.0,3400.0,3000.0,3000.0,3100.0,3110.0,0.0,1
30000.0,1,1,2,30,1,-2,-2,-2,-2,-2,0.0,0.0,0.0,0.0,0.0,0.0,0.0,0.0,0.0,0.0,0.0,0.0,1
50000.0,2,2,2,41,2,-1,2,2,-2,-2,390.0,780.0,780.0,0.0,0.0,0.0,780.0,0.0,0.0,0.0,0.0,0.0,1
110000.0,2,2,2,24,2,2,2,2,2,2,107378.0,109604.0,111661.0,112299.0,113035.0,109678.0,5500.0,5300.0,4000.0,4000.0,0.0,4540.0,1
50000.0,2,2,2,22,0,0,0,0,0,0,50186.0,49061.0,43528.0,29606.0,30305.0,28895.0,1994.0,1500.0,1009.0,1124.0,1100.0,2000.0,1
380000.0,1,1,2,33,-1,-1,-2,-2,-2,-2,2500.0,0.0,0.0,0.0,0.0,0.0,0.0,0.0,0.0,0.0,0.0,0.0,1
150000.0,2,2,1,44,-1,-1,-1,-1,-1,-1,390.0,5104.0,10318.0,5775.0,14441.0,780.0,5104.0,10318.0,10355.0,14441.0,780.0,66950.0,1
30000.0,1,2,1,33,0,0,0,0,0,0,59867.0,28357.0,29312.0,26404.0,25806.0,26325.0,1500.0,1433.0,1500.0,920.0,929.0,0.0,1
200000.0,1,3,1,44,2,0,0,0,0,0,147817.0,121668.0,67240.0,69798.0,72243.0,75277.0,11000.0,11000.0,5000.0,5000.0,5000.0,3000.0,1
310000.0,2,2,2,31,0,0,0,0,0,0,313956.0,314859.0,307371.0,299501.0,217763.0,217659.0,11000.0,12500.0,11000.0,6600.0,7000.0,7493.0,1
90000.0,2,2,1,37,0,0,0,0,0,0,85220.0,86745.0,71536.0,72964.0,64487.0,65845.0,3000.0,3000.0,2411.0,2294.0,2383.0,2285.0,1
20000.0,2,3,3,51,2,0,0,0,0,2,18355.0,17165.0,17676.0,18300.0,20278.0,20192.0,1600.0,1500.0,900.0,3600.0,393.0,0.0,1
20000.0,1,3,1,48,-1,0,-1,-1,2,0,1522.0,1261.0,1261.0,2126.0,1573.0,1170.0,1000.0,1261.0,2126.0,0.0,0.0,150.0,1
220000.0,2,2,2,41,0,0,0,0,0,0,32016.0,29052.0,23115.0,20354.0,7438.0,4887.0,2004.0,2009.0,5004.0,1000.0,1000.0,3000.0,1
80000.0,2,2,1,28,0,0,0,0,0,0,77856.0,76079.0,78410.0,55417.0,50733.0,50441.0,3670.0,4520.0,3311.0,50441.0,1800.0,2100.0,1
170000.0,2,1,1,33,0,0,0,0,0,0,170440.0,170060.0,115372.0,211577.0,120407.0,122952.0,8200.0,5200.0,5000.0,5000.0,5000.0,4000.0,1
120000.0,2,3,1,58,1,2,2,2,2,2,79400.0,81490.0,83496.0,84333.0,85444.0,87323.0,4000.0,3900.0,3100.0,3400.0,3400.0,3400.0,1
60000.0,2,3,2,24,0,0,0,0,0,0,60491.0,61319.0,56550.0,43279.0,28289.0,28013.0,2560.0,1593.0,1348.0,1012.0,1016.0,1007.0,1
90000.0,1,3,1,31,1,2,2,3,5,5,63276.0,61693.0,75670.0,83772.0,83401.0,81487.0,0.0,15000.0,10000.0,1500.0,0.0,1500.0,1
80000.0,2,2,2,25,0,0,0,0,0,0,81003.0,85894.0,87061.0,89008.0,93523.0,80288.0,8213.0,3491.0,3508.0,19523.0,3288.0,1570.0,1
80000.0,2,2,2,25,0,0,2,2,2,0,36841.0,39645.0,40713.0,41153.0,40036.0,40778.0,3900.0,2000.0,1575.0,0.0,1700.0,3700.0,1
30000.0,2,2,2,23,0,0,0,0,0,0,20059.0,21061.0,22092.0,23104.0,23420.0,24045.0,1641.0,1672.0,1684.0,1000.0,1000.0,1000.0,1
80000.0,2,2,1,34,1,2,2,2,2,2,46461.0,47526.0,46466.0,48183.0,49057.0,51091.0,2100.0,0.0,2800.0,1800.0,3000.0,0.0,1
30000.0,2,3,1,34,0,0,-1,2,-1,0,8090.0,0.0,3398.0,2855.0,2115.0,521.0,0.0,6253.0,0.0,2115.0,0.0,2000.0,1
340000.0,1,1,1,34,-1,-1,-1,-1,2,0,332.0,332.0,332.0,142202.0,139245.0,116431.0,332.0,332.0,142402.0,6.0,20032.0,3022.0,1
50000.0,1,2,2,25,1,2,0,0,0,0,15491.0,15934.0,17168.0,18376.0,19068.0,19760.0,1000.0,1500.0,1500.0,1000.0,1000.0,2500.0,1
60000.0,2,2,1,25,2,0,0,2,0,0,33598.0,34733.0,37460.0,36558.0,37945.0,38782.0,2000.0,3600.0,0.0,2000.0,1600.0,1600.0,1
20000.0,2,2,1,49,0,0,2,2,0,0,9589.0,11627.0,12145.0,12648.0,13438.0,14222.0,2200.0,1000.0,1000.0,1000.0,1000.0,1000.0,1
180000.0,2,2,1,60,2,2,2,0,0,0,178854.0,177159.0,177477.0,176197.0,170173.0,139649.0,2600.0,5022.0,5000.0,6000.0,7000.0,6000.0,1
50000.0,2,3,2,29,2,0,0,0,0,0,48259.0,48740.0,26953.0,27860.0,28420.0,29045.0,1726.0,1500.0,1376.0,936.0,1000.0,1100.0,1
50000.0,2,2,1,23,2,2,0,0,0,0,54866.0,51520.0,41711.0,22775.0,4215.0,3016.0,1000.0,1860.0,1600.0,452.0,100.0,114.0,1
20000.0,2,2,2,22,2,0,0,2,3,2,6655.0,9711.0,12450.0,13949.0,13437.0,13082.0,3200.0,2900.0,2000.0,0.0,0.0,4600.0,1
210000.0,2,2,1,37,0,0,-2,-2,-2,-2,22908.0,32513.0,6192.0,2885.0,8419.0,2810.0,32513.0,9.0,8.0,8444.0,3118.0,0.0,1
20000.0,1,2,1,61,3,4,3,2,2,4,18618.0,18040.0,17471.0,16893.0,21318.0,20412.0,0.0,0.0,0.0,4726.0,0.0,0.0,1
50000.0,1,2,1,44,2,-1,2,0,0,0,1473.0,2423.0,950.0,1560.0,1170.0,780.0,2423.0,0.0,1000.0,0.0,0.0,0.0,1
320000.0,2,1,2,27,1,-1,2,2,-2,-2,0.0,638.0,500.0,0.0,0.0,0.0,638.0,0.0,0.0,0.0,0.0,0.0,1
20000.0,2,2,2,26,2,2,2,2,2,0,10372.0,12897.0,12393.0,14185.0,13817.0,14434.0,3000.0,0.0,2000.0,0.0,1000.0,3000.0,1
50000.0,2,1,2,22,2,2,2,0,0,0,41632.0,44069.0,37395.0,32284.0,32805.0,33751.0,3509.0,0.0,1302.0,1191.0,1492.0,1949.0,1
50000.0,2,2,1,49,-1,-1,-1,-1,-1,-1,12515.0,9115.0,1198.0,198.0,1198.0,11198.0,9115.0,1198.0,198.0,1198.0,11198.0,29358.0,1
200000.0,2,2,2,27,-1,-1,2,0,0,-1,184.0,2250.0,823.0,823.0,-658.0,1266.0,2250.0,0.0,0.0,0.0,1924.0,0.0,1
20000.0,1,2,2,28,2,2,0,0,0,0,17429.0,16849.0,17187.0,8585.0,8760.0,12000.0,0.0,1202.0,1000.0,175.0,3240.0,0.0,1
180000.0,1,2,1,36,0,0,0,0,-1,-1,4524.0,6435.0,6894.0,8292.0,21866.0,0.0,2000.0,1200.0,2000.0,21866.0,0.0,0.0,1
320000.0,1,2,1,37,0,0,0,0,0,0,367670.0,374631.0,348144.0,311004.0,254598.0,227869.0,13200.0,13006.0,11500.0,9000.0,10000.0,8000.0,1
150000.0,2,2,1,42,-1,-1,-1,-1,-1,-1,3260.0,2270.0,5887.0,3935.0,3935.0,3935.0,2270.0,5887.0,3935.0,3935.0,3935.0,3935.0,1
50000.0,2,2,2,36,0,0,0,0,0,2,94228.0,47635.0,42361.0,19574.0,20295.0,19439.0,2000.0,1500.0,1000.0,1800.0,0.0,1000.0,1
20000.0,1,3,1,41,2,0,0,0,0,0,18738.0,18986.0,20110.0,19584.0,16539.0,19466.0,1376.0,1500.0,593.0,2701.0,4261.0,941.0,1
80000.0,2,2,2,26,-1,-1,-1,-1,-1,-1,390.0,390.0,390.0,0.0,780.0,0.0,390.0,390.0,0.0,780.0,0.0,0.0,1
30000.0,1,3,2,59,1,2,0,0,0,0,13486.0,12984.0,13991.0,14114.0,14406.0,14692.0,0.0,1528.0,651.0,668.0,674.0,683.0,1
60000.0,2,1,1,43,2,2,2,2,2,2,46806.0,47758.0,48669.0,49559.0,50608.0,51426.0,2000.0,2000.0,2000.0,2000.0,1806.0,2300.0,1
100000.0,2,2,1,50,2,2,2,2,2,2,44078.0,45077.0,47837.0,48678.0,48420.0,48888.0,2000.0,3841.0,1900.0,1900.0,1800.0,2000.0,1
80000.0,2,2,2,34,1,3,2,0,0,-2,84054.0,82194.0,78715.0,26681.0,0.0,0.0,3.0,5.0,1075.0,0.0,0.0,0.0,1
100000.0,2,1,1,52,2,2,2,2,2,2,40938.0,43036.0,45127.0,44183.0,47211.0,46401.0,3000.0,3000.0,0.0,4000.0,0.0,3000.0,1
10000.0,2,2,2,40,-2,-2,-2,-1,-1,-1,-4.0,-4.0,-4.0,26.0,326.0,-87.0,0.0,0.0,30.0,300.0,1000.0,2000.0,1
30000.0,2,2,1,27,2,2,2,2,0,0,19193.0,20084.0,20460.0,19836.0,20266.0,21568.0,1500.0,1000.0,0.0,900.0,1800.0,900.0,1
60000.0,2,1,2,28,2,2,2,2,2,2,22343.0,24678.0,25079.0,24380.0,26022.0,26542.0,3000.0,1100.0,0.0,2200.0,1100.0,1000.0,1
120000.0,2,2,2,29,-2,-2,-2,-2,-2,-2,3570.0,3362.0,0.0,0.0,0.0,0.0,0.0,0.0,0.0,0.0,0.0,6330.0,1
30000.0,1,2,3,43,2,2,2,2,2,2,14870.0,16327.0,16762.0,17182.0,17760.0,17327.0,2000.0,1000.0,1000.0,1000.0,0.0,1000.0,1
310000.0,1,1,1,29,1,2,0,0,0,0,191457.0,187341.0,70359.0,77884.0,87484.0,89633.0,651.0,15000.0,10000.0,10200.0,2149.0,299.0,1
140000.0,1,2,1,48,1,2,2,2,2,2,86114.0,87896.0,89397.0,90514.0,91661.0,90100.0,4100.0,3800.0,3500.0,3500.0,0.0,6900.0,1
160000.0,2,1,2,29,2,2,2,2,2,2,160432.0,163916.0,159676.0,166893.0,170098.0,153800.0,7500.0,0.0,11558.0,5800.0,0.0,5654.0,1
70000.0,2,1,1,35,2,2,2,2,2,2,51143.0,53185.0,55030.0,56530.0,55027.0,58461.0,3500.0,3300.0,3000.0,0.0,4500.0,2500.0,1
50000.0,2,2,1,34,2,0,0,2,2,0,62643.0,59851.0,65545.0,62672.0,57755.0,55512.0,2151.0,10000.0,2100.0,0.0,2000.0,1861.0,1
50000.0,2,3,1,40,2,2,0,0,0,0,49157.0,47990.0,38426.0,7816.0,7859.0,7979.0,0.0,2050.0,500.0,500.0,400.0,400.0,1
50000.0,1,3,1,53,2,2,2,2,2,2,45870.0,46944.0,45874.0,48326.0,47440.0,50426.0,2100.0,0.0,3500.0,0.0,3758.0,5.0,1
170000.0,2,1,2,31,-1,-1,-1,-1,0,-1,199.0,199.0,199.0,398.0,199.0,199.0,199.0,199.0,398.0,0.0,199.0,398.0,1
300000.0,2,1,2,31,0,0,0,-1,-1,0,34515.0,60700.0,33843.0,5045.0,10288.0,12565.0,30000.0,5000.0,5045.0,10288.0,5000.0,5000.0,1
50000.0,2,2,1,53,0,0,2,0,0,0,13868.0,14307.0,14762.0,15232.0,16988.0,17912.0,2000.0,1000.0,1000.0,2000.0,1200.0,2000.0,1
210000.0,1,1,2,33,1,-2,-2,-2,-1,-1,0.0,0.0,0.0,0.0,700.0,0.0,0.0,0.0,0.0,700.0,0.0,0.0,1
50000.0,2,1,2,22,2,2,0,0,0,0,50345.0,49245.0,50061.0,37766.0,29433.0,27537.0,0.0,1728.0,1730.0,1015.0,1000.0,1001.0,1
680000.0,2,1,2,30,0,0,-1,-1,-1,0,39639.0,-45.0,10251.0,25094.0,7327.0,167520.0,0.0,10296.0,25219.0,7341.0,163123.0,7267.0,1
110000.0,1,2,2,55,0,0,0,0,2,0,51716.0,113395.0,111693.0,115073.0,111811.0,111719.0,65668.0,4267.0,9455.0,0.0,3991.0,8071.0,1
50000.0,2,1,2,24,2,0,0,0,0,0,43878.0,42490.0,36540.0,16077.0,12134.0,12389.0,2068.0,2065.0,1246.0,450.0,451.0,475.0,1
80000.0,2,2,1,26,2,2,2,2,2,2,27458.0,28522.0,27770.0,29396.0,29974.0,30529.0,1800.0,0.0,2400.0,1200.0,1200.0,1200.0,1
60000.0,2,3,1,50,0,0,0,0,0,0,61600.0,61952.0,60661.0,29095.0,17636.0,31406.0,3300.0,2000.0,900.0,889.0,21500.0,3600.0,1
50000.0,2,1,2,27,3,2,2,7,7,7,300.0,300.0,300.0,300.0,300.0,300.0,0.0,0.0,0.0,0.0,0.0,0.0,1
150000.0,2,1,1,44,1,2,2,-1,-1,2,27270.0,24600.0,0.0,10195.0,24232.0,22000.0,0.0,0.0,10195.0,24232.0,0.0,0.0,1
50000.0,1,3,1,30,1,2,2,0,0,0,17479.0,18195.0,17614.0,18630.0,19000.0,19421.0,1300.0,0.0,1310.0,680.0,727.0,6000.0,1
70000.0,2,2,1,37,0,0,0,0,2,2,68886.0,60353.0,32488.0,35377.0,30159.0,29177.0,2850.0,1919.0,5154.0,1184.0,0.0,1213.0,1
360000.0,1,1,2,40,-1,3,2,-1,-1,2,499.0,499.0,499.0,13136.0,9160.0,2752.0,0.0,0.0,13169.0,2784.0,12.0,14293.0,1
220000.0,2,2,2,27,-1,-1,-1,-1,0,-1,1051.0,735.0,419.0,1470.0,1154.0,735.0,735.0,419.0,1470.0,0.0,735.0,2205.0,1
200000.0,1,2,1,39,-1,-1,-1,-1,-1,-1,326.0,326.0,326.0,326.0,326.0,326.0,326.0,326.0,326.0,326.0,326.0,326.0,1
210000.0,2,1,2,29,1,-2,-2,-2,-2,-2,0.0,0.0,0.0,0.0,0.0,0.0,0.0,0.0,0.0,0.0,0.0,0.0,1
200000.0,1,2,2,32,2,2,2,2,2,2,88808.0,86484.0,92504.0,90120.0,93629.0,96980.0,0.0,7421.0,0.0,5000.0,5000.0,5000.0,1
60000.0,1,1,2,36,1,2,2,2,2,2,28504.0,27747.0,32577.0,31754.0,34228.0,35128.0,0.0,5300.0,0.0,3000.0,1600.0,1000.0,1
80000.0,2,3,1,46,2,0,0,0,0,2,77490.0,80204.0,79650.0,81338.0,81438.0,80959.0,5000.0,4000.0,4003.0,13000.0,3515.0,0.0,1
420000.0,2,1,1,37,-1,-1,-1,-1,-1,-1,38386.0,316.0,9894.0,13811.0,12141.0,11820.0,316.0,9894.0,13811.0,12141.0,11820.0,38800.0,1
200000.0,2,2,1,37,1,-1,2,-1,-1,-1,-179.0,505.0,189.0,6773.0,23209.0,16893.0,1000.0,0.0,6900.0,24000.0,17000.0,2500.0,1
260000.0,2,1,2,30,-2,-2,-2,-2,-2,-2,893.0,2778.0,4052.0,977.0,977.0,452.0,2946.0,4052.0,977.0,977.0,452.0,2097.0,1
50000.0,1,3,1,42,2,0,0,2,0,0,10343.0,12161.0,15061.0,14400.0,16000.0,18000.0,2000.0,3100.0,0.0,2000.0,2000.0,0.0,1
20000.0,2,2,1,46,1,2,0,0,-2,-2,3098.0,2901.0,3800.0,0.0,0.0,0.0,0.0,1000.0,0.0,0.0,0.0,0.0,1
240000.0,1,2,1,38,2,2,-1,-1,0,0,7123.0,6848.0,836.0,2508.0,1672.0,836.0,836.0,836.0,2508.0,0.0,0.0,563.0,1
20000.0,2,2,1,25,1,-2,-2,-2,-2,-2,0.0,0.0,0.0,0.0,0.0,0.0,0.0,0.0,0.0,0.0,0.0,0.0,1
80000.0,2,2,1,60,1,-1,-1,-1,-1,-1,-2.0,759.0,596.0,-4.0,1426.0,1300.0,761.0,597.0,0.0,1430.0,1309.0,1844.0,1
110000.0,1,1,1,56,3,2,2,3,2,2,46335.0,45319.0,50030.0,48940.0,48026.0,55979.0,0.0,5800.0,0.0,0.0,8774.0,0.0,1
50000.0,2,4,1,33,2,0,-1,2,0,0,24890.0,25440.0,26191.0,25193.0,25742.0,27171.0,1925.0,28293.0,0.0,1100.0,2030.0,0.0,1
20000.0,2,2,2,22,0,0,0,0,0,0,15499.0,16505.0,35110.0,19495.0,19019.0,18134.0,1270.0,1320.0,2260.0,784.0,1000.0,2000.0,1
80000.0,2,3,1,35,1,2,2,2,2,2,68423.0,70002.0,71389.0,73788.0,74463.0,72834.0,3300.0,3100.0,4204.0,2790.0,0.0,3043.0,1
10000.0,2,2,1,46,1,2,2,2,2,2,7660.0,8689.0,8403.0,9505.0,8889.0,10263.0,1306.0,0.0,1735.0,0.0,2000.0,0.0,1
110000.0,1,2,2,24,-2,-2,-2,-2,-2,-2,326.0,326.0,176.0,-150.0,150.0,952.0,326.0,176.0,0.0,952.0,952.0,0.0,1
170000.0,2,2,2,56,-1,-1,-1,-1,-1,-1,4767.0,0.0,451.0,0.0,424.0,1482.0,0.0,451.0,0.0,424.0,1482.0,688.0,1
360000.0,1,1,1,44,-2,-2,-2,-2,-2,-2,188.0,1610.0,1088.0,7870.0,5988.0,342.0,1610.0,1088.0,7870.0,5988.0,342.0,7159.0,1
30000.0,1,2,1,38,0,0,-1,-1,-1,-1,18526.0,12529.0,5937.0,5880.0,1680.0,0.0,1500.0,5937.0,5888.0,1680.0,0.0,0.0,1
260000.0,2,1,1,44,-1,2,2,-1,-1,-2,1215.0,856.0,291.0,803.0,98.0,431.0,0.0,291.0,803.0,98.0,431.0,1104.0,1
20000.0,1,3,2,23,2,2,2,2,3,2,15034.0,17676.0,17100.0,19111.0,18525.0,18080.0,3200.0,0.0,2600.0,0.0,0.0,1700.0,1
120000.0,2,2,1,28,1,2,0,0,0,0,60188.0,58467.0,59760.0,60990.0,61960.0,65233.0,0.0,3000.0,3000.0,3000.0,5000.0,0.0,1
360000.0,2,1,2,33,-1,0,0,0,0,0,5334.0,6849.0,68133.0,71708.0,58551.0,54678.0,3017.0,65009.0,6784.0,3041.0,5044.0,3042.0,1
20000.0,1,2,2,23,2,2,2,0,0,-2,7130.0,9455.0,9159.0,10000.0,0.0,0.0,2455.0,0.0,1000.0,0.0,0.0,0.0,1
90000.0,1,3,2,23,3,2,0,0,0,0,92154.0,87700.0,61110.0,14223.0,9784.0,5155.0,0.0,2200.0,1000.0,477.0,103.0,0.0,1
50000.0,1,2,2,43,0,0,0,0,0,0,12661.0,13743.0,14777.0,12404.0,10777.0,16597.0,1600.0,1605.0,2000.0,500.0,6000.0,6000.0,1
80000.0,2,3,1,53,1,-1,-1,-2,-2,-1,0.0,1710.0,0.0,0.0,0.0,496.0,1710.0,0.0,0.0,0.0,496.0,2560.0,1
70000.0,2,2,1,32,3,3,4,4,5,6,31507.0,33699.0,35839.0,37954.0,39787.0,41601.0,3000.0,3000.0,3000.0,3000.0,3000.0,0.0,1
80000.0,2,3,1,46,0,0,-1,2,-1,-1,25505.0,14696.0,1278.0,1107.0,16634.0,2136.0,1000.0,2278.0,0.0,17000.0,2500.0,0.0,1
30000.0,2,1,2,24,0,-1,2,-1,0,0,2880.0,3285.0,2280.0,248.0,248.0,-150.0,3285.0,0.0,248.0,0.0,0.0,0.0,1
30000.0,1,3,1,43,1,3,2,2,2,2,22494.0,21845.0,21207.0,23491.0,22818.0,24321.0,0.0,0.0,2645.0,0.0,2029.0,1027.0,1
70000.0,2,3,1,46,0,0,0,2,2,2,11332.0,12093.0,13891.0,13371.0,14654.0,14271.0,1250.0,2000.0,0.0,1500.0,0.0,600.0,1
150000.0,1,1,1,37,-2,-2,-2,-2,-2,-2,22109.0,10876.0,10268.0,5872.0,3068.0,2181.0,10943.0,10273.0,5978.0,3068.0,2181.0,3242.0,1
200000.0,2,3,2,63,-1,3,2,-1,-1,-1,632.0,632.0,316.0,316.0,316.0,316.0,0.0,0.0,316.0,316.0,316.0,316.0,1
80000.0,2,1,2,34,-1,2,-1,-1,-1,-1,652.0,326.0,326.0,326.0,326.0,326.0,0.0,326.0,326.0,326.0,326.0,326.0,1
150000.0,1,2,1,52,2,2,2,2,2,0,131953.0,136386.0,140830.0,146050.0,142241.0,145559.0,8100.0,8100.0,9000.0,0.0,5578.0,5304.0,1
360000.0,2,2,2,34,1,-2,-2,-1,-1,-2,0.0,0.0,0.0,700.0,0.0,0.0,0.0,0.0,700.0,0.0,0.0,0.0,1
130000.0,1,2,1,44,2,0,0,0,0,2,16357.0,17287.0,19992.0,22329.0,23964.0,23428.0,1500.0,3000.0,3000.0,2000.0,0.0,1500.0,1
100000.0,2,2,2,31,-2,-2,-2,-2,-2,-2,4576.0,1872.0,2511.0,3333.0,2765.0,900.0,1872.0,2517.0,3339.0,2765.0,900.0,2575.0,1
290000.0,2,2,1,49,0,0,0,0,0,0,282538.0,281749.0,238490.0,86202.0,83155.0,84927.0,10711.0,12915.0,2962.0,2863.0,2996.0,3257.0,1
20000.0,2,2,1,46,1,2,2,-1,0,-1,4426.0,2735.0,-211.0,1863.0,390.0,390.0,0.0,0.0,2253.0,0.0,390.0,1735.0,1
170000.0,2,1,2,28,2,2,2,2,2,2,131864.0,133897.0,129761.0,138604.0,136283.0,145012.0,5600.0,0.0,11000.0,0.0,11000.0,5656.0,1
20000.0,1,3,1,40,3,2,2,2,2,2,300.0,300.0,300.0,300.0,300.0,300.0,0.0,0.0,0.0,0.0,0.0,0.0,1
310000.0,1,2,1,42,-2,-2,-2,-2,-2,-2,2647.0,4206.0,1858.0,3057.0,2538.0,3069.0,4206.0,1858.0,3057.0,2538.0,3069.0,6591.0,1
10000.0,1,2,2,27,0,0,0,0,0,0,8257.0,7995.0,4878.0,5444.0,2639.0,2697.0,2000.0,1100.0,600.0,300.0,300.0,1000.0,1
270000.0,1,1,1,37,0,0,0,0,0,0,156346.0,159223.0,165480.0,76144.0,77944.0,76577.0,7000.0,9000.0,5000.0,3000.0,3000.0,3000.0,1
450000.0,2,2,2,36,1,-2,-2,-2,-2,-2,0.0,0.0,0.0,0.0,0.0,0.0,0.0,0.0,0.0,0.0,0.0,0.0,1
90000.0,2,2,1,58,1,2,2,2,2,0,25941.0,25722.0,28015.0,28262.0,27509.0,28082.0,500.0,3000.0,1000.0,0.0,1017.0,2433.0,1
480000.0,2,2,2,31,-1,-1,-1,-1,-1,-1,1759.0,1759.0,1759.0,1759.0,1759.0,1759.0,1759.0,1759.0,1759.0,1759.0,1759.0,1759.0,1
90000.0,1,3,1,49,2,2,2,2,2,2,74766.0,76470.0,77514.0,78730.0,80316.0,82321.0,3500.0,2900.0,3100.0,3000.0,3500.0,6500.0,1
60000.0,2,2,3,64,2,0,0,0,0,0,24541.0,25838.0,27022.0,28357.0,28992.0,24505.0,2000.0,2000.0,2000.0,1000.0,1000.0,2000.0,1
220000.0,1,1,2,34,-2,-2,-2,-2,-2,-2,416.0,416.0,416.0,416.0,416.0,416.0,416.0,832.0,416.0,416.0,416.0,416.0,1
120000.0,2,1,1,34,1,-2,-1,-1,-1,0,0.0,0.0,1471.0,3094.0,12623.0,10446.0,0.0,1471.0,3103.0,12623.0,0.0,1446.0,1
90000.0,2,2,2,27,0,0,2,0,0,0,97973.0,100442.0,89242.0,82784.0,53609.0,49048.0,12500.0,2.0,5085.0,5000.0,3000.0,1004.0,1
100000.0,1,1,2,32,-1,-1,-1,-1,2,-1,671.0,671.0,671.0,1642.0,821.0,671.0,671.0,671.0,1642.0,0.0,671.0,671.0,1
220000.0,2,2,2,30,1,2,0,0,0,0,5627.0,5391.0,6442.0,7458.0,8177.0,111816.0,0.0,1300.0,1281.0,1000.0,103860.0,4346.0,1
50000.0,1,1,2,34,2,0,0,0,0,0,13731.0,13974.0,7891.0,4600.0,5554.0,5481.0,1530.0,2004.0,1000.0,1008.0,1400.0,600.0,1
200000.0,2,2,1,25,0,0,0,0,0,0,108174.0,111378.0,113751.0,110828.0,110592.0,103734.0,5000.0,4200.0,3820.0,4000.0,3760.0,4006.0,1
50000.0,2,2,1,38,0,0,0,0,-2,-2,6350.0,3239.0,4166.0,0.0,0.0,0.0,1100.0,1000.0,0.0,0.0,0.0,0.0,1
30000.0,2,2,1,42,2,0,0,0,0,0,5288.0,6310.0,8693.0,11541.0,13344.0,15118.0,1117.0,2500.0,3000.0,2000.0,2000.0,553.0,1
100000.0,2,3,1,44,2,2,0,0,0,2,12724.0,12228.0,13255.0,13959.0,14921.0,14539.0,0.0,1529.0,1233.0,1195.0,0.0,1300.0,1
200000.0,1,1,1,46,2,2,2,2,2,2,64158.0,65506.0,66872.0,65199.0,79104.0,80692.0,3000.0,3000.0,0.0,15000.0,3000.0,3000.0,1
260000.0,1,1,2,31,-1,-1,-1,-1,-1,-1,500.0,0.0,832.0,0.0,284.0,463.0,0.0,832.0,0.0,284.0,463.0,0.0,1
30000.0,1,2,2,30,0,-1,0,0,0,0,30210.0,27826.0,28672.0,29622.0,30271.0,24536.0,28000.0,1600.0,1500.0,1000.0,1000.0,1000.0,1
30000.0,1,1,1,42,1,2,2,2,0,0,20214.0,19596.0,21972.0,21321.0,21897.0,22395.0,0.0,3005.0,0.0,930.0,1000.0,2000.0,1
140000.0,2,1,2,26,0,0,0,0,0,0,137789.0,135240.0,211542.0,132019.0,101731.0,108687.0,5000.0,7027.0,6032.0,4000.0,8700.0,0.0,1
30000.0,2,2,2,27,2,2,2,2,2,2,15191.0,16144.0,16383.0,16518.0,16907.0,17279.0,1500.0,800.0,700.0,800.0,800.0,800.0,1
50000.0,2,3,1,50,1,-1,3,2,2,-1,0.0,1381.0,1214.0,1494.0,457.0,5523.0,1381.0,0.0,457.0,0.0,5523.0,10379.0,1
100000.0,1,2,2,34,2,2,2,2,2,2,54126.0,57919.0,57778.0,59227.0,58151.0,61966.0,5300.0,1400.0,3000.0,0.0,4800.0,2500.0,1
80000.0,2,2,2,24,-1,-1,2,0,0,0,2152.0,3832.0,3587.0,3332.0,3400.0,-300.0,2245.0,0.0,267.0,68.0,0.0,0.0,1
120000.0,1,2,1,31,2,2,2,2,2,2,53672.0,56495.0,57455.0,58127.0,59367.0,60333.0,4300.0,2500.0,2200.0,2300.0,2114.0,1.0,1
190000.0,1,2,1,42,0,0,0,0,0,0,3747.0,3313.0,4085.0,4742.0,5875.0,7037.0,1000.0,1004.0,1500.0,1500.0,1267.0,1500.0,1
50000.0,1,2,1,41,0,0,0,0,0,0,49401.0,50079.0,50463.0,49407.0,29708.0,29308.0,1803.0,1988.0,1514.0,1041.0,1056.0,1078.0,1
200000.0,2,1,1,35,2,0,0,0,0,0,195441.0,192803.0,304997.0,188504.0,189527.0,192851.0,8597.0,8583.0,6880.0,7235.0,6839.0,6600.0,1
60000.0,1,3,1,38,2,2,2,0,0,0,32232.0,25086.0,24404.0,25212.0,28147.0,30152.0,4000.0,0.0,1500.0,3500.0,2600.0,0.0,1
30000.0,1,3,2,25,2,0,0,0,0,2,23421.0,24228.0,25331.0,26347.0,27508.0,30118.0,1500.0,1500.0,1439.0,1600.0,3200.0,0.0,1
230000.0,2,2,1,34,0,0,0,0,0,0,234328.0,234211.0,157345.0,155335.0,153427.0,150514.0,8913.0,5449.0,5339.0,5370.0,4435.0,4432.0,1
140000.0,2,2,2,30,3,2,2,2,-1,-1,3043.0,4168.0,1420.0,0.0,49.0,49.0,1423.0,2.0,0.0,49.0,0.0,0.0,1
300000.0,2,2,1,39,-1,-1,-1,-1,-1,-1,6192.0,4784.0,6462.0,456.0,-2056.0,5251.0,4790.0,6462.0,456.0,0.0,14447.0,9196.0,1
240000.0,2,2,1,56,2,2,-2,-2,-2,-2,2500.0,0.0,0.0,0.0,0.0,0.0,0.0,0.0,0.0,0.0,0.0,0.0,1
10000.0,2,2,2,33,0,0,0,0,0,-1,15004.0,8663.0,9437.0,9630.0,8399.0,1697.0,2452.0,1000.0,193.0,168.0,1734.0,770.0,1
280000.0,2,1,1,51,-2,-1,-1,-2,-1,-1,390.0,11223.0,15225.0,4951.0,2408.0,8360.0,11223.0,15262.0,4951.0,2408.0,8360.0,6202.0,1
50000.0,1,1,2,27,2,2,-2,-1,2,2,1893.0,0.0,0.0,71.0,71.0,3871.0,0.0,0.0,71.0,0.0,3800.0,0.0,1
100000.0,1,3,2,28,-1,0,0,-1,-1,-1,103728.0,104908.0,65800.0,18300.0,33336.0,31558.0,3184.0,3000.0,18300.0,33336.0,984.0,63000.0,1
10000.0,1,2,2,22,1,2,2,2,2,2,6829.0,6571.0,8950.0,8658.0,9413.0,9117.0,0.0,2500.0,0.0,900.0,0.0,971.0,1
20000.0,1,2,1,43,2,2,2,2,0,0,17233.0,18639.0,20035.0,19333.0,18135.0,14366.0,2000.0,2000.0,0.0,1000.0,500.0,1950.0,1
210000.0,1,2,2,28,2,0,0,-1,0,0,209479.0,211302.0,-4244.0,205759.0,151849.0,150221.0,10000.0,2572.0,213509.0,6022.0,5817.0,4048.0,1
60000.0,1,2,1,37,3,4,3,2,2,2,30381.0,29986.0,29210.0,29729.0,30505.0,32232.0,366.0,0.0,1300.0,1400.0,2400.0,2300.0,1
200000.0,2,3,1,57,1,-2,-2,-2,-2,-2,0.0,0.0,0.0,0.0,0.0,0.0,0.0,0.0,0.0,0.0,0.0,0.0,1
80000.0,2,2,1,27,1,2,2,2,2,-1,3970.0,1603.0,3740.0,2000.0,0.0,2096.0,0.0,2191.0,0.0,0.0,2096.0,0.0,1
60000.0,1,2,1,36,0,0,0,0,0,0,37129.0,37593.0,37841.0,38634.0,28811.0,28907.0,1602.0,1989.0,1782.0,1169.0,1196.0,1152.0,1
260000.0,1,1,2,29,2,2,2,2,2,2,2497.0,2497.0,2497.0,2497.0,2497.0,2497.0,0.0,0.0,0.0,0.0,0.0,0.0,1
120000.0,2,2,1,39,-1,-1,-1,-1,-1,-1,316.0,316.0,316.0,0.0,632.0,316.0,316.0,316.0,0.0,632.0,316.0,0.0,1
50000.0,1,3,2,34,1,2,2,2,2,2,33776.0,34824.0,33988.0,36311.0,36918.0,36191.0,1900.0,0.0,3200.0,1500.0,0.0,3000.0,1
260000.0,1,4,1,48,0,0,0,0,0,0,135437.0,65892.0,60762.0,52402.0,51391.0,43070.0,19020.0,19002.0,19001.0,20002.0,18063.0,119660.0,1
70000.0,2,2,2,26,2,2,0,0,2,2,42053.0,41087.0,42445.0,45020.0,44006.0,46905.0,0.0,2007.0,3582.0,0.0,3601.0,0.0,1
220000.0,2,2,2,46,0,0,0,2,2,0,86957.0,85577.0,91266.0,88051.0,81803.0,79286.0,4000.0,12000.0,3100.0,0.0,2900.0,3000.0,1
210000.0,2,3,2,33,1,-2,-1,-1,-1,-1,0.0,0.0,3104.0,4056.0,565.0,960.0,0.0,3104.0,4056.0,565.0,960.0,1958.0,1
80000.0,2,2,1,26,0,0,0,0,-2,-2,77758.0,80468.0,82150.0,0.0,0.0,0.0,4000.0,4000.0,0.0,0.0,0.0,0.0,1
160000.0,1,2,2,26,4,3,3,3,2,2,152924.0,152142.0,155201.0,157202.0,153311.0,162973.0,3200.0,7000.0,6000.0,0.0,12000.0,0.0,1
50000.0,1,2,1,43,0,0,0,0,0,0,15941.0,14154.0,15109.0,14125.0,14034.0,14946.0,1255.0,1210.0,487.0,508.0,1534.0,526.0,1
130000.0,1,1,1,40,2,2,0,0,0,0,80987.0,79085.0,82799.0,86407.0,88959.0,97487.0,0.0,5000.0,5000.0,4000.0,10000.0,3724.0,1
100000.0,1,1,2,30,0,0,0,0,0,0,100544.0,101167.0,101007.0,97862.0,79099.0,79812.0,4511.0,3711.0,3685.0,2797.0,2897.0,3046.0,1
30000.0,2,2,1,39,2,2,0,0,0,2,9884.0,9586.0,10318.0,10522.0,11354.0,11022.0,0.0,1200.0,375.0,1000.0,0.0,1000.0,1
200000.0,2,1,2,34,1,-2,-2,-1,2,2,0.0,0.0,0.0,347.0,197.0,2917.0,0.0,0.0,347.0,0.0,2720.0,0.0,1
30000.0,2,2,2,30,0,0,0,0,0,0,24482.0,25571.0,26294.0,27308.0,27853.0,28504.0,1800.0,1441.0,1455.0,1000.0,1100.0,2500.0,1
200000.0,1,2,2,27,2,0,0,0,0,0,189605.0,191628.0,180604.0,181273.0,180385.0,185370.0,14635.0,10019.0,8029.0,7010.0,10022.0,7049.0,1
300000.0,2,1,1,47,3,2,2,2,2,2,5000.0,5000.0,5000.0,5000.0,5000.0,5000.0,0.0,0.0,0.0,0.0,0.0,0.0,1
50000.0,2,2,2,24,2,0,0,0,0,0,48690.0,48384.0,49450.0,49706.0,9472.0,9671.0,2078.0,2144.0,1400.0,339.0,352.0,500.0,1
90000.0,2,2,2,24,1,-2,-2,-2,-2,-2,0.0,0.0,0.0,0.0,0.0,0.0,0.0,0.0,0.0,0.0,0.0,0.0,1
70000.0,2,2,1,44,2,2,2,2,2,2,12662.0,13661.0,13145.0,14123.0,13754.0,14724.0,1500.0,0.0,1200.0,0.0,1200.0,0.0,1
10000.0,1,2,2,21,0,0,0,0,0,0,9042.0,10038.0,9784.0,9984.0,9780.0,0.0,1305.0,1000.0,200.0,196.0,0.0,0.0,1
140000.0,2,1,1,37,0,0,2,2,2,2,124375.0,133384.0,135691.0,137675.0,135371.0,138455.0,11000.0,6000.0,5700.0,0.0,5500.0,5000.0,1
80000.0,2,2,2,27,0,0,0,-1,0,0,36406.0,31472.0,10246.0,20202.0,20077.0,20247.0,2000.0,5056.0,20202.0,726.0,891.0,10000.0,1
160000.0,2,3,1,51,2,2,2,2,2,2,142064.0,144900.0,146534.0,147955.0,145488.0,155041.0,6600.0,5500.0,5310.0,0.0,12000.0,0.0,1
240000.0,2,2,1,43,-1,2,0,-1,0,0,2077.0,1588.0,41513.0,10657.0,7893.0,5347.0,0.0,41000.0,10657.0,0.0,5041.0,9190.0,1
50000.0,1,3,1,52,0,0,0,0,0,-1,47594.0,48611.0,49063.0,16908.0,13112.0,2280.0,2200.0,2343.0,1178.0,654.0,2280.0,390.0,1
450000.0,2,3,1,56,1,-1,-1,-1,-1,-1,-4.0,831.0,-3.0,646.0,-2.0,418.0,835.0,0.0,649.0,0.0,420.0,1204.0,1
300000.0,2,2,1,34,1,2,0,0,0,-1,6451.0,4828.0,6858.0,8048.0,1701.0,2920.0,0.0,4004.0,2000.0,0.0,2920.0,2282.0,1
30000.0,1,1,1,40,-1,-1,-1,-1,-1,-1,1047.0,447.0,318.0,258.0,0.0,318.0,447.0,318.0,258.0,0.0,318.0,1991.0,1
20000.0,1,3,2,53,0,0,0,0,0,0,19165.0,16851.0,14431.0,9150.0,10100.0,0.0,3000.0,3000.0,5000.0,6000.0,0.0,0.0,1
50000.0,2,2,2,23,0,0,0,0,0,0,34997.0,36030.0,36740.0,37469.0,38254.0,39014.0,1900.0,1610.0,1339.0,1387.0,1395.0,1452.0,1
170000.0,1,2,2,26,0,0,0,0,0,0,164408.0,153323.0,152429.0,154704.0,96724.0,73916.0,5700.0,7400.0,5600.0,4500.0,3000.0,3500.0,1
20000.0,1,3,2,40,0,0,0,0,0,-1,17613.0,18897.0,34964.0,9376.0,9620.0,780.0,1590.0,1208.0,1276.0,520.0,1560.0,0.0,1
80000.0,1,3,1,41,1,-1,0,0,0,-1,-1645.0,78379.0,76304.0,52774.0,11855.0,48944.0,85900.0,3409.0,1178.0,1926.0,52964.0,1804.0,1
480000.0,1,1,1,58,-2,-2,-2,-2,-2,-2,24610.0,-310.0,148544.0,18791.0,5909.0,68988.0,4.0,149654.0,18885.0,5940.0,69337.0,200655.0,1
30000.0,2,2,1,26,2,2,2,2,2,2,30372.0,30954.0,30670.0,29856.0,30584.0,27883.0,1805.0,2074.0,0.0,2304.0,0.0,2400.0,1
100000.0,2,3,1,35,2,2,2,2,2,2,93983.0,97002.0,102698.0,97997.0,103384.0,97266.0,5500.0,8200.0,0.0,8000.0,0.0,8600.0,1
200000.0,2,2,2,34,0,0,2,2,0,0,189490.0,204278.0,207559.0,202518.0,164682.0,168224.0,18000.0,8000.0,0.0,6000.0,6200.0,7000.0,1
160000.0,2,2,1,41,2,2,2,0,0,-2,24674.0,23583.0,22983.0,22983.0,0.0,0.0,2800.0,0.0,200.0,0.0,0.0,0.0,1
20000.0,1,2,1,36,3,2,2,2,2,2,17500.0,16926.0,19260.0,18653.0,20041.0,19582.0,0.0,2921.0,0.0,1702.0,0.0,1594.0,1
30000.0,1,2,2,27,3,2,2,4,4,4,1650.0,1650.0,1650.0,1650.0,1650.0,1650.0,0.0,0.0,0.0,0.0,0.0,0.0,1
140000.0,1,2,1,38,0,0,0,0,0,0,135261.0,137999.0,141532.0,75815.0,65099.0,66445.0,4494.0,5303.0,2806.0,1825.0,1880.0,1901.0,1
30000.0,2,2,2,53,-1,-1,0,0,0,0,356.0,15666.0,16863.0,7380.0,8580.0,10000.0,15700.0,2000.0,2000.0,1200.0,2200.0,0.0,1
130000.0,2,1,2,29,-1,-1,-1,-1,0,0,280.0,1954.0,304.0,978.0,652.0,326.0,2038.0,311.0,1000.0,0.0,0.0,326.0,1
80000.0,2,2,1,34,2,2,2,0,0,0,17294.0,22256.0,21660.0,22055.0,22603.0,23133.0,5210.0,0.0,1000.0,1000.0,1000.0,1000.0,1
310000.0,2,2,2,36,0,0,0,0,0,0,298221.0,303251.0,270591.0,252989.0,225814.0,231165.0,10500.0,9672.0,8826.0,8100.0,9000.0,8619.0,1
30000.0,2,2,1,34,-1,-1,2,-1,-1,3,5088.0,996.0,888.0,656.0,1957.0,1536.0,996.0,0.0,656.0,1957.0,0.0,0.0,1
180000.0,1,2,1,36,2,2,-2,-2,-2,-2,83538.0,0.0,0.0,0.0,0.0,0.0,0.0,0.0,0.0,0.0,0.0,0.0,1
20000.0,1,2,1,34,0,0,2,0,0,0,12619.0,14896.0,14360.0,14921.0,15328.0,16474.0,2800.0,0.0,800.0,800.0,1400.0,1000.0,1
120000.0,2,2,3,37,2,2,2,2,2,2,26446.0,27719.0,27570.0,28318.0,29217.0,28598.0,2000.0,600.0,1500.0,1500.0,0.0,1056.0,1
100000.0,1,2,2,38,2,0,0,0,0,-1,106989.0,98751.0,32099.0,18811.0,9960.0,10000.0,3910.0,1733.0,1000.0,1149.0,10000.0,0.0,1
40000.0,2,2,1,25,0,0,0,0,0,2,40633.0,40633.0,40311.0,39380.0,41389.0,40628.0,1950.0,4300.0,2000.0,2938.0,0.0,3700.0,1
150000.0,2,2,1,33,1,2,0,0,0,0,42932.0,42010.0,46007.0,47978.0,49100.0,50181.0,0.0,5000.0,3000.0,2000.0,2000.0,2000.0,1
150000.0,2,1,1,38,1,-2,-2,-2,-2,-2,0.0,0.0,0.0,0.0,0.0,0.0,0.0,0.0,0.0,0.0,0.0,0.0,1
30000.0,2,1,1,48,0,0,0,2,2,2,25265.0,26529.0,30090.0,28908.0,30472.0,29483.0,2000.0,4000.0,0.0,2400.0,0.0,1500.0,1
300000.0,2,3,2,29,-2,-2,-2,-2,-2,-2,-140.0,28092.0,3572.0,195.0,209.0,990.0,28232.0,3589.0,195.0,210.0,994.0,0.0,1
210000.0,2,1,2,30,1,-2,-2,-2,-1,-1,0.0,0.0,0.0,0.0,49525.0,0.0,0.0,0.0,0.0,49525.0,0.0,0.0,1
150000.0,2,2,2,37,0,0,0,0,0,0,80463.0,82513.0,84271.0,43832.0,33963.0,34638.0,3348.0,3490.0,1402.0,1233.0,1240.0,1284.0,1
130000.0,1,2,2,33,2,2,3,2,0,0,20091.0,21459.0,20832.0,21386.0,22227.0,23466.0,2000.0,0.0,1200.0,1200.0,1600.0,1500.0,1
20000.0,1,3,2,47,1,2,0,0,0,2,17629.0,17053.0,17796.0,18729.0,19049.0,17300.0,0.0,1325.0,1258.0,1373.0,0.0,602.0,1
200000.0,2,2,2,29,1,-2,-2,-2,-2,-2,0.0,0.0,0.0,0.0,0.0,0.0,0.0,0.0,0.0,0.0,0.0,246.0,1
50000.0,2,2,2,22,1,-2,-2,-2,-2,-2,0.0,0.0,0.0,0.0,0.0,0.0,0.0,0.0,0.0,0.0,0.0,0.0,1
100000.0,2,1,2,25,1,2,0,0,0,0,97271.0,88596.0,89218.0,63243.0,42510.0,41221.0,0.0,4950.0,2400.0,1200.0,1400.0,1203.0,1
360000.0,2,3,2,45,-2,-2,-2,-2,-2,-2,0.0,0.0,0.0,0.0,0.0,0.0,0.0,0.0,0.0,0.0,0.0,0.0,1
20000.0,2,3,1,37,1,2,0,0,2,0,15829.0,15283.0,16429.0,19764.0,19140.0,6420.0,0.0,1700.0,4000.0,0.0,1000.0,0.0,1
90000.0,2,2,1,47,2,2,2,0,0,2,61066.0,62999.0,61388.0,64376.0,67347.0,74960.0,3500.0,0.0,4000.0,4000.0,8900.0,0.0,1
40000.0,2,2,2,23,2,2,2,0,0,0,8160.0,9197.0,9895.0,11420.0,12723.0,14360.0,1327.0,1000.0,2000.0,1500.0,2000.0,0.0,1
240000.0,2,3,2,35,-2,-2,-2,-2,-2,-2,0.0,0.0,0.0,0.0,0.0,0.0,0.0,0.0,0.0,0.0,0.0,0.0,1
180000.0,1,2,2,34,1,-2,-2,-2,-2,-2,149172.0,100466.0,98458.0,89384.0,88315.0,84320.0,4600.0,4207.0,3500.0,4000.0,5000.0,602.0,1
200000.0,2,2,1,33,0,0,0,0,0,0,103876.0,66894.0,12475.0,14208.0,15270.0,14880.0,2034.0,3000.0,2083.0,10000.0,0.0,1286.0,1
30000.0,1,2,1,45,1,2,2,0,0,2,14286.0,15304.0,14766.0,14763.0,16662.0,16247.0,1542.0,0.0,539.0,2148.0,0.0,724.0,1
50000.0,1,1,2,32,0,0,2,3,2,2,15068.0,18303.0,20107.0,19496.0,18885.0,20581.0,3500.0,2400.0,0.0,0.0,2000.0,0.0,1
200000.0,2,1,2,30,-1,-1,2,2,2,2,182967.0,194924.0,75635.0,94454.0,60875.0,41221.0,15349.0,10.0,32000.0,0.0,3000.0,0.0,1
40000.0,2,3,1,55,2,2,7,7,7,7,2400.0,2400.0,2400.0,2400.0,2400.0,2400.0,0.0,0.0,0.0,0.0,0.0,0.0,1
250000.0,2,1,2,29,2,2,2,2,2,2,124780.0,127168.0,125721.0,122209.0,126129.0,127847.0,5900.0,4500.0,0.0,5954.0,3900.0,4826.0,1
100000.0,2,2,2,31,0,0,0,0,0,0,101458.0,101207.0,101421.0,101111.0,101384.0,101358.0,3800.0,4000.0,3602.0,3719.0,3700.0,7800.0,1
130000.0,2,3,2,36,1,-2,-2,-2,-2,-2,0.0,0.0,0.0,0.0,0.0,0.0,0.0,0.0,0.0,0.0,0.0,0.0,1
80000.0,2,2,1,25,0,0,0,0,0,0,73267.0,74425.0,76347.0,51150.0,43193.0,44230.0,2971.0,3435.0,1750.0,1593.0,1730.0,1972.0,1
30000.0,2,3,1,29,1,2,2,2,2,2,27705.0,28452.0,29693.0,30206.0,30309.0,28218.0,1500.0,2000.0,1500.0,1044.0,0.0,2000.0,1
270000.0,1,1,1,51,-1,-1,-1,-1,-2,-2,19984.0,2099.0,12985.0,0.0,0.0,0.0,2099.0,13056.0,0.0,0.0,0.0,0.0,1
50000.0,2,1,1,25,0,0,0,0,0,0,30479.0,31200.0,31817.0,29229.0,29529.0,30053.0,1528.0,1461.0,1030.0,1070.0,1320.0,1212.0,1
230000.0,2,2,1,46,-1,-1,-1,-1,-1,-1,782.0,316.0,0.0,632.0,316.0,2398.0,316.0,0.0,632.0,316.0,2398.0,1783.0,1
50000.0,2,1,2,27,3,2,2,2,2,2,33202.0,34370.0,34806.0,35433.0,36216.0,36969.0,2000.0,1300.0,1500.0,1500.0,1500.0,1100.0,1
20000.0,2,2,2,22,-1,3,2,2,0,0,18021.0,17439.0,17466.0,17846.0,18310.0,18923.0,0.0,600.0,1000.0,1000.0,1000.0,700.0,1
10000.0,1,2,2,38,2,2,3,3,3,3,1050.0,1050.0,1050.0,1050.0,1050.0,1050.0,0.0,0.0,0.0,0.0,0.0,0.0,1
40000.0,2,2,2,23,2,2,2,0,0,0,33313.0,34086.0,33239.0,33938.0,34694.0,35389.0,1600.0,0.0,1250.0,1300.0,1270.0,2800.0,1
30000.0,1,2,1,23,2,2,2,2,2,2,27172.0,28224.0,29276.0,28635.0,30127.0,30525.0,1800.0,1800.0,150.0,2250.0,1000.0,0.0,1
30000.0,2,3,1,38,2,2,0,0,2,2,5685.0,5448.0,7347.0,8024.0,7751.0,9607.0,0.0,2000.0,800.0,0.0,2000.0,0.0,1
110000.0,2,1,2,29,2,0,0,0,0,0,106321.0,107630.0,106354.0,79154.0,69988.0,69018.0,4334.0,4250.0,2946.0,2506.0,2458.0,2524.0,1
280000.0,2,2,1,39,1,-1,0,0,0,0,-1312.0,35918.0,37297.0,37154.0,32581.0,33316.0,38621.0,2000.0,1130.0,922.0,1011.0,5000.0,1
90000.0,2,2,1,31,2,2,0,0,0,0,90089.0,91196.0,89779.0,89214.0,88847.0,88724.0,3500.0,4400.0,5013.0,4000.0,4000.0,4000.0,1
30000.0,1,3,2,28,1,2,2,2,0,0,25554.0,28031.0,28345.0,27591.0,28218.0,29880.0,3204.0,1068.0,0.0,1068.0,2136.0,600.0,1
20000.0,1,3,2,59,2,2,2,2,4,3,16357.0,19074.0,18482.0,20329.0,19616.0,19303.0,3000.0,0.0,2300.0,0.0,0.0,0.0,1
60000.0,1,1,1,51,0,0,0,3,2,0,35619.0,36688.0,40841.0,39952.0,38081.0,36483.0,1647.0,4800.0,0.0,0.0,1326.0,3500.0,1
50000.0,2,2,1,39,2,2,2,2,0,0,78874.0,74268.0,66468.0,56847.0,50680.0,26729.0,4725.0,1400.0,0.0,1545.0,2022.0,51000.0,1
160000.0,1,2,1,32,1,2,0,0,0,0,5525.0,4039.0,3656.0,3801.0,2540.0,2279.0,0.0,1094.0,1500.0,0.0,1000.0,0.0,1
110000.0,2,3,2,27,0,0,0,2,0,0,28686.0,32765.0,27864.0,25691.0,28257.0,24161.0,5000.0,7000.0,0.0,10000.0,4161.0,5000.0,1
340000.0,2,2,1,30,0,0,0,0,0,0,338624.0,338272.0,339191.0,325675.0,285417.0,284834.0,15000.0,15000.0,15000.0,15000.0,12000.0,12500.0,1
80000.0,2,2,2,31,0,0,0,0,0,0,28190.0,27045.0,22843.0,20578.0,19049.0,16221.0,1751.0,1500.0,1000.0,779.0,545.0,500.0,1
170000.0,1,2,2,39,-1,-1,-1,0,-1,2,2429.0,8054.0,4380.0,316.0,6131.0,5612.0,8077.0,4380.0,0.0,6131.0,0.0,3000.0,1
100000.0,2,1,1,39,0,0,0,2,2,2,2998.0,3885.0,7298.0,7032.0,7913.0,7642.0,1100.0,3500.0,0.0,1000.0,0.0,5000.0,1
220000.0,2,1,2,35,-1,-1,-1,-1,-1,-1,8304.0,11526.0,1270.0,0.0,1121.0,500.0,11526.0,1282.0,0.0,1121.0,500.0,0.0,1
20000.0,1,2,2,29,0,0,0,0,0,-2,3785.0,4871.0,7817.0,7977.0,0.0,0.0,1154.0,3100.0,160.0,0.0,0.0,0.0,1
230000.0,2,2,2,35,-2,-2,-2,-2,-2,-2,0.0,0.0,0.0,0.0,0.0,0.0,0.0,0.0,0.0,0.0,0.0,0.0,1
230000.0,1,2,1,50,0,0,0,0,0,0,94314.0,96269.0,56058.0,57174.0,58371.0,59561.0,4082.0,1990.0,2003.0,2074.0,2115.0,2094.0,1
30000.0,2,2,2,26,2,0,0,2,0,0,22364.0,23732.0,30699.0,29727.0,28834.0,16361.0,1753.0,8500.0,9.0,700.0,1179.0,138.0,1
20000.0,2,3,2,38,1,-1,-1,-1,-1,-2,0.0,3796.0,5081.0,888.0,0.0,0.0,3796.0,5081.0,888.0,0.0,0.0,0.0,1
30000.0,1,2,2,22,3,2,2,2,2,3,26061.0,25349.0,27826.0,27080.0,30525.0,29764.0,0.0,3200.0,0.0,3900.0,0.0,0.0,1
120000.0,2,2,2,25,1,-2,-2,-2,-2,-2,0.0,0.0,0.0,0.0,0.0,0.0,0.0,0.0,0.0,0.0,0.0,997.0,1
80000.0,2,1,2,25,2,0,0,0,0,0,69614.0,68836.0,69714.0,57318.0,46921.0,41072.0,3238.0,3103.0,3000.0,1800.0,1500.0,1700.0,1
30000.0,2,2,1,39,2,2,0,0,0,0,31207.0,30399.0,30147.0,29366.0,29555.0,29793.0,0.0,2000.0,1500.0,1010.0,1055.0,1089.0,1
20000.0,2,3,2,24,1,-1,-1,-2,-2,-2,-8.0,4485.0,0.0,0.0,0.0,0.0,13148.0,433.0,0.0,0.0,0.0,0.0,1
50000.0,2,3,1,36,0,0,0,0,0,2,45260.0,46605.0,47317.0,48259.0,50245.0,50265.0,2075.0,1787.0,1729.0,2765.0,1000.0,2000.0,1
30000.0,2,2,2,29,2,0,0,0,-2,-2,28541.0,16436.0,18146.0,0.0,0.0,0.0,1385.0,5000.0,0.0,0.0,0.0,0.0,1
130000.0,2,3,2,24,0,0,0,0,0,0,90141.0,91948.0,94067.0,96604.0,97706.0,121027.0,4200.0,4500.0,5000.0,3600.0,25000.0,5000.0,1
30000.0,2,3,2,33,0,0,2,0,0,2,22463.0,25362.0,24672.0,25317.0,26516.0,26133.0,3278.0,0.0,1233.0,1432.0,0.0,566.0,1
20000.0,1,2,2,40,8,7,6,5,4,3,20753.0,20496.0,19930.0,19434.0,18577.0,18011.0,0.0,0.0,70.0,0.0,0.0,0.0,1
60000.0,2,1,2,27,2,2,0,0,0,2,19341.0,19625.0,20347.0,21669.0,23005.0,22499.0,900.0,1342.0,1664.0,2000.0,0.0,900.0,1
120000.0,2,2,1,25,2,0,0,2,0,0,17488.0,19002.0,20805.0,18271.0,18128.0,16405.0,3000.0,3000.0,0.0,961.0,2000.0,2056.0,1
60000.0,1,1,2,31,1,-1,0,0,0,0,0.0,1012.0,22760.0,17032.0,6808.0,8741.0,1012.0,22066.0,5032.0,1565.0,8500.0,5205.0,1
70000.0,1,2,2,27,2,2,2,2,2,2,29193.0,30214.0,31130.0,31622.0,32102.0,32742.0,1800.0,1700.0,1300.0,1300.0,1300.0,1300.0,1
100000.0,2,2,1,30,0,0,0,0,0,2,100963.0,99679.0,101023.0,93514.0,79361.0,77373.0,3700.0,3700.0,4148.0,6000.0,0.0,3000.0,1
120000.0,1,3,1,38,2,2,2,2,2,2,77468.0,78642.0,79757.0,80853.0,82715.0,84805.0,3000.0,3000.0,3000.0,3300.0,3600.0,2700.0,1
20000.0,1,3,2,59,1,2,2,4,3,2,19074.0,18482.0,20329.0,19616.0,19303.0,1013.0,0.0,2300.0,0.0,0.0,0.0,2821.0,1
200000.0,1,1,1,47,1,2,2,0,0,0,198663.0,201996.0,194396.0,166515.0,163673.0,145683.0,8013.0,13.0,8684.0,5500.0,7437.0,4600.0,1
20000.0,2,2,1,46,1,2,2,2,0,0,10935.0,11456.0,13169.0,13656.0,14430.0,14200.0,1000.0,1900.0,1000.0,1000.0,0.0,8119.0,1
20000.0,1,2,1,37,0,0,-1,-1,-2,-1,17219.0,14640.0,19400.0,0.0,0.0,17666.0,2000.0,19400.0,0.0,0.0,17666.0,0.0,1
200000.0,2,2,1,34,-2,-2,-2,-2,-2,-2,0.0,0.0,0.0,0.0,0.0,0.0,0.0,0.0,0.0,0.0,0.0,0.0,1
280000.0,1,2,2,30,0,0,0,0,0,0,31272.0,40688.0,139417.0,144087.0,147694.0,155284.0,10000.0,100000.0,7000.0,6000.0,10000.0,8000.0,1
200000.0,1,2,2,40,1,2,2,0,0,0,193773.0,196323.0,181932.0,132127.0,132245.0,138104.0,7350.0,261.0,6206.0,5006.0,9406.0,6.0,1
50000.0,1,1,2,38,-1,-1,-1,-1,-1,-1,390.0,390.0,390.0,390.0,390.0,5010.0,390.0,390.0,390.0,390.0,5010.0,390.0,1
20000.0,1,2,2,40,0,0,0,0,0,0,17068.0,18283.0,19424.0,19208.0,19600.0,20000.0,1800.0,1600.0,384.0,392.0,400.0,0.0,1
60000.0,2,2,1,28,2,2,0,0,2,0,17942.0,17361.0,18081.0,20108.0,19487.0,35160.0,0.0,1304.0,2331.0,0.0,16000.0,2000.0,1
30000.0,2,2,2,25,3,2,2,2,2,2,9095.0,10297.0,9988.0,11708.0,11223.0,12079.0,1500.0,0.0,1892.0,0.0,1042.0,700.0,1
70000.0,2,2,1,37,0,0,0,0,2,0,66447.0,66759.0,68200.0,72972.0,71248.0,50610.0,2391.0,2518.0,5950.0,0.0,1782.0,1985.0,1
130000.0,2,3,2,24,0,0,0,0,0,0,114466.0,106911.0,106971.0,57434.0,58593.0,60504.0,4600.0,4500.0,2802.0,2050.0,2800.0,2300.0,1
200000.0,2,3,1,28,-1,-1,2,-1,0,-1,188.0,2791.0,188.0,376.0,188.0,6884.0,2791.0,0.0,376.0,0.0,6884.0,4187.0,1
30000.0,1,1,1,35,1,2,2,2,-1,0,18829.0,19223.0,20599.0,15642.0,23789.0,20562.0,1000.0,2014.0,6.0,25700.0,800.0,1989.0,1
50000.0,2,3,1,29,0,0,0,0,0,0,47194.0,48381.0,46777.0,39420.0,8824.0,9009.0,2002.0,2000.0,1530.0,1000.0,327.0,329.0,1
50000.0,2,2,2,23,2,0,0,-2,-1,-1,8730.0,4388.0,0.0,0.0,5412.0,6414.0,1000.0,0.0,0.0,5412.0,2000.0,0.0,1
50000.0,1,2,2,32,0,0,0,0,2,0,32813.0,34973.0,35603.0,37595.0,29818.0,24416.0,3000.0,1700.0,2600.0,0.0,10000.0,6000.0,1
90000.0,2,2,1,28,-1,0,0,0,0,0,10962.0,13244.0,7097.0,6624.0,6806.0,6266.0,4512.0,2500.0,2397.0,2150.0,709.0,22000.0,1
60000.0,2,1,2,25,2,2,2,2,4,3,38050.0,39147.0,38223.0,43261.0,42009.0,41036.0,2000.0,0.0,6000.0,0.0,0.0,1400.0,1
50000.0,2,2,2,31,2,2,2,2,2,2,30619.0,31634.0,32317.0,32787.0,33416.0,34116.0,1800.0,1500.0,1300.0,1300.0,1400.0,1500.0,1
30000.0,2,2,1,49,0,0,0,0,0,0,27922.0,25214.0,26755.0,23235.0,25008.0,26761.0,2000.0,2000.0,2000.0,2000.0,2000.0,822.0,1
100000.0,1,3,2,25,2,2,2,0,0,0,96889.0,102893.0,99176.0,80358.0,75007.0,76805.0,8513.0,128.0,3011.0,3000.0,3200.0,3400.0,1
470000.0,2,2,2,32,0,0,0,0,0,0,491428.0,488642.0,485382.0,360959.0,338592.0,123737.0,300000.0,15937.0,11891.0,120000.0,6380.0,250000.0,1
190000.0,2,2,2,27,2,2,2,0,0,0,4686.0,5459.0,6214.0,7104.0,8973.0,10809.0,1000.0,1000.0,1000.0,2000.0,2000.0,2000.0,1
160000.0,1,2,1,50,1,2,2,2,0,0,142779.0,146635.0,148953.0,144119.0,48552.0,49770.0,7700.0,6100.0,0.0,2000.0,2000.0,2000.0,1
20000.0,2,3,2,39,0,0,0,2,0,0,15969.0,16685.0,19008.0,18710.0,20235.0,19483.0,1285.0,2608.0,310.0,1835.0,707.0,873.0,1
230000.0,2,1,2,28,2,0,0,0,0,0,101347.0,95956.0,87294.0,85336.0,81640.0,82462.0,4179.0,4231.0,4061.0,2846.0,2800.0,2909.0,1
30000.0,2,1,1,30,0,0,2,2,0,0,15199.0,17728.0,19129.0,18527.0,18758.0,19285.0,3100.0,2000.0,0.0,679.0,837.0,721.0,1
280000.0,2,1,1,36,-1,-1,-1,-1,-1,-2,4480.0,2120.0,1627.0,2649.0,0.0,0.0,2120.0,1627.0,2649.0,0.0,0.0,0.0,1
20000.0,1,2,2,29,0,0,0,0,0,0,13229.0,14237.0,15580.0,16304.0,17059.0,18056.0,1233.0,1576.0,1300.0,1000.0,1400.0,0.0,1
30000.0,2,3,3,56,3,2,2,2,2,2,26551.0,25844.0,27574.0,28420.0,29318.0,28704.0,0.0,2478.0,1600.0,1498.0,0.0,1100.0,1
90000.0,2,2,2,30,0,0,0,0,2,2,75382.0,73980.0,75036.0,77094.0,75708.0,76610.0,3350.0,3300.0,5500.0,1600.0,3950.0,0.0,1
150000.0,2,1,2,34,-2,-2,-2,-2,-2,-2,0.0,0.0,0.0,0.0,0.0,0.0,0.0,0.0,0.0,0.0,0.0,0.0,1
210000.0,2,2,1,46,-1,-1,-1,0,-1,-1,3095.0,2768.0,5536.0,2768.0,1075.0,2006.0,2768.0,5536.0,0.0,1075.0,2006.0,1344.0,1
130000.0,2,2,1,36,2,2,0,0,0,2,131989.0,128467.0,131073.0,132399.0,140254.0,139209.0,0.0,6230.0,5000.0,10200.0,4400.0,4570.0,1
30000.0,2,1,2,23,0,0,0,0,0,0,14544.0,15597.0,16641.0,17659.0,18066.0,18775.0,1300.0,1300.0,1300.0,700.0,1000.0,1000.0,1
20000.0,1,2,1,38,0,0,0,0,0,-1,17973.0,19367.0,19559.0,18240.0,17928.0,150.0,1699.0,1460.0,626.0,1750.0,150.0,0.0,1
150000.0,2,2,1,35,-2,-2,-2,-2,-2,-2,-10.0,8846.0,6731.0,0.0,1800.0,0.0,8856.0,6731.0,0.0,1800.0,0.0,0.0,1
290000.0,2,2,2,39,0,0,0,0,0,0,228342.0,235380.0,240049.0,107993.0,110691.0,50143.0,10600.0,10200.0,4000.0,4534.0,2670.0,700.0,1
50000.0,1,2,2,27,2,0,0,0,0,2,41932.0,38411.0,30659.0,30963.0,30505.0,28696.0,1600.0,1712.0,1016.0,2500.0,0.0,2848.0,1
50000.0,2,2,2,29,2,2,2,2,0,0,48286.0,49286.0,50006.0,48846.0,45944.0,46925.0,2100.0,1800.0,0.0,1624.0,1700.0,3000.0,1
280000.0,2,2,1,50,2,2,2,2,0,0,106341.0,108711.0,111510.0,108253.0,109065.0,111447.0,5600.0,6000.0,0.0,4100.0,4300.0,4300.0,1
20000.0,1,1,2,28,0,-1,-1,-1,0,0,7381.0,2769.0,3503.0,4809.0,5732.0,8632.0,3000.0,3010.0,6000.0,1000.0,3000.0,0.0,1
290000.0,2,1,1,32,-2,-2,-2,-2,-2,-2,4340.0,3686.0,3094.0,8164.0,1509.0,8262.0,3686.0,3112.0,8164.0,1509.0,8262.0,2032.0,1
230000.0,1,2,2,41,2,0,0,0,0,0,225043.0,229701.0,229250.0,229572.0,213420.0,218809.0,10000.0,11000.0,9000.0,9000.0,9000.0,9000.0,1
180000.0,1,1,2,32,-1,-1,2,-1,-1,-1,291.0,582.0,291.0,291.0,291.0,291.0,582.0,0.0,291.0,291.0,291.0,291.0,1
10000.0,2,2,2,22,2,0,0,0,0,0,7582.0,8502.0,9479.0,9669.0,9978.0,9928.0,1200.0,1136.0,326.0,444.0,199.0,0.0,1
70000.0,2,2,1,62,2,2,2,0,0,0,70457.0,73562.0,71818.0,70579.0,33946.0,34701.0,6454.0,0.0,3075.0,1214.0,1301.0,1626.0,1
20000.0,1,3,1,41,0,0,0,2,0,0,13225.0,13655.0,14461.0,13221.0,12591.0,12631.0,1700.0,2100.0,0.0,458.0,1000.0,1000.0,1
30000.0,2,2,2,25,0,0,0,0,0,0,19309.0,20009.0,21034.0,22050.0,22490.0,22961.0,1325.0,1350.0,1366.0,806.0,834.0,836.0,1
50000.0,1,3,2,52,0,0,0,0,-2,-2,50717.0,36507.0,14890.0,0.0,0.0,0.0,1357.0,1000.0,0.0,0.0,0.0,0.0,1
80000.0,2,3,1,50,-1,0,0,2,2,2,67328.0,69356.0,73445.0,74645.0,73330.0,78032.0,3113.0,5850.0,3000.0,0.0,6103.0,0.0,1
50000.0,1,2,1,32,0,0,0,0,0,0,50805.0,51088.0,50810.0,50814.0,50927.0,50438.0,2284.0,2006.0,2010.0,2123.0,2138.0,2442.0,1
30000.0,2,3,2,23,0,0,0,0,0,0,28371.0,28238.0,28963.0,29991.0,22876.0,22177.0,2000.0,2000.0,2000.0,2000.0,2000.0,2000.0,1
200000.0,1,1,1,38,-2,-2,-2,-2,-2,-2,0.0,0.0,0.0,0.0,0.0,0.0,0.0,0.0,0.0,0.0,0.0,0.0,1
200000.0,2,1,2,42,-1,-1,-1,-1,-1,-1,1347.0,208.0,1582.0,3607.0,894.0,301.0,208.0,1677.0,3607.0,894.0,301.0,2457.0,1
10000.0,1,1,2,22,0,0,-1,-1,-1,-1,2946.0,0.0,390.0,390.0,390.0,0.0,0.0,390.0,390.0,390.0,0.0,780.0,1
150000.0,2,1,2,24,-1,-1,-1,-1,-1,-1,291.0,291.0,291.0,291.0,658.0,441.0,291.0,291.0,291.0,658.0,441.0,1197.0,1
20000.0,1,1,2,30,2,2,2,2,0,0,16855.0,17272.0,19820.0,19104.0,19646.0,20527.0,1000.0,2832.0,0.0,658.0,1151.0,0.0,1
110000.0,1,1,2,28,0,0,0,0,0,0,107560.0,100395.0,79889.0,70062.0,70901.0,72754.0,4024.0,3008.0,3200.0,2600.0,3000.0,3000.0,1
280000.0,2,1,1,32,1,-2,-1,0,0,-2,0.0,0.0,3508.0,3508.0,-200.0,-200.0,0.0,3508.0,0.0,0.0,0.0,0.0,1
10000.0,2,2,2,21,2,0,0,0,-1,-1,9917.0,8660.0,9756.0,8560.0,780.0,0.0,1400.0,1800.0,1300.0,800.0,0.0,1900.0,1
500000.0,2,1,2,39,-2,-2,-2,-1,0,-1,1950.0,2900.0,1950.0,2739.0,2739.0,170.0,2900.0,2000.0,2739.0,0.0,170.0,205.0,1
20000.0,2,2,2,35,0,0,0,0,0,0,15852.0,16861.0,17884.0,18590.0,18959.0,19347.0,1579.0,1602.0,1308.0,677.0,692.0,1577.0,1
80000.0,1,2,2,25,-1,2,-1,0,-1,0,832.0,416.0,832.0,416.0,832.0,416.0,0.0,832.0,0.0,832.0,0.0,416.0,1
310000.0,2,1,2,32,-2,-2,-2,-2,-2,-2,20138.0,8267.0,65993.0,8543.0,1695.0,750.0,8267.0,66008.0,8543.0,1695.0,750.0,7350.0,1
110000.0,2,2,2,27,1,2,0,0,0,0,59580.0,54255.0,55474.0,45467.0,46285.0,47334.0,0.0,2230.0,2100.0,2010.0,2150.0,1200.0,1
50000.0,2,3,1,51,-1,-1,-1,-1,-2,-2,752.0,300.0,5880.0,0.0,0.0,0.0,300.0,5880.0,0.0,0.0,0.0,0.0,1
10000.0,1,3,2,37,0,0,0,0,0,0,4950.0,5963.0,6983.0,7993.0,8151.0,8322.0,1103.0,1123.0,1133.0,291.0,302.0,1000.0,1
210000.0,2,2,1,29,0,0,0,0,0,0,209807.0,123664.0,51353.0,43485.0,44784.0,45685.0,5088.0,2000.0,1600.0,2000.0,1800.0,1807.0,1
50000.0,1,1,2,33,1,2,2,0,0,2,26957.0,28230.0,27483.0,27728.0,29681.0,29053.0,2000.0,0.0,1000.0,2400.0,0.0,2400.0,1
240000.0,2,3,2,40,0,0,0,0,0,0,227819.0,222299.0,227281.0,195027.0,199186.0,203475.0,8200.0,8800.0,7000.0,7200.0,7500.0,7800.0,1
70000.0,2,3,1,49,2,2,2,2,2,2,21024.0,21790.0,21142.0,23772.0,24930.0,25709.0,1400.0,0.0,3000.0,1700.0,1340.0,1100.0,1
30000.0,2,2,2,26,1,2,2,0,0,0,5231.0,6299.0,6052.0,6299.0,7190.0,7469.0,1300.0,0.0,500.0,1000.0,400.0,1500.0,1
180000.0,2,2,1,29,2,2,2,2,2,2,113436.0,109439.0,111108.0,108476.0,104655.0,107338.0,1308.0,7623.0,3900.0,11.0,7700.0,0.0,1
260000.0,2,3,1,34,2,2,0,0,2,2,118706.0,115308.0,123069.0,129060.0,131682.0,135656.0,0.0,9670.0,9561.0,6250.0,6250.0,6250.0,1
60000.0,1,2,2,28,0,0,0,0,0,0,60721.0,61452.0,59797.0,30372.0,45283.0,24588.0,4000.0,1353.0,27826.0,1300.0,1903.0,3000.0,1
60000.0,1,2,2,26,0,0,0,0,0,0,58072.0,59040.0,57416.0,55736.0,26958.0,28847.0,2282.0,2324.0,2049.0,2000.0,3000.0,1120.0,1
60000.0,2,2,1,39,-1,-1,-1,-2,-2,-1,12545.0,1217.0,0.0,0.0,0.0,465.0,1217.0,0.0,0.0,0.0,465.0,0.0,1
80000.0,2,1,2,25,1,2,0,0,2,2,5999.0,5758.0,7039.0,7595.0,7053.0,7082.0,0.0,1416.0,943.0,100.0,443.0,0.0,1
240000.0,2,1,2,26,-1,2,-1,-1,0,-1,1611.0,1435.0,2236.0,3166.0,1925.0,3326.0,14.0,2236.0,3166.0,0.0,3326.0,490.0,1
60000.0,2,2,1,49,1,2,2,2,0,0,17013.0,18440.0,18841.0,18241.0,18946.0,20634.0,2000.0,1000.0,0.0,1000.0,2000.0,0.0,1
50000.0,1,2,1,34,0,0,0,0,0,0,44849.0,41873.0,28077.0,18291.0,16886.0,27476.0,2550.0,1636.0,1000.0,1000.0,1000.0,1000.0,1
500000.0,2,3,2,52,-2,-2,-2,-2,-2,-2,0.0,0.0,0.0,0.0,0.0,0.0,0.0,0.0,0.0,0.0,0.0,0.0,1
470000.0,1,1,1,40,2,0,0,0,0,0,241153.0,204223.0,151253.0,138087.0,109094.0,106004.0,10000.0,5214.0,4500.0,5000.0,4200.0,5000.0,1
20000.0,2,1,2,29,-1,-1,-2,-1,0,-1,3417.0,-802.0,-1282.0,1718.0,1238.0,1831.0,4.0,0.0,3000.0,0.0,1831.0,1500.0,1
60000.0,2,2,2,24,0,0,0,0,0,0,58143.0,60221.0,50135.0,19553.0,11896.0,15241.0,3044.0,1123.0,7553.0,474.0,3586.0,305.0,1
50000.0,2,2,2,24,-1,-1,-2,-2,-2,-2,2675.0,0.0,0.0,0.0,0.0,0.0,0.0,0.0,0.0,0.0,0.0,0.0,1
200000.0,2,1,2,34,1,-2,-2,-2,-2,-2,-2113.0,-2113.0,-2113.0,-2113.0,-2113.0,-2113.0,0.0,0.0,0.0,0.0,0.0,423.0,1
120000.0,1,2,2,37,-1,2,0,0,0,2,16241.0,16680.0,17695.0,17901.0,19608.0,19143.0,1000.0,1600.0,800.0,2000.0,0.0,1600.0,1
10000.0,1,2,2,46,0,0,2,2,2,0,4073.0,6394.0,6143.0,6908.0,6652.0,6785.0,2400.0,0.0,871.0,0.0,244.0,251.0,1
210000.0,1,1,1,39,-2,-2,-2,-1,-1,-2,980.0,0.0,650.0,3446.0,0.0,0.0,0.0,650.0,3446.0,0.0,0.0,0.0,1
30000.0,2,1,1,35,2,0,0,0,0,0,27703.0,28743.0,27048.0,26592.0,23874.0,23293.0,1500.0,1356.0,900.0,1000.0,1100.0,664.0,1
100000.0,2,1,2,28,2,2,2,2,2,2,79580.0,81493.0,82759.0,83609.0,85325.0,87096.0,3790.0,3200.0,3100.0,3200.0,3332.0,3280.0,1
20000.0,1,2,2,48,0,0,0,2,0,0,7186.0,9063.0,10909.0,10440.0,10803.0,11330.0,2000.0,2000.0,0.0,680.0,1000.0,0.0,1
470000.0,1,2,1,35,0,0,0,0,0,0,170812.0,172332.0,177566.0,182074.0,183417.0,185608.0,6500.0,8000.0,9000.0,7000.0,8000.0,8000.0,1
300000.0,1,1,1,39,0,0,2,-1,-1,2,27459.0,34405.0,3283.0,3961.0,24306.0,22644.0,8000.0,0.0,3961.0,24306.0,0.0,7651.0,1
30000.0,1,2,1,40,2,2,2,0,0,0,20801.0,23534.0,22875.0,24155.0,23739.0,22124.0,3400.0,0.0,2000.0,1500.0,900.0,1038.0,1
320000.0,1,1,2,55,2,2,2,2,0,0,200545.0,205973.0,211323.0,202240.0,122963.0,125465.0,9600.0,9500.0,0.0,4253.0,4332.0,4300.0,1
320000.0,1,1,1,46,2,4,3,2,2,2,339202.0,337495.0,325700.0,313988.0,327542.0,317129.0,5000.0,0.0,0.0,23800.0,0.0,12165.0,1
250000.0,1,1,1,53,1,-1,-1,-1,-1,-1,0.0,4190.0,21500.0,0.0,10180.0,7680.0,4190.0,25690.0,0.0,10180.0,7680.0,0.0,1
30000.0,1,2,2,25,0,0,0,0,-1,-1,29745.0,16309.0,5235.0,3122.0,11446.0,1914.0,2500.0,1517.0,2000.0,11446.0,1914.0,6699.0,1
50000.0,2,1,2,31,1,2,0,0,2,2,1129.0,1111.0,3186.0,6527.0,3328.0,33166.0,0.0,3000.0,3341.0,0.0,30000.0,0.0,1
90000.0,2,2,1,45,2,2,2,2,2,2,45820.0,46770.0,45741.0,48729.0,49628.0,50680.0,2000.0,0.0,3755.0,2000.0,2000.0,2100.0,1
280000.0,2,1,2,30,-1,-1,-1,-1,-1,-1,29989.0,168.0,1206.0,300.0,460.0,861.0,168.0,1206.0,300.0,460.0,861.0,7595.0,1
20000.0,1,2,1,30,1,2,2,2,2,2,17005.0,15451.0,18067.0,17469.0,19905.0,19763.0,0.0,2874.0,0.0,2712.0,1566.0,818.0,1
200000.0,1,2,1,36,-1,-1,-1,-1,-1,-1,4670.0,4670.0,4670.0,4670.0,4670.0,4670.0,4670.0,4670.0,4670.0,4670.0,4670.0,4670.0,1
50000.0,1,1,2,23,-1,-1,-1,-2,-2,-2,3063.0,3625.0,0.0,0.0,0.0,0.0,3625.0,0.0,0.0,0.0,0.0,0.0,1
50000.0,1,3,2,55,0,0,0,0,0,0,51737.0,27121.0,28103.0,28814.0,29261.0,29878.0,2930.0,1447.0,1158.0,1041.0,1082.0,994.0,1
200000.0,2,2,1,52,-1,-1,2,-1,-1,2,316.0,632.0,316.0,782.0,782.0,316.0,632.0,0.0,782.0,316.0,0.0,632.0,1
10000.0,1,2,2,27,2,2,2,0,0,2,6743.0,9060.0,8768.0,9465.0,10212.0,10198.0,2600.0,0.0,1000.0,900.0,300.0,0.0,1
130000.0,2,2,2,29,2,0,0,0,0,0,120844.0,123333.0,126347.0,129249.0,132093.0,129155.0,4500.0,5000.0,5000.0,5000.0,4700.0,5000.0,1
150000.0,2,1,2,27,-1,3,2,-1,-1,-1,942.0,616.0,290.0,326.0,740.0,17481.0,0.0,0.0,362.0,740.0,17481.0,1000.0,1
30000.0,2,3,1,21,4,3,2,0,0,0,32179.0,31397.0,30358.0,29758.0,29758.0,23036.0,0.0,0.0,0.0,0.0,1000.0,0.0,1
20000.0,1,3,3,44,1,4,3,2,0,0,11027.0,10710.0,10398.0,10000.0,10000.0,10000.0,0.0,0.0,0.0,0.0,0.0,0.0,1
100000.0,1,2,2,37,2,2,2,2,2,2,24927.0,27689.0,26960.0,29504.0,30020.0,29995.0,3185.0,0.0,3000.0,1300.0,600.0,2000.0,1
150000.0,2,1,1,30,0,0,-2,-2,-2,-2,6154.0,0.0,0.0,0.0,0.0,0.0,0.0,0.0,0.0,0.0,0.0,26286.0,1
490000.0,1,1,1,54,-2,-2,-2,-2,-2,-2,0.0,0.0,0.0,0.0,0.0,0.0,0.0,0.0,0.0,0.0,0.0,0.0,1
60000.0,1,2,2,26,2,2,2,2,0,0,61103.0,61380.0,62158.0,120142.0,60428.0,58192.0,3000.0,2746.0,0.0,2297.0,1875.0,1158.0,1
290000.0,2,1,1,37,-1,-1,-1,-1,-1,-1,3486.0,550.0,1922.0,550.0,550.0,3810.0,550.0,1922.0,550.0,550.0,3810.0,2927.0,1
30000.0,2,2,1,27,0,0,2,2,0,0,10011.0,12830.0,13225.0,12718.0,12829.0,13083.0,3000.0,901.0,0.0,465.0,467.0,485.0,1
90000.0,2,3,2,28,2,0,0,0,2,0,63869.0,65212.0,66627.0,70652.0,69397.0,70842.0,2368.0,2500.0,5140.0,0.0,2600.0,3000.0,1
50000.0,2,2,1,44,2,2,2,0,0,0,26587.0,29730.0,28565.0,26601.0,26391.0,27165.0,3600.0,0.0,1500.0,1000.0,1200.0,1200.0,1
50000.0,1,2,2,27,0,0,0,0,0,0,47261.0,48054.0,47434.0,20099.0,18682.0,18538.0,2055.0,1935.0,675.0,662.0,650.0,666.0,1
210000.0,2,1,2,34,-1,-1,-1,-1,-1,-1,1262.0,33414.0,1828.0,0.0,11854.0,30949.0,33414.0,1828.0,0.0,11854.0,30288.0,1460.0,1
500000.0,2,2,1,47,-1,-1,-1,-1,-1,-1,396.0,396.0,396.0,396.0,396.0,396.0,396.0,396.0,396.0,396.0,396.0,396.0,1
90000.0,2,2,2,25,2,0,0,0,0,0,77651.0,78651.0,79972.0,81415.0,81878.0,83206.0,3300.0,3600.0,3805.0,3100.0,3200.0,4100.0,1
220000.0,2,1,2,29,0,0,0,0,0,0,206879.0,211037.0,215139.0,218513.0,131660.0,134346.0,9100.0,9000.0,7887.0,4800.0,4900.0,6000.0,1
210000.0,1,2,1,37,1,-1,-1,-1,-1,-1,0.0,650.0,325.0,325.0,325.0,325.0,650.0,325.0,325.0,325.0,325.0,325.0,1
190000.0,2,2,1,43,1,2,0,0,0,0,189697.0,185105.0,184180.0,156969.0,157856.0,158451.0,0.0,9021.0,6000.0,5489.0,5670.0,6000.0,1
20000.0,2,1,2,26,1,2,2,2,2,2,18194.0,19043.0,18451.0,19961.0,19229.0,19694.0,1446.0,0.0,1956.0,0.0,651.0,0.0,1
300000.0,2,1,1,56,1,-2,-2,-2,-2,-2,0.0,0.0,0.0,0.0,0.0,0.0,0.0,0.0,0.0,0.0,0.0,0.0,1
50000.0,2,2,1,47,0,0,0,0,0,0,44624.0,45128.0,3837.0,3913.0,4146.0,4225.0,2355.0,1064.0,140.0,296.0,296.0,301.0,1
20000.0,2,3,1,27,0,0,0,2,0,0,6294.0,2388.0,4087.0,4339.0,3288.0,3288.0,1500.0,1748.0,500.0,0.0,0.0,0.0,1
50000.0,1,3,2,51,1,-2,-2,-2,-2,-2,0.0,0.0,0.0,0.0,0.0,0.0,0.0,0.0,0.0,0.0,0.0,0.0,1
10000.0,1,2,2,43,2,-1,-1,-1,-1,-1,654.0,608.0,654.0,5954.0,0.0,1308.0,608.0,700.0,5954.0,0.0,1308.0,0.0,1
150000.0,2,1,2,26,-1,-1,-1,-1,-1,-1,1551.0,2961.0,4175.0,1707.0,4492.0,6149.0,2990.0,4175.0,1707.0,4492.0,6149.0,34672.0,1
50000.0,2,2,2,25,-1,2,0,0,0,0,6806.0,6552.0,7561.0,7712.0,7936.0,47743.0,0.0,1125.0,276.0,348.0,40000.0,1151.0,1
30000.0,1,1,1,37,0,0,0,0,0,0,29104.0,30606.0,30416.0,28165.0,28654.0,29083.0,2000.0,2000.0,2003.0,2000.0,1000.0,402.0,1
20000.0,2,2,2,22,0,-1,2,-1,-1,-2,10294.0,3203.0,199.0,2780.0,0.0,0.0,4000.0,0.0,2780.0,0.0,0.0,0.0,1
20000.0,1,2,2,21,2,0,0,2,0,0,19820.0,19277.0,20997.0,20200.0,20000.0,0.0,2000.0,5000.0,0.0,0.0,0.0,0.0,1
50000.0,1,2,2,44,1,2,0,0,0,0,15323.0,14780.0,15889.0,16650.0,18535.0,18924.0,0.0,1354.0,1115.0,2000.0,520.0,600.0,1
360000.0,2,3,1,29,1,-2,-2,-2,-2,-2,0.0,0.0,0.0,0.0,0.0,0.0,0.0,0.0,0.0,0.0,0.0,0.0,1
260000.0,1,2,1,44,2,-1,2,-1,0,0,802.0,4541.0,3896.0,119498.0,109399.0,111203.0,4541.0,0.0,119498.0,3500.0,3983.0,3579.0,1
30000.0,1,1,2,28,-1,-1,2,0,0,0,9262.0,11792.0,11311.0,11820.0,13558.0,20271.0,3000.0,0.0,1000.0,2100.0,7000.0,0.0,1
20000.0,1,2,1,38,0,-1,2,0,0,-2,16828.0,20192.0,19414.0,19606.0,0.0,0.0,20192.0,0.0,392.0,0.0,0.0,0.0,1
50000.0,2,4,1,41,0,0,0,0,0,0,46148.0,47711.0,47645.0,47552.0,48512.0,49622.0,4000.0,5000.0,3000.0,2000.0,2000.0,2000.0,1
180000.0,2,2,2,28,1,2,-1,-1,-1,0,7445.0,1706.0,1600.0,0.0,22357.0,21541.0,0.0,1600.0,0.0,22357.0,1500.0,785.0,1
160000.0,2,2,2,27,2,2,2,2,2,2,157818.0,161308.0,162923.0,161481.0,155819.0,168283.0,7500.0,5800.0,5700.0,0.0,18100.0,0.0,1
110000.0,1,3,2,36,-1,-1,-1,-2,-2,-2,2509.0,1260.0,0.0,0.0,0.0,0.0,1260.0,0.0,0.0,0.0,0.0,0.0,1
250000.0,1,3,1,34,-2,-2,-2,-2,-2,-2,0.0,0.0,0.0,0.0,0.0,0.0,0.0,0.0,0.0,0.0,0.0,0.0,1
20000.0,2,1,2,22,1,2,0,0,0,0,19849.0,15995.0,16572.0,15556.0,18268.0,17319.0,0.0,4000.0,1238.0,4500.0,675.0,3000.0,1
30000.0,2,2,1,27,2,2,2,2,4,3,25557.0,26648.0,27536.0,28203.0,29048.0,29903.0,1800.0,1600.0,1400.0,1600.0,1600.0,1600.0,1
50000.0,2,3,1,44,2,2,2,2,2,2,19178.0,20088.0,19499.0,21578.0,20940.0,22605.0,1500.0,0.0,2385.0,0.0,2000.0,0.0,1
60000.0,1,2,2,30,0,0,0,0,0,0,4419.0,5683.0,6733.0,7662.0,8529.0,9884.0,1500.0,1300.0,1200.0,1000.0,1500.0,800.0,1
20000.0,1,3,1,52,1,2,0,0,0,-2,20838.0,20212.0,20148.0,19845.0,0.0,0.0,0.0,1200.0,397.0,0.0,0.0,0.0,1
360000.0,2,1,1,27,1,-2,-2,-2,-2,-2,0.0,0.0,0.0,0.0,0.0,0.0,0.0,0.0,0.0,0.0,0.0,3220.0,1
120000.0,1,3,1,42,2,2,-2,-2,-2,-2,61650.0,0.0,0.0,0.0,0.0,0.0,0.0,0.0,0.0,0.0,0.0,0.0,1
300000.0,2,1,1,26,-1,-1,0,0,-1,-1,1946.0,2612.0,3408.0,1908.0,1108.0,530.0,2612.0,1914.0,0.0,1108.0,530.0,100.0,1
140000.0,2,1,2,29,-1,-1,-2,-1,-1,-1,4880.0,0.0,0.0,6560.0,3617.0,0.0,0.0,0.0,6560.0,3617.0,0.0,2770.0,1
80000.0,2,2,1,47,0,0,2,0,0,0,77714.0,79049.0,79206.0,78031.0,78293.0,78870.0,5000.0,3000.0,3000.0,3000.0,3000.0,5000.0,1
190000.0,1,1,1,50,2,2,2,2,2,2,69518.0,71443.0,72413.0,73366.0,74830.0,76237.0,3500.0,2600.0,2600.0,2650.0,2650.0,3000.0,1
270000.0,2,2,1,33,-1,-1,2,-1,0,0,7780.0,7365.0,3097.0,48546.0,47250.0,46649.0,2228.0,0.0,48546.0,2000.0,3000.0,3000.0,1
100000.0,1,2,1,53,2,0,0,0,0,0,43611.0,45415.0,47053.0,47747.0,48459.0,49560.0,2500.0,2400.0,1845.0,2400.0,2500.0,0.0,1
30000.0,2,2,1,36,-1,-1,-2,-2,-2,-1,528.0,-120.0,-120.0,-120.0,-120.0,6675.0,0.0,0.0,0.0,0.0,6795.0,21947.0,1
50000.0,1,1,2,23,0,0,0,-1,-1,0,11306.0,6657.0,3565.0,3820.0,1275.0,1275.0,1069.0,1240.0,3840.0,1275.0,0.0,0.0,1
100000.0,1,2,2,34,2,2,2,2,2,2,32685.0,36546.0,37152.0,36258.0,38512.0,37741.0,4400.0,1500.0,0.0,3000.0,0.0,4000.0,1
90000.0,2,1,1,28,-1,0,0,0,0,0,12759.0,10941.0,10420.0,14420.0,9855.0,9097.0,5000.0,6000.0,4000.0,5000.0,3500.0,5000.0,1
110000.0,1,2,2,38,3,2,2,0,0,0,78480.0,80604.0,78326.0,44890.0,41394.0,42727.0,4000.0,0.0,2000.0,1500.0,2000.0,2000.0,1
50000.0,1,3,1,39,0,0,0,0,0,0,43127.0,44413.0,45697.0,46873.0,47188.0,48532.0,2000.0,2000.0,2000.0,2000.0,2000.0,2000.0,1
20000.0,1,1,2,22,0,0,0,0,0,0,19231.0,20235.0,21579.0,22231.0,22301.0,21687.0,1331.0,1675.0,1327.0,800.0,783.0,777.0,1
50000.0,2,2,1,24,1,2,0,0,2,2,12744.0,12243.0,16215.0,20490.0,19990.0,0.0,0.0,4200.0,4700.0,0.0,0.0,3390.0,1
190000.0,2,3,1,41,2,0,0,2,0,0,185738.0,187764.0,100526.0,94909.0,94804.0,94007.0,7762.0,7700.0,0.0,3545.0,3386.0,3575.0,1
20000.0,1,3,2,48,0,0,2,2,0,0,13543.0,16434.0,17452.0,16879.0,17059.0,17263.0,3132.0,1577.0,0.0,757.0,628.0,700.0,1
110000.0,2,2,1,25,2,0,0,0,0,0,30079.0,29349.0,27630.0,22017.0,20517.0,18534.0,1494.0,1402.0,1534.0,800.0,700.0,616.0,1
60000.0,2,2,1,34,2,2,2,2,2,0,40511.0,44019.0,45020.0,45785.0,44750.0,45578.0,4200.0,2000.0,1800.0,0.0,1700.0,3600.0,1
160000.0,2,1,1,35,1,-2,-2,-2,-2,-2,0.0,0.0,0.0,0.0,0.0,0.0,0.0,0.0,0.0,0.0,0.0,1404.0,1
20000.0,1,2,1,46,0,0,3,2,0,0,8168.0,12309.0,11834.0,11180.0,780.0,1170.0,4600.0,0.0,0.0,0.0,0.0,930.0,1
300000.0,1,2,1,66,0,0,0,0,0,0,259513.0,257866.0,261088.0,257288.0,256369.0,212395.0,10000.0,15000.0,9500.0,11000.0,9000.0,6000.0,1
120000.0,1,2,1,44,-1,2,-1,0,-1,-1,4936.0,2476.0,5696.0,1762.0,1381.0,1061.0,0.0,5696.0,0.0,1381.0,1061.0,1320.0,1
500000.0,1,1,1,31,1,-2,-2,-2,-1,0,0.0,0.0,0.0,0.0,881.0,881.0,0.0,0.0,0.0,881.0,0.0,0.0,1
280000.0,2,2,2,24,-1,-1,-1,-1,-1,-2,1481.0,11884.0,-27.0,5443.0,-13.0,-13.0,11943.0,0.0,5470.0,0.0,0.0,0.0,1
150000.0,2,3,1,45,2,2,2,0,0,0,179441.0,169947.0,153522.0,150779.0,49198.0,50277.0,7333.0,4.0,4104.0,15000.0,2000.0,2200.0,1
200000.0,2,1,2,29,1,-2,-2,-2,-2,-2,0.0,0.0,0.0,0.0,0.0,0.0,0.0,0.0,0.0,0.0,0.0,0.0,1
200000.0,1,1,2,30,1,2,2,2,2,2,182499.0,184632.0,180260.0,192260.0,187714.0,195702.0,6600.0,0.0,15000.0,0.0,11013.0,5549.0,1
40000.0,2,2,1,28,1,2,2,2,2,0,27746.0,23209.0,22040.0,23396.0,20430.0,20763.0,2000.0,0.0,2000.0,0.0,1000.0,1000.0,1
30000.0,1,3,2,46,3,2,0,0,0,0,13784.0,13277.0,13984.0,14350.0,14650.0,15156.0,0.0,1234.0,600.0,532.0,750.0,825.0,1
20000.0,1,2,1,45,1,2,0,0,0,-2,20011.0,10753.0,10853.0,10670.0,-120.0,-120.0,0.0,10600.0,800.0,0.0,0.0,0.0,1
210000.0,2,3,2,46,1,2,0,0,-1,-1,5816.0,5579.0,20079.0,17309.0,2310.0,241.0,13.0,17309.0,0.0,2310.0,241.0,4000.0,1
20000.0,2,2,1,46,2,0,0,2,2,2,16371.0,17384.0,19954.0,19259.0,20139.0,19434.0,1289.0,2859.0,0.0,1044.0,0.0,528.0,1
80000.0,1,2,1,37,2,2,2,2,2,2,58024.0,59300.0,59831.0,60554.0,61938.0,63269.0,2800.0,2100.0,2300.0,2500.0,2500.0,500.0,1
390000.0,1,1,1,36,-2,-2,-2,-2,-1,-1,3931.0,3625.0,1600.0,3815.0,8330.0,4765.0,3625.0,1600.0,3315.0,11645.0,4765.0,2171.0,1
200000.0,2,2,2,36,0,0,0,0,0,0,9738.0,10749.0,11773.0,12784.0,13039.0,13314.0,1177.0,1201.0,1212.0,467.0,485.0,1147.0,1
210000.0,1,2,2,32,0,0,0,0,0,0,137264.0,102545.0,94692.0,70484.0,36308.0,33201.0,3664.0,3900.0,2868.0,3000.0,2000.0,2000.0,1
10000.0,1,2,2,40,0,0,0,0,0,0,9649.0,10084.0,9421.0,9997.0,9799.0,10163.0,1500.0,1200.0,1137.0,329.0,500.0,251.0,1
20000.0,2,2,1,45,0,0,2,0,0,0,25102.0,27906.0,26153.0,26745.0,26359.0,25974.0,3550.0,0.0,2400.0,1000.0,1000.0,8000.0,1
150000.0,1,1,2,32,0,0,2,2,2,0,52582.0,57496.0,55705.0,57210.0,57084.0,13194.0,6395.0,0.0,2100.0,222.0,1000.0,650.0,1
20000.0,1,2,2,23,0,0,2,2,4,3,10208.0,14972.0,17432.0,19548.0,18948.0,18358.0,4972.0,3000.0,2700.0,0.0,0.0,1000.0,1
80000.0,1,3,2,26,0,0,0,0,0,0,79558.0,81906.0,76228.0,76841.0,9534.0,7371.0,3694.0,3470.0,3305.0,500.0,300.0,500.0,1
160000.0,1,1,2,33,1,-1,2,0,0,-1,-77.0,1598.0,1097.0,772.0,447.0,797.0,2000.0,0.0,0.0,0.0,1000.0,0.0,1
210000.0,1,2,1,30,0,0,0,0,0,0,32903.0,33275.0,34174.0,34141.0,34456.0,34737.0,1600.0,1846.0,1209.0,1248.0,1247.0,1212.0,1
30000.0,1,3,2,28,0,0,0,0,2,2,22634.0,23638.0,24689.0,28809.0,30052.0,29057.0,1385.0,1440.0,4560.0,2001.0,1.0,1228.0,1
290000.0,2,3,1,49,2,2,2,0,0,0,301651.0,329277.0,275075.0,280512.0,202300.0,207510.0,34905.0,0.0,10951.0,7238.0,8467.0,10188.0,1
180000.0,2,2,1,34,2,2,2,2,2,2,93155.0,95008.0,97088.0,98093.0,99578.0,101828.0,4300.0,4500.0,3500.0,4000.0,4000.0,4000.0,1
30000.0,2,2,1,29,1,2,2,2,2,2,16609.0,16057.0,18089.0,17504.0,18727.0,18279.0,0.0,2300.0,0.0,1500.0,0.0,1500.0,1
10000.0,1,2,2,23,0,0,2,0,0,0,2427.0,6109.0,2736.0,3654.0,3729.0,9446.0,3775.0,0.0,1000.0,75.0,994.0,0.0,1
130000.0,1,2,2,28,2,2,0,0,0,0,70952.0,69264.0,70184.0,8518.0,11296.0,6514.0,0.0,3000.0,2000.0,3000.0,2000.0,0.0,1
80000.0,2,3,1,37,1,2,2,0,0,0,99396.0,100495.0,97982.0,100261.0,102147.0,91829.0,3560.0,0.0,3912.0,3832.0,3508.0,2800.0,1
250000.0,1,1,2,32,3,2,2,2,2,2,2500.0,2500.0,2500.0,2500.0,2500.0,2500.0,0.0,0.0,0.0,0.0,0.0,0.0,1
50000.0,1,1,2,26,0,0,0,0,0,2,44838.0,45894.0,47121.0,45625.0,49367.0,46001.0,1769.0,1996.0,1800.0,4603.0,0.0,1486.0,1
220000.0,1,2,2,31,1,2,0,0,0,0,224244.0,210290.0,179645.0,166753.0,82058.0,20650.0,0.0,6800.0,6640.0,4100.0,1100.0,0.0,1
220000.0,1,1,2,34,2,2,0,0,0,2,203101.0,185384.0,149839.0,142404.0,120918.0,87005.0,311.0,38024.0,8105.0,10117.0,37.0,5264.0,1
80000.0,2,1,2,23,2,2,2,0,0,2,74860.0,80461.0,78259.0,66068.0,50748.0,51490.0,6865.0,37.0,2122.0,3600.0,1600.0,18.0,1
90000.0,2,3,2,38,1,2,2,2,-2,-2,8144.0,7102.0,1170.0,0.0,0.0,0.0,2034.0,0.0,0.0,0.0,0.0,0.0,1
160000.0,1,1,2,26,0,0,0,0,-1,-1,138825.0,135233.0,130038.0,79027.0,6666.0,6666.0,6800.0,5600.0,3715.0,6666.0,6666.0,6666.0,1
30000.0,2,3,1,53,0,0,2,0,0,2,12466.0,15333.0,14802.0,15523.0,18470.0,18834.0,3086.0,0.0,1276.0,3223.0,805.0,0.0,1
50000.0,1,2,1,45,1,2,0,0,0,0,49436.0,48342.0,49140.0,49451.0,20921.0,20058.0,0.0,2065.0,1376.0,701.0,705.0,706.0,1
180000.0,2,3,2,40,-2,-2,-2,-2,-2,-2,0.0,0.0,0.0,0.0,0.0,0.0,0.0,0.0,0.0,0.0,0.0,0.0,1
90000.0,2,2,2,44,2,2,2,2,2,2,15089.0,17023.0,18451.0,17857.0,20256.0,20785.0,2500.0,2000.0,0.0,2700.0,1000.0,0.0,1
40000.0,2,2,1,36,1,2,0,0,0,0,38430.0,37537.0,38156.0,39581.0,36506.0,37893.0,0.0,1575.0,2000.0,1500.0,2000.0,3000.0,1
80000.0,2,3,1,33,-1,2,-1,-1,-1,-1,780.0,390.0,814.0,390.0,390.0,390.0,0.0,814.0,390.0,390.0,390.0,1578.0,1
20000.0,1,2,2,22,3,2,2,3,2,2,17710.0,17137.0,19830.0,19240.0,18419.0,20126.0,0.0,3000.0,0.0,0.0,2000.0,0.0,1
220000.0,2,2,1,36,2,2,2,2,0,0,192654.0,195725.0,197466.0,189149.0,187531.0,187856.0,8500.0,8200.0,0.0,7000.0,7000.0,7200.0,1
290000.0,1,3,1,47,2,0,0,0,0,-1,255412.0,217382.0,250549.0,31370.0,-4020.0,107239.0,5130.0,4647.0,949.0,4391.0,146216.0,60686.0,1
80000.0,2,2,1,29,-2,-2,-1,2,2,-2,2801.0,0.0,21197.0,20400.0,20000.0,20000.0,0.0,21197.0,0.0,0.0,0.0,0.0,1
20000.0,1,2,2,23,1,2,2,2,2,0,16332.0,18111.0,18325.0,18391.0,14235.0,18955.0,2500.0,1000.0,600.0,0.0,5000.0,1300.0,1
20000.0,1,3,1,57,-1,-1,-1,-1,0,0,390.0,390.0,390.0,21515.0,2942.0,0.0,390.0,390.0,10728.0,59.0,0.0,0.0,1
300000.0,1,1,1,51,-1,-1,-1,-1,0,0,18961.0,4371.0,3391.0,34282.0,12983.0,0.0,4387.0,3472.0,47371.0,64.0,0.0,33588.0,1
60000.0,2,1,2,23,2,2,2,2,2,2,26596.0,29332.0,28577.0,30805.0,31601.0,32349.0,3500.0,0.0,2709.0,1600.0,1400.0,1300.0,1
110000.0,1,1,2,29,0,0,0,0,0,0,110721.0,111242.0,105199.0,104587.0,49001.0,45093.0,3938.0,5720.0,3078.0,2000.0,2000.0,2000.0,1
20000.0,2,3,2,22,1,2,0,0,2,2,18590.0,17838.0,18680.0,19788.0,22265.0,21629.0,0.0,1307.0,1580.0,3100.0,0.0,1000.0,1
390000.0,1,1,2,37,-2,-2,-2,-2,-2,-2,73.0,10925.0,0.0,0.0,0.0,0.0,10952.0,0.0,0.0,0.0,0.0,0.0,1
500000.0,2,1,1,36,2,0,0,0,0,0,197231.0,175599.0,176947.0,178647.0,176380.0,172666.0,8500.0,8341.0,6600.0,6925.0,7225.0,6653.0,1
240000.0,2,2,1,28,1,2,2,2,0,0,210333.0,206332.0,214981.0,194817.0,186895.0,168541.0,0.0,12014.0,0.0,5307.0,5001.0,4505.0,1
130000.0,1,2,2,26,2,2,0,0,0,0,134836.0,128038.0,126862.0,97925.0,100484.0,54125.0,0.0,5000.0,3500.0,4055.0,10000.0,50000.0,1
90000.0,2,2,1,44,-1,-1,-1,-1,-1,-1,390.0,390.0,390.0,390.0,390.0,390.0,390.0,390.0,390.0,390.0,390.0,390.0,1
50000.0,1,2,2,28,2,0,0,2,0,0,14091.0,14752.0,18460.0,17749.0,18936.0,5925.0,1200.0,3972.0,0.0,1448.0,492.0,10000.0,1
90000.0,2,2,1,25,2,0,0,0,0,0,90371.0,87525.0,89052.0,85807.0,68186.0,69011.0,4100.0,4200.0,3000.0,3000.0,3000.0,2600.0,1
50000.0,1,3,2,28,2,2,2,0,0,2,28129.0,29184.0,28421.0,28751.0,30685.0,30040.0,1800.0,0.0,1100.0,2400.0,0.0,1500.0,1
260000.0,2,1,2,58,1,-2,-2,-2,-2,-2,0.0,0.0,0.0,0.0,0.0,0.0,0.0,0.0,0.0,0.0,0.0,0.0,1
60000.0,2,3,1,50,-1,-1,-1,-1,-1,-1,2811.0,297.0,734.0,399.0,670.0,0.0,297.0,737.0,399.0,670.0,0.0,9398.0,1
500000.0,2,1,2,31,-2,-2,-2,-1,0,-1,17496.0,1001.0,15782.0,29251.0,20095.0,77684.0,2000.0,5000.0,37223.0,0.0,80583.0,10155.0,1
300000.0,2,2,2,39,-2,-2,-2,-2,-2,-2,1028.0,0.0,0.0,0.0,0.0,0.0,0.0,0.0,0.0,0.0,0.0,0.0,1
150000.0,1,1,2,28,0,0,0,0,0,-2,6065.0,9606.0,3425.0,3425.0,0.0,0.0,5000.0,1000.0,0.0,0.0,0.0,53082.0,1
360000.0,1,1,2,29,-2,-2,-2,-2,-2,-2,0.0,0.0,0.0,0.0,0.0,0.0,0.0,0.0,0.0,0.0,0.0,0.0,1
40000.0,1,1,2,34,0,0,2,0,0,2,38849.0,40315.0,38401.0,39224.0,40364.0,38391.0,3600.0,0.0,2100.0,3226.0,0.0,1531.0,1
20000.0,2,3,2,34,1,-2,-2,-2,-2,-2,0.0,0.0,0.0,0.0,0.0,0.0,0.0,0.0,0.0,0.0,0.0,0.0,1
180000.0,2,1,1,39,0,0,0,0,0,0,177893.0,134212.0,128505.0,130078.0,128771.0,106396.0,6200.0,6000.0,5000.0,5001.0,4100.0,3600.0,1
200000.0,1,1,2,36,2,2,2,0,0,0,89082.0,91055.0,89064.0,90019.0,92850.0,98666.0,4000.0,0.0,3000.0,4000.0,7000.0,4000.0,1
80000.0,1,1,1,45,-1,-1,-1,-1,-1,-1,1473.0,1473.0,24770.0,3366.0,1473.0,44314.0,1473.0,24770.0,3366.0,1473.0,44314.0,4000.0,1
240000.0,2,2,1,28,2,2,2,2,2,0,191137.0,210333.0,206332.0,214981.0,194817.0,186895.0,24000.0,0.0,12014.0,0.0,5307.0,5001.0,1
30000.0,2,2,1,46,2,2,2,2,2,-1,34713.0,32875.0,29088.0,26788.0,17014.0,3000.0,2000.0,4.0,2916.0,106.0,3000.0,0.0,1
390000.0,2,2,1,43,2,2,2,0,0,0,78658.0,60152.0,40238.0,41366.0,37788.0,19025.0,4514.0,0.0,1528.0,0.0,1000.0,3574.0,1
40000.0,2,3,1,40,1,-1,2,2,2,-2,-531.0,2661.0,3871.0,1488.0,0.0,0.0,3383.0,2000.0,0.0,0.0,0.0,431.0,1
320000.0,1,1,1,48,2,2,2,2,2,2,206732.0,201932.0,215392.0,218370.0,220977.0,225021.0,0.0,18300.0,8000.0,7700.0,7700.0,0.0,1
110000.0,1,2,2,25,0,0,2,0,0,2,23459.0,27157.0,26549.0,34222.0,44062.0,45036.0,4000.0,0.0,9000.0,10700.0,1700.0,0.0,1
10000.0,1,3,2,28,2,0,0,-1,-1,0,6302.0,6390.0,0.0,1170.0,9956.0,9992.0,1000.0,1600.0,1170.0,9956.0,282.0,91.0,1
360000.0,2,1,1,47,2,2,-2,-2,-2,-2,2500.0,0.0,0.0,0.0,0.0,0.0,0.0,0.0,0.0,0.0,0.0,0.0,1
90000.0,2,1,2,36,0,0,0,0,0,-1,39317.0,28491.0,20367.0,16680.0,10320.0,7601.0,1808.0,1657.0,1000.0,206.0,7601.0,286.0,1
210000.0,1,2,1,38,2,0,0,0,0,0,196426.0,194724.0,193397.0,195027.0,199236.0,203241.0,8405.0,8495.0,7800.0,7378.0,7800.0,6900.0,1
270000.0,2,2,1,40,0,0,0,0,0,0,26183.0,24181.0,19543.0,17160.0,14818.0,12702.0,1826.0,1469.0,514.0,581.0,612.0,312.0,1
60000.0,1,3,1,31,1,2,0,0,0,0,69311.0,60059.0,54851.0,38863.0,39135.0,39049.0,0.0,2293.0,1367.0,1407.0,1410.0,1400.0,1
30000.0,2,1,2,26,1,2,0,0,0,-1,30739.0,29586.0,29412.0,18587.0,1558.0,4681.0,0.0,1331.0,49.0,5.0,5363.0,8.0,1
100000.0,1,1,1,60,0,0,0,0,0,0,101761.0,101801.0,101863.0,101729.0,98103.0,99521.0,3856.0,3919.0,3986.0,3865.0,3760.0,3863.0,1
50000.0,1,3,1,30,0,0,0,0,0,0,50545.0,49502.0,46418.0,19980.0,19751.0,20477.0,2603.0,1621.0,1000.0,1000.0,1204.0,1000.0,1
330000.0,2,1,2,44,0,0,2,0,0,0,243621.0,259517.0,253863.0,257535.0,262753.0,268145.0,21400.0,0.0,9400.0,9542.0,9766.0,9786.0,1
30000.0,1,1,2,26,4,3,2,0,0,-2,25899.0,25177.0,22768.0,18600.0,0.0,0.0,0.0,600.0,800.0,0.0,0.0,0.0,1
130000.0,2,2,2,26,0,0,0,0,0,-2,110922.0,113974.0,126194.0,17832.0,-3000.0,0.0,5000.0,15066.0,5007.0,0.0,3000.0,825.0,1
270000.0,2,2,1,33,0,0,0,0,0,0,121065.0,96197.0,92217.0,94082.0,96367.0,97793.0,3500.0,3349.0,3400.0,3800.0,3300.0,2601.0,1
60000.0,2,3,2,45,-1,-1,-1,-1,-1,-1,1876.0,1876.0,1876.0,1876.0,1876.0,1876.0,1876.0,1876.0,1876.0,1876.0,1876.0,1876.0,1
230000.0,2,2,1,36,-2,-2,-2,-2,-2,-1,198.0,29430.0,22925.0,6120.0,6519.0,12051.0,29439.0,22993.0,6167.0,6519.0,12086.0,5948.0,1
480000.0,2,2,2,34,0,0,0,0,0,0,489305.0,479927.0,471639.0,375196.0,285319.0,209218.0,18231.0,20010.0,13013.0,11209.0,9010.0,162510.0,1
360000.0,1,3,1,36,-2,-2,-2,-2,-2,-2,222.0,1256.0,-9.0,1840.0,0.0,0.0,1256.0,0.0,1849.0,0.0,0.0,0.0,1
130000.0,2,2,1,37,0,0,0,0,0,0,3811.0,8692.0,10467.0,10067.0,12567.0,12567.0,5000.0,2000.0,0.0,2500.0,0.0,0.0,1
20000.0,2,2,2,46,-1,-1,-1,0,0,-2,189.0,2249.0,3551.0,6180.0,0.0,0.0,2249.0,3551.0,5000.0,0.0,0.0,0.0,1
50000.0,2,2,3,31,2,2,3,2,2,2,39193.0,42816.0,42838.0,43335.0,44220.0,45159.0,4600.0,1000.0,1500.0,1900.0,1800.0,1200.0,1
230000.0,1,2,2,30,0,0,2,0,0,0,38651.0,45681.0,44652.0,48540.0,52477.0,56506.0,8000.0,0.0,4970.0,4907.0,4936.0,5024.0,1
20000.0,2,2,1,37,2,0,0,2,0,0,16429.0,17450.0,20358.0,19722.0,19616.0,19228.0,1300.0,3200.0,0.0,830.0,750.0,1000.0,1
150000.0,2,1,2,33,0,0,0,0,0,0,1911.0,3079.0,4057.0,1920.0,1920.0,0.0,1189.0,1167.0,1000.0,0.0,0.0,0.0,1
360000.0,1,2,1,37,1,-2,-2,-2,-2,-2,0.0,0.0,0.0,0.0,0.0,0.0,0.0,0.0,0.0,0.0,0.0,0.0,1
20000.0,2,1,2,22,2,0,0,0,0,2,13718.0,15033.0,15751.0,17068.0,17891.0,17463.0,1550.0,1268.0,1585.0,1408.0,0.0,1700.0,1
150000.0,2,1,1,30,2,0,0,0,0,0,151060.0,139648.0,119043.0,112072.0,113932.0,105706.0,3864.0,3868.0,2808.0,3037.0,2583.0,1079.0,1
310000.0,2,1,1,66,0,0,0,0,0,0,259874.0,236662.0,220421.0,224801.0,229520.0,234145.0,8874.0,7984.0,8029.0,8324.0,8435.0,8552.0,1
100000.0,2,2,1,40,2,2,2,2,2,2,47243.0,48294.0,49213.0,49827.0,51005.0,53142.0,2000.0,1900.0,1600.0,2000.0,3000.0,0.0,1
140000.0,1,2,2,36,0,0,0,0,0,0,123474.0,125565.0,120847.0,121040.0,107310.0,105958.0,4409.0,4505.0,4100.0,3800.0,4000.0,3900.0,1
200000.0,2,1,1,34,1,-2,-2,-2,-2,-2,0.0,0.0,0.0,0.0,0.0,0.0,0.0,0.0,0.0,0.0,0.0,0.0,1
230000.0,1,2,2,32,2,2,2,2,2,2,189567.0,189023.0,187521.0,182671.0,174794.0,182160.0,9000.0,6300.0,6200.0,500.0,12500.0,0.0,1
80000.0,2,1,2,28,0,0,2,2,2,2,75709.0,80033.0,78145.0,80584.0,81693.0,78470.0,6800.0,0.0,6000.0,3000.0,0.0,5100.0,1
30000.0,2,2,2,23,4,3,2,2,3,2,15847.0,15308.0,15910.0,16752.0,16197.0,16583.0,0.0,1150.0,1400.0,0.0,800.0,0.0,1
30000.0,2,2,2,23,0,0,0,2,0,0,27186.0,27585.0,30398.0,29305.0,29408.0,28699.0,1451.0,3564.0,0.0,1174.0,1207.0,4302.0,1
360000.0,2,2,2,37,-1,-1,-1,-1,-1,-1,1066.0,0.0,878.0,1142.0,926.0,1401.0,0.0,878.0,1142.0,926.0,1401.0,938.0,1
30000.0,2,2,1,45,2,2,2,0,0,0,30330.0,30948.0,29480.0,28805.0,19733.0,16543.0,1400.0,0.0,928.0,602.0,768.0,1299.0,1
70000.0,1,2,2,40,2,2,2,0,0,0,69164.0,70938.0,69248.0,69366.0,48998.0,27863.0,3500.0,0.0,2109.0,1500.0,3769.0,0.0,1
500000.0,1,1,1,55,3,2,2,2,2,2,4957.0,4957.0,4957.0,4957.0,4957.0,4957.0,0.0,0.0,0.0,0.0,0.0,0.0,1
290000.0,2,2,1,29,2,2,0,0,0,0,63872.0,62290.0,63624.0,64427.0,62853.0,63923.0,0.0,3000.0,2406.0,2431.0,2433.0,2434.0,1
10000.0,2,3,3,52,2,0,0,2,0,0,9970.0,9625.0,9622.0,7773.0,5968.0,5380.0,2001.0,1801.0,0.0,700.0,1300.0,3200.0,1
70000.0,2,2,2,24,0,0,2,0,0,0,65508.0,50382.0,49271.0,50449.0,51636.0,53666.0,4000.0,0.0,2000.0,2000.0,3000.0,2000.0,1
90000.0,2,2,1,55,0,-1,-1,-1,-1,-1,15000.0,1055.0,-180.0,2320.0,1286.0,1132.0,1055.0,0.0,2500.0,2000.0,1132.0,1110.0,1
210000.0,1,1,2,41,-1,-1,-1,-1,-1,-1,326.0,326.0,326.0,326.0,326.0,326.0,326.0,326.0,326.0,326.0,326.0,326.0,1
280000.0,1,3,1,40,2,0,0,0,0,0,178220.0,184848.0,188411.0,191291.0,189029.0,192023.0,10000.0,9000.0,8000.0,6738.0,6974.0,7600.0,1
60000.0,2,2,1,49,2,0,0,0,2,0,61093.0,57227.0,32091.0,32792.0,31277.0,29512.0,1739.0,1791.0,2378.0,0.0,1092.0,3554.0,1
130000.0,2,1,2,28,-2,-2,-2,-2,-1,-1,9821.0,8582.0,0.0,0.0,1170.0,0.0,8611.0,0.0,0.0,1170.0,0.0,1070.0,1
170000.0,1,2,1,35,2,2,2,2,2,2,148655.0,150727.0,154850.0,150893.0,165924.0,163176.0,6000.0,8000.0,0.0,19172.0,0.0,12210.0,1
150000.0,2,3,2,41,2,0,0,0,0,0,102629.0,85817.0,78898.0,70886.0,65869.0,67805.0,3100.0,3160.0,2505.0,2500.0,3000.0,5000.0,1
50000.0,1,2,2,22,-1,2,2,2,0,0,19875.0,19273.0,21133.0,19121.0,19663.0,20235.0,0.0,2500.0,0.0,1000.0,1050.0,600.0,1
360000.0,1,2,1,40,-1,-1,-1,-1,0,-1,250.0,1088.0,3189.0,3093.0,4019.0,2407.0,1088.0,3215.0,3104.0,2026.0,2414.0,8089.0,1
160000.0,2,1,2,33,2,2,2,2,2,2,132510.0,128981.0,138289.0,134773.0,142913.0,146003.0,0.0,13000.0,200.0,10500.0,5600.0,5200.0,1
170000.0,2,1,2,30,2,2,2,2,2,2,155910.0,158819.0,161487.0,157577.0,168094.0,170922.0,6800.0,6500.0,0.0,13000.0,5500.0,1000.0,1
220000.0,2,2,1,28,5,6,5,4,3,2,216435.0,219973.0,215959.0,210438.0,207114.0,210491.0,8355.0,1000.0,0.0,0.0,6800.0,97.0,1
10000.0,1,3,1,37,-1,-1,-1,-1,-1,-1,678.0,500.0,381.0,2977.0,1000.0,0.0,602.0,381.0,2986.0,1203.0,0.0,0.0,1
190000.0,1,2,1,23,0,0,0,0,0,0,223483.0,183900.0,182911.0,156432.0,152708.0,133584.0,11837.0,6070.0,5136.0,5183.0,5237.0,4396.0,1
330000.0,1,2,1,38,0,0,0,0,0,0,179935.0,177959.0,175259.0,153562.0,157072.0,158516.0,8000.0,6000.0,5600.0,6000.0,6000.0,6000.0,1
30000.0,1,2,2,35,2,2,-2,-2,-2,-2,3462.0,-334.0,-1170.0,-1560.0,-1950.0,-1620.0,0.0,0.0,0.0,0.0,1620.0,900.0,1
120000.0,1,2,2,41,1,2,0,0,-1,-1,121988.0,90063.0,27941.0,11990.0,390.0,390.0,0.0,1600.0,1000.0,390.0,390.0,0.0,1
20000.0,1,3,1,48,0,0,0,0,0,0,19195.0,20089.0,16739.0,17486.0,9392.0,9587.0,1257.0,1368.0,1115.0,301.0,310.0,352.0,1
50000.0,2,2,2,29,2,2,2,2,2,2,30715.0,29923.0,32700.0,28768.0,29639.0,28629.0,0.0,3304.0,4.0,2230.0,0.0,2009.0,1
120000.0,1,2,2,29,1,-1,-1,-1,0,-1,0.0,326.0,326.0,652.0,326.0,326.0,652.0,326.0,652.0,0.0,326.0,326.0,1
80000.0,2,2,1,29,2,2,2,2,0,0,82074.0,79440.0,102872.0,49043.0,23962.0,23283.0,0.0,4300.0,0.0,1000.0,5000.0,1000.0,1
50000.0,2,2,1,37,0,0,0,2,0,0,46239.0,47469.0,51145.0,45624.0,29172.0,27291.0,2000.0,4500.0,0.0,1153.0,1000.0,1065.0,1
80000.0,2,2,1,39,0,0,0,0,0,0,77020.0,76246.0,49428.0,34024.0,46073.0,47038.0,3179.0,1699.0,1712.0,22965.0,1706.0,1727.0,1
180000.0,1,1,2,32,2,2,0,0,0,0,220901.0,207382.0,201883.0,196524.0,192243.0,186537.0,0.0,7820.0,7000.0,7000.0,5000.0,6000.0,1
30000.0,1,2,2,26,1,3,2,2,2,2,14773.0,14252.0,13738.0,15424.0,14881.0,15894.0,0.0,0.0,2226.0,0.0,1406.0,0.0,1
30000.0,2,3,2,22,3,2,2,2,2,3,9340.0,10533.0,10221.0,16808.0,17738.0,17174.0,1500.0,0.0,6808.0,1502.0,0.0,0.0,1
30000.0,2,2,2,27,0,0,0,0,0,0,26264.0,27536.0,28771.0,27744.0,28302.0,29725.0,2000.0,2005.0,1000.0,1000.0,2250.0,0.0,1
210000.0,1,2,1,45,-1,-1,-1,-1,-1,-1,1792.0,4339.0,4049.0,345.0,650.0,3217.0,4369.0,4049.0,348.0,650.0,3217.0,3912.0,1
80000.0,1,1,1,47,-1,-1,-1,-1,-1,-1,2001.0,2338.0,5655.0,1670.0,3096.0,4590.0,2338.0,5655.0,1676.0,3096.0,4590.0,5598.0,1
50000.0,1,3,2,32,2,0,0,0,0,0,40486.0,41526.0,42539.0,43532.0,42858.0,43481.0,1691.0,1704.0,1697.0,1558.0,1727.0,1446.0,1
20000.0,1,3,2,28,-1,2,2,2,0,0,3515.0,4301.0,5075.0,4845.0,6753.0,9615.0,1000.0,1000.0,0.0,2000.0,3000.0,2000.0,1
20000.0,2,3,1,42,2,2,2,0,0,0,16478.0,19187.0,18592.0,19431.0,19993.0,-1000.0,2994.0,0.0,1238.0,800.0,0.0,1000.0,1
20000.0,1,2,1,42,1,2,0,0,0,0,17614.0,17042.0,18052.0,18562.0,18814.0,19500.0,0.0,1300.0,810.0,700.0,1000.0,900.0,1
50000.0,2,3,2,54,4,4,3,2,2,0,51300.0,50222.0,49097.0,50036.0,49145.0,47639.0,0.0,0.0,2000.0,0.0,1900.0,2000.0,1
20000.0,2,2,1,21,1,-2,-1,-1,-2,-2,0.0,0.0,289.0,0.0,0.0,0.0,0.0,289.0,0.0,0.0,0.0,0.0,1
30000.0,2,3,1,58,2,2,2,2,2,2,26580.0,27652.0,27905.0,27158.0,29239.0,29791.0,1800.0,1000.0,0.0,2518.0,1185.0,1200.0,1
230000.0,2,1,2,37,-2,-2,-2,-2,-2,-2,-18.0,-18.0,-18.0,-18.0,-18.0,-18.0,18.0,0.0,0.0,0.0,0.0,0.0,1
130000.0,2,2,2,40,0,0,2,0,0,0,9559.0,12394.0,11883.0,9826.0,10167.0,12685.0,3000.0,0.0,500.0,500.0,2700.0,500.0,1
70000.0,2,3,2,26,0,0,0,0,0,0,7139.0,8361.0,10030.0,11578.0,13408.0,12302.0,1500.0,2000.0,2000.0,2000.0,1000.0,2000.0,1
330000.0,2,1,1,58,-2,-2,-2,-2,-2,-2,880.0,2304.0,0.0,440.0,0.0,115.0,2304.0,0.0,440.0,0.0,115.0,0.0,1
80000.0,2,1,1,48,-1,-1,-1,-2,-2,-1,1198.0,1150.0,0.0,0.0,0.0,7685.0,1150.0,0.0,0.0,0.0,7685.0,0.0,1
70000.0,2,3,1,35,2,2,2,2,2,2,50834.0,52163.0,51060.0,54200.0,52734.0,55903.0,2460.0,0.0,4600.0,0.0,4200.0,2200.0,1
20000.0,1,2,2,27,1,2,0,0,2,2,7326.0,7060.0,8240.0,9582.0,9279.0,9971.0,0.0,1296.0,1638.0,0.0,844.0,0.0,1
30000.0,2,2,2,25,0,0,2,2,2,2,23657.0,26568.0,27456.0,27915.0,27185.0,28806.0,3300.0,1600.0,1200.0,0.0,2200.0,0.0,1
50000.0,2,2,2,27,2,2,2,2,0,0,47760.0,45064.0,45744.0,43123.0,42343.0,43020.0,0.0,3400.0,0.0,1528.0,3038.0,0.0,1
50000.0,1,2,1,47,1,-1,2,2,-1,-1,-658.0,46342.0,25600.0,-400.0,40000.0,0.0,47000.0,0.0,0.0,20400.0,0.0,0.0,1
20000.0,2,2,1,43,2,0,0,2,0,0,13139.0,13915.0,18667.0,18072.0,18120.0,19329.0,1300.0,5000.0,0.0,640.0,1497.0,0.0,1
70000.0,2,2,1,27,3,2,3,2,0,0,70084.0,71379.0,69264.0,26547.0,24173.0,24620.0,3000.0,0.0,0.0,2000.0,1000.0,1000.0,1
30000.0,2,2,1,22,2,2,0,0,0,2,28574.0,14220.0,14188.0,7058.0,7976.0,7734.0,0.0,1230.0,1000.0,1000.0,0.0,2000.0,1
10000.0,2,2,2,24,0,0,0,0,0,0,7199.0,8275.0,9232.0,9266.0,9501.0,9729.0,1350.0,1270.0,300.0,350.0,350.0,300.0,1
250000.0,2,1,1,30,-1,-1,-1,2,-1,-1,1923.0,-574.0,2533.0,1607.0,56694.0,58091.0,900.0,4500.0,0.0,57000.0,5000.0,0.0,1
100000.0,2,3,1,36,2,2,2,2,2,2,53530.0,55081.0,55581.0,59253.0,61145.0,62181.0,3000.0,2000.0,4600.0,3000.0,2200.0,2500.0,1
260000.0,2,1,2,29,-1,-1,-1,-1,-1,-1,3735.0,-8.0,4865.0,507.0,3787.0,1443.0,0.0,4873.0,507.0,3787.0,1443.0,0.0,1
70000.0,2,2,1,27,0,0,0,0,0,0,69762.0,68914.0,69252.0,70415.0,69212.0,70514.0,2450.0,2600.0,2700.0,2500.0,2800.0,2500.0,1
20000.0,2,2,2,23,0,0,0,0,0,0,17257.0,17417.0,14462.0,14750.0,15215.0,16209.0,1230.0,1239.0,527.0,702.0,1400.0,0.0,1
180000.0,2,2,1,34,0,-1,-1,-1,-1,-1,3359.0,4060.0,-200.0,2000.0,0.0,19726.0,4060.0,0.0,2200.0,0.0,19726.0,0.0,1
50000.0,1,2,2,24,1,3,2,0,-1,-1,52935.0,50946.0,22740.0,2314.0,1823.0,18839.0,0.0,0.0,0.0,1823.0,18839.0,641.0,1
360000.0,1,3,1,44,-1,-1,-1,-1,-1,-1,1982.0,-18.0,3746.0,-4.0,906.0,850.0,0.0,3764.0,0.0,910.0,854.0,1131.0,1
100000.0,2,2,1,41,-2,-2,-2,-2,-2,-2,0.0,0.0,0.0,0.0,0.0,0.0,0.0,0.0,0.0,0.0,0.0,0.0,1
60000.0,2,2,1,49,1,-2,-2,-2,-2,-2,0.0,0.0,0.0,0.0,0.0,0.0,0.0,0.0,0.0,0.0,0.0,0.0,1
160000.0,1,1,1,51,2,3,2,0,0,0,79244.0,77441.0,75598.0,82277.0,84955.0,87549.0,0.0,0.0,8000.0,4000.0,4000.0,4000.0,1
200000.0,1,2,1,40,0,0,3,2,2,2,154090.0,172516.0,168401.0,164199.0,174420.0,178485.0,21000.0,0.0,0.0,13000.0,7000.0,1170.0,1
150000.0,2,2,1,28,0,-1,-1,-1,-1,-1,12780.0,850.0,850.0,430.0,840.0,430.0,850.0,850.0,430.0,840.0,430.0,860.0,1
300000.0,1,1,1,43,1,-2,-2,-2,-2,-2,0.0,0.0,0.0,0.0,0.0,0.0,0.0,0.0,0.0,0.0,0.0,0.0,1
30000.0,1,2,1,37,0,0,0,0,0,0,15054.0,15104.0,15428.0,16273.0,16305.0,780.0,1551.0,1265.0,1500.0,841.0,0.0,0.0,1
60000.0,2,2,2,22,3,2,2,2,2,2,61558.0,59967.0,59693.0,39686.0,30077.0,30761.0,10.0,3616.0,301.0,2501.0,1300.0,0.0,1
20000.0,1,1,2,24,1,2,2,2,0,0,6696.0,7437.0,8810.0,9470.0,18315.0,19237.0,1000.0,1495.0,1000.0,9000.0,1800.0,900.0,1
20000.0,1,2,1,59,3,2,3,3,2,2,6015.0,7759.0,8486.0,8208.0,7930.0,8650.0,2000.0,1000.0,0.0,0.0,1000.0,0.0,1
20000.0,1,3,2,24,4,3,2,0,0,0,20569.0,19927.0,16371.0,17291.0,18001.0,18706.0,0.0,0.0,1500.0,1000.0,1000.0,836.0,1
350000.0,2,1,2,44,3,2,2,2,2,2,314607.0,322032.0,327193.0,333278.0,340791.0,348006.0,14000.0,12000.0,13000.0,13000.0,13000.0,12200.0,1
200000.0,1,1,2,33,0,0,0,0,2,0,197272.0,196700.0,194403.0,197746.0,190198.0,192015.0,8600.0,7700.0,11100.0,0.0,5600.0,5640.0,1
30000.0,1,2,2,52,2,2,0,0,0,0,30119.0,28682.0,29058.0,29320.0,29787.0,27599.0,0.0,1803.0,1733.0,1200.0,1200.0,2000.0,1
360000.0,2,1,1,33,1,-2,-2,-2,-2,-2,0.0,0.0,0.0,0.0,0.0,0.0,0.0,0.0,0.0,0.0,0.0,0.0,1
130000.0,2,1,2,33,2,2,0,0,0,0,73250.0,71473.0,73892.0,74400.0,62134.0,63430.0,0.0,3572.0,2645.0,1813.0,1878.0,2210.0,1
50000.0,1,2,1,40,1,2,0,0,0,0,49039.0,47949.0,49235.0,49577.0,17063.0,17634.0,0.0,2058.0,1400.0,762.0,1000.0,650.0,1
160000.0,1,1,2,53,2,2,-1,-1,-2,-1,1309.0,0.0,4582.0,0.0,0.0,2191.0,0.0,4582.0,0.0,0.0,2191.0,4825.0,1
20000.0,1,2,2,27,3,2,0,0,0,-2,20771.0,19935.0,3110.0,2140.0,0.0,0.0,0.0,1000.0,100.0,2000.0,0.0,0.0,1
140000.0,2,3,1,42,0,0,0,0,0,0,138391.0,135476.0,135956.0,137143.0,137195.0,136300.0,6300.0,6500.0,6265.0,5000.0,5006.0,5000.0,1
70000.0,2,2,2,36,-1,2,2,2,2,2,1156.0,2254.0,2044.0,4152.0,3023.0,4014.0,2044.0,0.0,4000.0,0.0,2000.0,0.0,1
30000.0,1,2,2,35,0,0,2,2,2,0,20290.0,24727.0,24031.0,25579.0,25030.0,25526.0,5100.0,0.0,1949.0,0.0,912.0,2100.0,1
180000.0,2,1,1,38,2,0,0,0,0,0,183939.0,176737.0,179787.0,181918.0,169664.0,173169.0,8000.0,7900.0,6900.0,6200.0,6700.0,6700.0,1
130000.0,2,1,1,38,0,0,0,-2,-2,-2,64942.0,66775.0,0.0,0.0,0.0,0.0,4000.0,0.0,0.0,0.0,0.0,0.0,1
40000.0,2,3,1,26,2,2,2,2,2,0,33811.0,34654.0,35597.0,36211.0,35334.0,36170.0,1700.0,1800.0,1500.0,0.0,1500.0,1500.0,1
50000.0,2,2,2,22,2,2,2,2,2,2,15006.0,14475.0,16227.0,16662.0,16253.0,17982.0,0.0,2000.0,1000.0,0.0,2000.0,0.0,1
230000.0,2,1,2,34,-1,-1,-1,-1,-1,-1,3251.0,4342.0,2557.0,4440.0,4832.0,6059.0,4347.0,2557.0,4443.0,4832.0,6314.0,7897.0,1
50000.0,1,2,2,30,0,0,0,0,0,0,32781.0,31702.0,26829.0,18948.0,18830.0,19358.0,1489.0,1326.0,642.0,2000.0,824.0,1000.0,1
450000.0,2,1,2,38,0,-1,-1,-1,-1,-2,1414.0,1080.0,97.0,1749.0,0.0,0.0,1080.0,97.0,1749.0,0.0,0.0,0.0,1
280000.0,1,1,2,33,-1,-1,0,0,0,0,8814.0,151643.0,153190.0,147589.0,149291.0,151357.0,151650.0,5546.0,6007.0,5507.0,6007.0,4184.0,1
120000.0,2,2,1,50,2,0,0,0,2,2,81979.0,82726.0,85390.0,91549.0,92754.0,94722.0,3000.0,4000.0,7600.0,3600.0,3600.0,3600.0,1
440000.0,1,1,2,35,0,0,0,0,0,0,421895.0,413687.0,420892.0,352705.0,359770.0,351535.0,15100.0,16076.0,12445.0,13183.0,12874.0,12146.0,1
220000.0,1,1,2,33,-2,-2,-2,-2,-2,-2,1172.0,2917.0,170.0,5758.0,792.0,2538.0,2917.0,170.0,5789.0,792.0,2538.0,4031.0,1
50000.0,2,1,1,33,2,2,2,2,2,2,40669.0,43102.0,44313.0,45286.0,44256.0,47549.0,3424.0,2200.0,2000.0,0.0,4000.0,2300.0,1
20000.0,1,3,1,36,2,2,3,3,3,3,1050.0,1050.0,1050.0,1050.0,1050.0,1050.0,0.0,0.0,0.0,0.0,0.0,0.0,1
20000.0,1,2,2,36,0,0,0,0,-2,-2,20528.0,16287.0,7415.0,0.0,0.0,0.0,1300.0,1000.0,0.0,0.0,0.0,1180.0,1
20000.0,1,2,1,38,0,0,0,0,-2,-2,16619.0,17845.0,19000.0,0.0,0.0,0.0,1500.0,1500.0,0.0,0.0,0.0,0.0,1
110000.0,1,2,1,51,0,0,0,0,0,0,54051.0,55126.0,57239.0,104353.0,48308.0,49693.0,1972.0,3000.0,49000.0,1569.0,2000.0,2000.0,1
20000.0,2,3,1,52,2,0,0,0,0,0,18049.0,14361.0,15425.0,16460.0,17380.0,17650.0,1536.0,1600.0,1600.0,1500.0,700.0,2900.0,1
50000.0,2,1,1,36,2,0,0,2,2,2,37397.0,40292.0,43073.0,44067.0,44955.0,44081.0,3500.0,3452.0,2000.0,1738.0,0.0,4000.0,1
330000.0,2,2,2,30,-2,-2,-2,-2,-2,-2,0.0,0.0,0.0,0.0,0.0,0.0,0.0,0.0,0.0,0.0,0.0,0.0,1
190000.0,1,2,1,50,1,2,2,2,2,2,19871.0,19259.0,21734.0,21087.0,22732.0,22228.0,0.0,3100.0,0.0,2000.0,0.0,1900.0,1
30000.0,1,2,2,26,2,2,2,2,2,2,200.0,200.0,200.0,200.0,200.0,200.0,0.0,0.0,0.0,0.0,0.0,0.0,1
360000.0,2,1,1,35,-2,-1,0,-1,-1,-1,94657.0,34529.0,106276.0,73331.0,7759.0,31840.0,45000.0,100000.0,73427.0,7759.0,31840.0,12577.0,1
120000.0,2,1,2,30,2,-1,-1,-1,-1,-1,416.0,416.0,416.0,416.0,0.0,832.0,416.0,416.0,416.0,0.0,832.0,416.0,1
50000.0,1,3,1,49,0,0,0,-2,-2,-2,50180.0,51400.0,0.0,0.0,0.0,0.0,2400.0,0.0,0.0,0.0,0.0,0.0,1
120000.0,2,3,2,53,2,0,0,2,0,0,66963.0,68780.0,70830.0,71557.0,73052.0,74502.0,3500.0,3800.0,2500.0,2804.0,2820.0,3000.0,1
450000.0,2,2,1,38,-2,-2,-2,-2,-2,-2,390.0,390.0,390.0,390.0,390.0,390.0,390.0,780.0,390.0,390.0,390.0,390.0,1
80000.0,2,1,2,23,0,0,0,0,0,0,77024.0,73281.0,57806.0,37642.0,46235.0,47110.0,3212.0,1600.0,956.0,40000.0,1800.0,1700.0,1
90000.0,1,2,2,26,-1,2,-1,0,0,0,481.0,1149.0,39674.0,38968.0,39853.0,8064.0,1000.0,39674.0,1200.0,1217.0,1025.0,500.0,1
350000.0,2,2,1,35,-1,-1,2,-1,-1,-1,439.0,884.0,421.0,267.0,575.0,932.0,884.0,0.0,267.0,575.0,932.0,0.0,1
50000.0,1,2,2,27,3,2,2,0,0,-1,13694.0,14880.0,14242.0,13968.0,14319.0,2614.0,1700.0,0.0,426.0,501.0,2614.0,1390.0,1
200000.0,2,2,2,36,-1,-1,-1,-1,-1,-1,694.0,2695.0,660.0,2315.0,1290.0,5745.0,2721.0,660.0,2315.0,1290.0,5745.0,0.0,1
100000.0,1,4,1,52,0,0,0,0,0,0,90939.0,83090.0,63145.0,56962.0,52385.0,22543.0,3467.0,2000.0,1476.0,4992.0,808.0,1000.0,1
30000.0,1,2,2,31,1,2,2,2,2,2,10916.0,11940.0,11462.0,13263.0,12758.0,13545.0,1500.0,0.0,2300.0,0.0,1300.0,800.0,1
130000.0,2,2,2,34,0,0,0,0,2,0,99593.0,100415.0,103618.0,107525.0,104042.0,100190.0,4050.0,5600.0,7800.0,0.0,3900.0,3100.0,1
10000.0,2,2,2,21,2,2,3,2,0,0,6795.0,10398.0,10094.0,9768.0,8430.0,20735.0,3905.0,0.0,0.0,300.0,2165.0,2666.0,1
300000.0,2,3,1,28,-1,-1,-1,-1,-1,-1,390.0,390.0,390.0,390.0,390.0,390.0,390.0,390.0,390.0,390.0,390.0,390.0,1
30000.0,2,2,2,25,2,0,0,0,0,0,10343.0,11069.0,12082.0,12473.0,12623.0,27460.0,1200.0,1201.0,592.0,500.0,1500.0,0.0,1
210000.0,2,2,1,47,-1,-1,-1,-1,-1,-1,2295.0,561.0,2607.0,3586.0,3676.0,4095.0,566.0,2617.0,3591.0,3680.0,4095.0,8699.0,1
30000.0,2,1,2,23,1,2,0,0,0,0,10764.0,10454.0,11862.0,12104.0,12351.0,8000.0,0.0,2000.0,242.0,247.0,2000.0,0.0,1
30000.0,1,2,2,24,0,0,0,0,0,0,26573.0,26988.0,14964.0,15428.0,15612.0,16630.0,1500.0,1600.0,1000.0,569.0,1280.0,0.0,1
50000.0,1,1,2,24,2,0,0,2,0,0,5524.0,6474.0,8896.0,7088.0,7109.0,6898.0,1500.0,2700.0,0.0,500.0,500.0,500.0,1
180000.0,2,2,1,32,1,2,2,2,0,0,15548.0,15009.0,17752.0,17172.0,18732.0,23389.0,0.0,3000.0,0.0,2000.0,5000.0,2000.0,1
240000.0,2,2,1,38,1,2,-1,2,2,2,7466.0,221.0,189.0,189.0,1648.0,1459.0,899.0,198.0,0.0,1459.0,0.0,1250.0,1
250000.0,2,3,1,49,-2,-2,-2,-2,-2,-2,632.0,316.0,316.0,316.0,316.0,316.0,0.0,316.0,316.0,316.0,316.0,316.0,1
600000.0,1,1,1,53,2,2,0,0,0,0,467150.0,458862.0,469703.0,447130.0,440982.0,434715.0,0.0,18000.0,16000.0,16000.0,21000.0,20000.0,1
20000.0,2,3,2,23,0,0,2,2,2,2,13884.0,16344.0,15784.0,17517.0,17097.0,18654.0,3000.0,0.0,2000.0,0.0,2000.0,0.0,1
120000.0,1,2,2,35,0,0,0,2,2,0,49485.0,52108.0,56950.0,58419.0,56885.0,57920.0,3458.0,6300.0,3000.0,0.0,2103.0,2300.0,1
50000.0,1,2,1,48,0,0,0,0,0,0,40931.0,40892.0,41612.0,18825.0,18019.0,18124.0,1880.0,1650.0,10000.0,1000.0,700.0,600.0,1
70000.0,2,2,2,24,0,-1,0,0,0,-1,7033.0,1602.0,28199.0,28980.0,29795.0,27091.0,1954.0,28000.0,1250.0,1496.0,29251.0,1000.0,1
20000.0,2,2,1,23,2,0,0,0,2,0,16219.0,17626.0,18398.0,19052.0,15429.0,9199.0,1674.0,1446.0,1100.0,0.0,379.0,1085.0,1
330000.0,1,1,2,32,0,0,-2,-2,-2,-2,16352.0,0.0,0.0,0.0,0.0,0.0,0.0,0.0,0.0,0.0,0.0,0.0,1
80000.0,2,2,1,37,2,2,2,2,2,-2,1662.0,3347.0,4140.0,3920.0,0.0,0.0,2427.0,1000.0,0.0,0.0,0.0,0.0,1
260000.0,2,2,1,33,0,0,0,0,0,0,151123.0,134736.0,135593.0,120909.0,102524.0,40157.0,4002.0,6067.0,10000.0,3000.0,40157.0,1466.0,1
50000.0,1,2,2,29,0,0,0,-2,-2,-2,1972.0,2524.0,0.0,0.0,0.0,0.0,2500.0,0.0,0.0,0.0,0.0,0.0,1
190000.0,1,1,2,31,-2,-2,-1,-1,0,0,-579.0,0.0,400.0,579.0,579.0,-421.0,579.0,400.0,579.0,0.0,421.0,0.0,1
130000.0,2,3,1,46,0,0,0,0,0,0,17505.0,18529.0,19545.0,20217.0,20890.0,21541.0,1312.0,1328.0,1000.0,1000.0,1000.0,799.0,1
20000.0,2,3,1,42,2,0,0,0,2,2,20205.0,16882.0,18094.0,19592.0,19930.0,20353.0,1500.0,1500.0,1800.0,800.0,900.0,36.0,1
100000.0,1,2,2,35,-1,2,2,-1,-1,2,8102.0,10252.0,5607.0,59265.0,62554.0,55392.0,2500.0,0.0,59265.0,4100.0,2500.0,0.0,1
50000.0,2,3,1,47,1,2,0,0,0,0,50574.0,48968.0,50151.0,50496.0,2759.0,-442.0,0.0,2463.0,2300.0,55.0,0.0,37459.0,1
20000.0,2,3,1,48,1,2,2,3,2,2,14589.0,16743.0,17522.0,17055.0,10400.0,0.0,2700.0,1400.0,0.0,0.0,0.0,0.0,1
50000.0,1,3,1,65,1,2,2,2,2,2,11763.0,11283.0,13288.0,12780.0,13522.0,13155.0,0.0,2200.0,0.0,1100.0,0.0,1200.0,1
200000.0,2,3,2,33,1,2,2,2,2,2,51979.0,51016.0,54736.0,55424.0,56101.0,57137.0,0.0,5000.0,2000.0,2000.0,1900.0,2200.0,1
20000.0,1,3,2,49,1,2,2,-1,0,0,19481.0,18756.0,-3744.0,17105.0,17250.0,0.0,0.0,0.0,21200.0,345.0,0.0,0.0,1
30000.0,2,3,1,46,2,2,2,2,3,2,22352.0,23392.0,23908.0,24815.0,24133.0,25087.0,1700.0,1200.0,1600.0,0.0,1500.0,0.0,1
20000.0,2,3,1,45,2,2,3,2,2,0,21646.0,24390.0,23719.0,23936.0,23253.0,25871.0,3400.0,0.0,900.0,0.0,3000.0,2000.0,1
200000.0,2,1,1,42,-2,-2,-2,-2,-2,-2,0.0,0.0,0.0,0.0,0.0,0.0,0.0,0.0,0.0,0.0,0.0,665.0,1
170000.0,1,3,2,36,-1,-1,-1,0,0,-1,396.0,5596.0,6953.0,16157.0,28856.0,4941.0,5596.0,6953.0,10000.0,15000.0,4941.0,22114.0,1
130000.0,1,2,1,27,0,0,-1,0,0,0,53119.0,48994.0,17285.0,12448.0,12855.0,11795.0,3106.0,22511.0,600.0,1005.0,1004.0,1006.0,1
50000.0,1,2,2,51,0,0,0,2,2,0,15096.0,16541.0,18356.0,18181.0,18285.0,10220.0,2000.0,2400.0,420.0,600.0,600.0,500.0,1
20000.0,1,3,1,63,2,2,2,2,2,0,16097.0,16951.0,17090.0,17128.0,16725.0,17263.0,1400.0,700.0,600.0,0.0,800.0,772.0,1
20000.0,2,2,1,29,0,0,0,-1,-1,-1,3138.0,4090.0,2060.0,780.0,1000.0,0.0,1030.0,1000.0,780.0,1000.0,0.0,0.0,1
200000.0,2,2,2,23,0,0,-2,-2,-2,-2,61650.0,0.0,0.0,0.0,0.0,0.0,0.0,0.0,0.0,0.0,0.0,0.0,1
280000.0,1,2,1,46,1,2,2,2,2,2,188894.0,194489.0,197722.0,192140.0,203913.0,200564.0,10101.0,8000.0,0.0,15000.0,0.0,7053.0,1
200000.0,1,2,1,51,2,-1,-1,-1,-1,-1,206.0,2522.0,1261.0,0.0,1261.0,-1261.0,2522.0,1261.0,0.0,1261.0,0.0,5242.0,1
450000.0,1,1,2,31,1,2,2,2,-2,-2,153246.0,151659.0,10199.0,0.0,0.0,0.0,4009.0,2000.0,0.0,0.0,0.0,0.0,1
130000.0,2,1,1,46,0,0,0,0,0,0,147582.0,138996.0,140558.0,90522.0,90917.0,92330.0,5394.0,4229.0,3211.0,3297.0,3312.0,3381.0,1
120000.0,2,2,2,25,1,-2,-1,-1,-1,-2,0.0,0.0,12162.0,1553.0,0.0,0.0,0.0,12162.0,1553.0,0.0,0.0,0.0,1
40000.0,2,2,1,45,1,2,0,0,0,0,11402.0,10928.0,11940.0,12241.0,12544.0,12835.0,0.0,1200.0,500.0,500.0,500.0,500.0,1
190000.0,2,2,1,48,2,2,2,2,0,0,90128.0,92367.0,94227.0,91943.0,93546.0,95759.0,4500.0,4100.0,0.0,3500.0,3600.0,3500.0,1
50000.0,1,3,2,29,0,0,2,0,0,-1,7334.0,7344.0,5420.0,4104.0,1596.0,1594.0,2500.0,0.0,1596.0,0.0,1594.0,0.0,1
500000.0,1,2,1,38,0,0,0,-1,-1,-1,499231.0,511629.0,-311.0,6391.0,420.0,7619.0,22600.0,501.0,6892.0,421.0,7695.0,8679.0,1
420000.0,1,2,1,34,0,0,0,0,0,0,226007.0,226465.0,205276.0,206521.0,209775.0,194883.0,10000.0,9600.0,6700.0,7000.0,7042.0,7112.0,1
310000.0,2,2,2,31,2,0,0,0,2,2,137171.0,141486.0,144515.0,154587.0,156565.0,153965.0,6600.0,6800.0,14000.0,6000.0,0.0,5800.0,1
50000.0,2,2,2,52,0,0,0,0,0,0,33743.0,22989.0,15843.0,16825.0,14637.0,15397.0,2000.0,1400.0,2000.0,5000.0,1000.0,1000.0,1
20000.0,1,3,1,40,0,0,0,0,0,0,18987.0,19909.0,16623.0,17634.0,17985.0,18362.0,1258.0,1282.0,1293.0,644.0,667.0,743.0,1
40000.0,1,3,2,43,2,2,7,7,7,7,2400.0,2400.0,2400.0,2400.0,2400.0,2400.0,0.0,0.0,0.0,0.0,0.0,0.0,1
120000.0,2,2,2,28,-1,2,-1,-1,-1,-1,2049.0,1579.0,590.0,3617.0,2001.0,0.0,0.0,590.0,3617.0,2001.0,0.0,204.0,1
80000.0,2,2,1,51,0,0,0,0,0,0,42731.0,23086.0,23661.0,24678.0,25766.0,26351.0,1365.0,1500.0,1412.0,1500.0,1000.0,1100.0,1
150000.0,1,1,1,41,2,2,2,0,0,2,113358.0,124745.0,121249.0,124237.0,132252.0,134925.0,14779.0,0.0,5000.0,10000.0,5000.0,0.0,1
150000.0,1,2,2,39,2,0,0,0,0,0,155896.0,159891.0,164830.0,95000.0,98000.0,100000.0,5500.0,7103.0,3000.0,3000.0,2000.0,0.0,1
200000.0,2,1,2,25,1,2,3,2,3,2,133797.0,144095.0,140383.0,146531.0,142795.0,136981.0,14000.0,0.0,10000.0,0.0,0.0,5100.0,1
180000.0,1,3,1,58,2,2,2,2,2,2,36086.0,37196.0,36322.0,38808.0,39474.0,40297.0,2000.0,0.0,3405.0,1600.0,1600.0,1700.0,1
170000.0,2,1,2,40,-2,-2,-2,-2,-2,-2,0.0,0.0,1980.0,0.0,280.0,280.0,0.0,1980.0,0.0,280.0,280.0,1111.0,1
20000.0,2,3,1,24,0,0,0,0,2,2,10994.0,12006.0,15967.0,17576.0,16996.0,18223.0,1500.0,4500.0,2187.0,0.0,1500.0,0.0,1
340000.0,2,1,1,56,-1,-1,-1,-1,0,0,5610.0,5399.0,12347.0,8612.0,5479.0,0.0,5399.0,12353.0,8619.0,0.0,0.0,0.0,1
320000.0,2,1,2,29,0,0,-2,-1,-1,0,12130.0,0.0,0.0,364.0,16177.0,16706.0,0.0,0.0,364.0,16177.0,800.0,650.0,1
200000.0,1,2,2,29,2,2,4,4,4,4,2500.0,2500.0,2500.0,2500.0,2500.0,2500.0,0.0,0.0,0.0,0.0,0.0,0.0,1
50000.0,2,2,1,40,0,0,0,0,0,0,31934.0,32711.0,34061.0,32672.0,32479.0,33431.0,2000.0,3000.0,3000.0,3000.0,2000.0,1000.0,1
60000.0,2,2,2,28,2,0,0,0,2,-1,5669.0,6328.0,8460.0,10146.0,9413.0,15997.0,2000.0,3000.0,2500.0,0.0,15997.0,3000.0,1
200000.0,1,1,2,29,1,2,0,0,0,0,7885.0,7613.0,9318.0,10297.0,17321.0,21263.0,0.0,2003.0,2063.0,8000.0,4033.0,2199.0,1
230000.0,2,1,1,43,-1,-1,-1,-1,-1,-2,390.0,390.0,0.0,780.0,0.0,0.0,390.0,0.0,780.0,0.0,0.0,0.0,1
50000.0,2,2,1,41,2,2,2,2,2,0,17028.0,20543.0,21919.0,20828.0,20272.0,18816.0,3828.0,2000.0,600.0,0.0,637.0,700.0,1
50000.0,2,3,2,25,0,0,2,2,2,0,41641.0,44434.0,45916.0,46566.0,45516.0,46484.0,3500.0,2500.0,1700.0,0.0,1700.0,3900.0,1
390000.0,1,1,1,45,2,2,0,0,0,0,185204.0,180455.0,131386.0,131879.0,115183.0,75131.0,0.0,6000.0,3500.0,5000.0,4500.0,3000.0,1
20000.0,1,2,2,24,1,2,0,0,2,2,10248.0,10783.0,12291.0,14666.0,14289.0,17525.0,1000.0,2000.0,2900.0,0.0,3500.0,0.0,1
30000.0,2,3,1,36,2,0,0,0,0,0,7109.0,7963.0,9152.0,10282.0,10180.0,10394.0,1132.0,1321.0,1451.0,349.0,362.0,343.0,1
50000.0,2,2,2,25,1,2,2,2,2,2,13750.0,15224.0,14687.0,16135.0,15737.0,17316.0,2000.0,0.0,2000.0,0.0,2000.0,0.0,1
330000.0,2,2,1,39,8,7,6,5,4,3,377779.0,372355.0,365250.0,358145.0,352121.0,346216.0,0.0,0.0,0.0,0.0,0.0,0.0,1
30000.0,2,3,2,29,2,2,2,2,2,0,15070.0,17509.0,17923.0,18134.0,17704.0,18256.0,3000.0,1000.0,800.0,0.0,1000.0,700.0,1
110000.0,2,2,2,26,-1,-1,-1,-1,-1,0,1687.0,400.0,300.0,922.0,3509.0,1979.0,400.0,300.0,922.0,3509.0,0.0,5192.0,1
70000.0,2,1,2,29,0,0,2,2,2,2,71237.0,76632.0,74853.0,78789.0,77084.0,80572.0,6577.0,0.0,5816.0,0.0,5364.0,0.0,1
30000.0,1,2,2,47,1,3,2,0,0,0,15783.0,15237.0,15693.0,16928.0,18299.0,20129.0,0.0,1000.0,1500.0,1659.0,2129.0,0.0,1
200000.0,1,1,1,42,1,-1,-1,-1,-1,-1,0.0,581.0,581.0,581.0,581.0,581.0,581.0,581.0,581.0,581.0,581.0,581.0,1
340000.0,1,1,2,44,0,0,0,0,0,0,83059.0,85634.0,73950.0,59324.0,156094.0,110234.0,20000.0,5000.0,2000.0,112000.0,4234.0,4000.0,1
30000.0,2,2,1,39,-1,-1,-1,-1,-1,-1,223.0,223.0,223.0,223.0,223.0,675.0,223.0,223.0,223.0,223.0,675.0,10473.0,1
140000.0,2,2,1,43,2,2,0,0,0,0,90632.0,88637.0,90859.0,92734.0,48461.0,49067.0,0.0,4200.0,4261.0,2182.0,1844.0,1652.0,1
460000.0,2,2,2,35,0,0,0,0,0,0,442291.0,449790.0,450047.0,453770.0,396600.0,392879.0,16000.0,17610.0,17500.0,13810.0,14100.0,14520.0,1
50000.0,1,1,2,28,0,0,3,2,2,0,13258.0,18647.0,18064.0,19462.0,18854.0,20380.0,5635.0,0.0,2000.0,0.0,2000.0,2000.0,1
20000.0,2,1,2,24,-1,-1,-1,-1,-1,-1,3305.0,2296.0,14059.0,9140.0,1073.0,500.0,2296.0,14777.0,9140.0,1073.0,500.0,0.0,1
110000.0,1,2,1,30,2,0,0,3,2,2,54404.0,57503.0,66128.0,64477.0,65413.0,66520.0,4000.0,9600.0,0.0,2600.0,2300.0,3000.0,1
170000.0,2,1,2,30,2,0,0,0,0,0,27267.0,28523.0,29742.0,30183.0,31041.0,31871.0,2000.0,2000.0,1233.0,1500.0,1500.0,2000.0,1
180000.0,2,2,1,40,-1,-1,-1,-1,-1,-1,1552.0,776.0,0.0,1752.0,70000.0,10552.0,776.0,0.0,1752.0,70000.0,10552.0,9776.0,1
120000.0,2,1,1,43,0,0,0,0,0,2,24484.0,26751.0,28999.0,30064.0,33732.0,5992.0,3000.0,3000.0,2000.0,5000.0,0.0,10000.0,1
230000.0,2,2,2,28,-2,-2,-2,-2,-2,-2,0.0,0.0,0.0,0.0,0.0,0.0,0.0,0.0,0.0,0.0,0.0,0.0,1
150000.0,1,2,2,32,0,0,0,0,0,0,146785.0,92750.0,73822.0,35706.0,28178.0,20782.0,3300.0,3114.0,2000.0,2000.0,2000.0,3700.0,1
20000.0,2,2,1,36,2,0,0,0,2,0,17638.0,17058.0,17541.0,19338.0,17889.0,18486.0,1666.0,1149.0,1946.0,0.0,1007.0,0.0,1
270000.0,1,3,1,53,0,0,0,0,0,0,239963.0,224278.0,196747.0,108242.0,72480.0,36440.0,8710.0,8119.0,4500.0,3000.0,2000.0,131904.0,1
280000.0,2,3,1,33,0,0,2,2,2,2,75953.0,84005.0,86472.0,87457.0,88281.0,86749.0,9348.0,4700.0,3300.0,3150.0,0.0,3328.0,1
100000.0,1,1,1,35,1,-2,-2,-2,-2,-1,0.0,0.0,0.0,0.0,0.0,970.0,0.0,0.0,0.0,0.0,970.0,830.0,1
310000.0,1,1,1,34,-1,-1,-2,-1,-1,0,493.0,-7.0,-7.0,500.0,736.0,739.0,0.0,0.0,507.0,736.0,3.0,797.0,1
150000.0,2,1,2,25,-1,-1,-1,2,2,-2,2784.0,0.0,594.0,594.0,0.0,0.0,0.0,594.0,0.0,0.0,0.0,0.0,1
210000.0,2,1,1,34,-1,-1,-1,-1,-2,-2,2501.0,639.0,699.0,0.0,0.0,0.0,639.0,699.0,0.0,0.0,0.0,0.0,1
50000.0,2,3,1,44,1,2,3,2,4,3,13112.0,14679.0,15143.0,16892.0,16341.0,15798.0,2100.0,1000.0,2300.0,0.0,0.0,0.0,1
20000.0,1,2,1,34,0,0,0,0,0,2,9662.0,10673.0,11998.0,13010.0,13750.0,13389.0,1180.0,1505.0,1517.0,1257.0,0.0,900.0,1
60000.0,2,2,2,31,0,0,0,2,2,2,36434.0,39925.0,43350.0,42057.0,26877.0,26493.0,4100.0,4073.0,0.0,1600.0,0.0,1100.0,1
60000.0,2,2,1,35,2,0,0,2,2,2,49825.0,45436.0,42240.0,38884.0,34488.0,28838.0,1700.0,2500.0,2600.0,1500.0,0.0,1500.0,1
260000.0,2,1,2,32,-2,-2,-2,-2,-2,-2,0.0,0.0,3210.0,0.0,0.0,2712.0,0.0,3210.0,0.0,0.0,2712.0,0.0,1
200000.0,2,2,2,31,-1,2,2,-1,-1,-1,3707.0,3347.0,0.0,665.0,2846.0,6586.0,0.0,16550.0,665.0,2846.0,6586.0,3807.0,1
80000.0,2,3,1,47,-1,-1,2,-1,-1,-1,390.0,780.0,390.0,390.0,390.0,390.0,780.0,390.0,390.0,390.0,390.0,2379.0,1
220000.0,1,2,1,35,0,0,0,0,0,0,210200.0,213208.0,219611.0,204740.0,97722.0,89971.0,8000.0,10098.0,5828.0,3000.0,3000.0,5000.0,1
90000.0,2,2,2,24,0,0,2,2,2,2,26928.0,29773.0,30091.0,30922.0,34112.0,34280.0,3600.0,1100.0,1630.0,4000.0,1200.0,0.0,1
270000.0,1,2,1,34,2,0,0,0,0,0,275572.0,277585.0,232661.0,150298.0,134808.0,129645.0,10332.0,10000.0,18021.0,8026.0,6011.0,5000.0,1
20000.0,2,1,2,22,0,0,0,0,2,0,3978.0,5249.0,6362.0,7256.0,6995.0,7228.0,1500.0,1362.0,1000.0,0.0,350.0,300.0,1
130000.0,1,2,2,27,0,0,0,0,0,0,81603.0,84249.0,85424.0,82632.0,84522.0,86061.0,3963.0,3500.0,2956.0,3220.0,3100.0,3344.0,1
180000.0,2,2,1,37,0,0,0,0,0,0,14704.0,14417.0,13387.0,9537.0,38456.0,35947.0,1244.0,1064.0,278.0,31369.0,1268.0,1118.0,1
120000.0,2,3,2,25,0,0,0,0,0,0,106621.0,105893.0,107838.0,103273.0,101353.0,87934.0,4000.0,5013.0,4000.0,3199.0,3130.0,4000.0,1
30000.0,1,2,2,24,2,0,0,0,2,2,25851.0,26912.0,27535.0,29175.0,28625.0,30383.0,1779.0,1402.0,2042.0,0.0,2192.0,0.0,1
50000.0,2,2,1,37,2,2,2,0,0,0,1894.0,3200.0,3381.0,3559.0,1948.0,2415.0,1500.0,400.0,200.0,500.0,500.0,400.0,1
320000.0,1,1,1,43,-1,0,0,0,0,0,18625.0,28143.0,32159.0,31851.0,3105.0,-45.0,10000.0,5000.0,0.0,0.0,0.0,0.0,1
200000.0,1,2,1,41,-2,-2,-2,-2,-2,-2,23025.0,22369.0,23344.0,23627.0,3977.0,1100.0,0.0,1400.0,1110.0,1000.0,0.0,1736.0,1
20000.0,1,2,2,23,1,3,2,2,0,0,17529.0,16967.0,17176.0,16605.0,17185.0,18340.0,0.0,780.0,0.0,1000.0,1600.0,1000.0,1
70000.0,2,3,2,42,0,0,2,0,0,0,69362.0,71775.0,70050.0,70415.0,48405.0,46514.0,6000.0,0.0,3000.0,1000.0,1500.0,2000.0,1
40000.0,2,2,2,23,2,2,2,2,2,2,33699.0,34766.0,33903.0,36266.0,36935.0,33441.0,1900.0,0.0,3200.0,1350.0,0.0,1400.0,1
130000.0,1,2,2,26,-1,0,0,-1,-1,-1,296.0,1299.0,-1.0,500.0,0.0,936.0,1003.0,0.0,501.0,0.0,936.0,1002.0,1
30000.0,2,2,2,22,0,0,0,0,0,0,28387.0,29612.0,30326.0,28004.0,26446.0,6411.0,1686.0,1400.0,560.0,3000.0,1765.0,0.0,1
170000.0,2,1,2,34,-1,-1,-1,-1,-1,-1,326.0,326.0,326.0,326.0,476.0,476.0,326.0,326.0,326.0,476.0,476.0,326.0,1
720000.0,1,1,1,40,0,0,0,0,0,0,308274.0,209976.0,158694.0,148956.0,135217.0,85300.0,8500.0,6000.0,6000.0,5237.0,3000.0,8961.0,1
200000.0,1,2,1,32,2,2,2,2,2,0,110419.0,112518.0,114247.0,115896.0,112545.0,115565.0,5400.0,5000.0,5000.0,0.0,5000.0,4235.0,1
20000.0,2,2,3,30,1,2,2,2,0,0,17836.0,17246.0,19381.0,18772.0,19145.0,19545.0,0.0,2921.0,0.0,685.0,708.0,700.0,1
300000.0,1,2,2,42,-1,0,0,0,0,-1,1188.0,3071.0,7854.0,10426.0,16784.0,4334.0,2000.0,5000.0,5000.0,10000.0,4334.0,3578.0,1
350000.0,2,2,1,36,0,0,0,0,0,0,21026.0,35588.0,38002.0,40357.0,43663.0,52735.0,15000.0,3000.0,3000.0,4000.0,10000.0,25000.0,1
20000.0,1,2,1,42,0,0,0,0,0,0,21431.0,19745.0,19943.0,19235.0,19245.0,13670.0,1386.0,1189.0,570.0,589.0,600.0,200.0,1
50000.0,1,1,2,39,0,0,0,2,0,0,33307.0,38730.0,50694.0,49483.0,17299.0,17959.0,6000.0,13000.0,0.0,1000.0,1000.0,2000.0,1
330000.0,2,1,2,44,2,0,0,2,0,0,238795.0,243621.0,259517.0,253863.0,257535.0,262753.0,10300.0,21400.0,0.0,9400.0,9542.0,9766.0,1
100000.0,2,2,1,41,2,-1,0,0,0,0,155351.0,159591.0,163665.0,170257.0,57747.0,16998.0,105200.0,6035.0,9410.0,1000.0,2000.0,3093.0,1
20000.0,1,2,1,49,2,2,2,2,0,0,13380.0,13264.0,19195.0,18497.0,18160.0,19067.0,400.0,6180.0,0.0,454.0,1000.0,400.0,1
240000.0,2,1,1,32,2,2,2,2,2,2,209368.0,204501.0,223137.0,226470.0,229706.0,234889.0,0.0,22000.0,8500.0,8500.0,9000.0,0.0,1
10000.0,2,3,2,46,1,2,-1,2,0,0,4474.0,189.0,3510.0,3306.0,3551.0,5577.0,0.0,3510.0,0.0,300.0,2260.0,2000.0,1
390000.0,2,3,2,43,1,-2,-2,-2,-2,-2,0.0,0.0,0.0,0.0,0.0,0.0,0.0,0.0,0.0,0.0,0.0,498.0,1
50000.0,2,2,2,23,-1,-1,-1,0,-1,-1,780.0,0.0,780.0,390.0,390.0,500.0,0.0,780.0,0.0,390.0,500.0,18300.0,1
400000.0,1,1,1,40,-1,-1,-2,-1,-1,-2,4750.0,0.0,0.0,2827.0,0.0,0.0,0.0,0.0,2827.0,0.0,0.0,3347.0,1
120000.0,2,2,1,34,2,2,2,2,2,2,64139.0,65430.0,63937.0,67290.0,68565.0,69784.0,2900.0,150.0,5000.0,2500.0,2500.0,3000.0,1
60000.0,2,2,1,40,2,2,2,2,0,0,42922.0,45617.0,46549.0,32902.0,30677.0,31318.0,3700.0,2000.0,0.0,1059.0,1096.0,1114.0,1
20000.0,2,2,2,30,1,-2,-2,-2,-2,-2,0.0,0.0,0.0,0.0,0.0,0.0,0.0,0.0,0.0,0.0,0.0,0.0,1
120000.0,1,2,1,37,2,2,0,0,0,0,45902.0,44868.0,45943.0,46976.0,47891.0,51036.0,0.0,2100.0,2100.0,2000.0,4100.0,3000.0,1
160000.0,1,2,1,41,-1,-1,-1,-1,0,-1,326.0,1306.0,326.0,79652.0,326.0,49326.0,1306.0,652.0,79652.0,0.0,49326.0,326.0,1
140000.0,2,1,1,37,0,0,0,0,0,0,136431.0,135134.0,139178.0,139900.0,109665.0,108129.0,4849.0,6703.0,6120.0,4015.0,4042.0,4057.0,1
20000.0,2,2,2,30,2,0,0,0,0,0,15997.0,17336.0,18345.0,18643.0,19094.0,19224.0,1600.0,1602.0,900.0,900.0,636.0,744.0,1
80000.0,2,2,1,47,0,0,0,0,0,0,6612.0,7118.0,7930.0,6674.0,6810.0,0.0,1188.0,1000.0,133.0,136.0,0.0,1407.0,1
200000.0,1,1,2,30,3,2,2,-1,-1,0,1130.0,566.0,0.0,560.0,558.0,558.0,0.0,0.0,560.0,558.0,0.0,0.0,1
140000.0,2,2,1,37,1,-1,-1,0,0,-2,0.0,177.0,1460.0,1460.0,0.0,0.0,177.0,1460.0,0.0,0.0,0.0,0.0,1
390000.0,2,3,2,35,0,0,0,0,0,0,355215.0,363325.0,373181.0,252195.0,257496.0,263018.0,13802.0,16525.0,8893.0,9229.0,10000.0,9435.0,1
180000.0,2,2,1,38,0,0,0,0,0,0,150345.0,145797.0,147825.0,145482.0,141846.0,132687.0,5300.0,6840.0,6700.0,5100.0,5000.0,4800.0,1
60000.0,2,2,1,47,2,2,2,2,0,0,26782.0,29104.0,30027.0,28928.0,29346.0,29717.0,3400.0,2000.0,0.0,1500.0,1300.0,3500.0,1
110000.0,2,1,2,32,1,2,0,0,0,2,58679.0,56871.0,56279.0,24271.0,52040.0,25453.0,1210.0,2056.0,1200.0,2300.0,0.0,1000.0,1
70000.0,2,1,1,38,0,0,0,2,2,2,64839.0,65184.0,69361.0,69836.0,71179.0,69484.0,2400.0,5700.0,2600.0,3000.0,0.0,2800.0,1
240000.0,1,3,1,35,1,-2,-2,-1,-1,-2,-2.0,-2.0,-2.0,968.0,-2.0,-2.0,0.0,0.0,970.0,0.0,0.0,0.0,1
260000.0,2,2,1,37,2,2,2,0,0,0,244738.0,251351.0,244949.0,248273.0,119124.0,132619.0,12000.0,0.0,11000.0,4321.0,20000.0,27.0,1
90000.0,2,3,1,54,-2,-2,-2,-2,-2,-2,0.0,0.0,0.0,0.0,1805.0,0.0,0.0,0.0,0.0,1805.0,0.0,0.0,1
400000.0,2,1,2,27,-2,-2,-2,-2,-2,-2,5457.0,4438.0,5048.0,7013.0,52189.0,16153.0,4460.0,5072.0,7048.0,52317.0,16232.0,4516.0,1
60000.0,2,2,2,24,0,0,0,0,0,0,28277.0,27295.0,27403.0,23837.0,23078.0,22618.0,1450.0,1724.0,1600.0,1000.0,1000.0,2500.0,1
20000.0,1,2,2,53,0,0,0,0,0,0,17053.0,18952.0,15732.0,17330.0,17150.0,18150.0,2219.0,2000.0,2000.0,1000.0,1000.0,0.0,1
200000.0,1,1,2,38,-2,-2,-2,-2,-2,-2,3388.0,-12.0,1081.0,1884.0,2089.0,7097.0,0.0,1093.0,1893.0,2097.0,7132.0,488.0,1
30000.0,1,2,2,37,3,2,2,7,7,7,2379.0,2379.0,2379.0,2379.0,2379.0,2379.0,0.0,0.0,0.0,0.0,0.0,0.0,1
150000.0,1,2,1,37,2,2,2,2,2,2,106628.0,100750.0,86686.0,78497.0,67612.0,55050.0,7400.0,0.0,4800.0,1800.0,0.0,2100.0,1
20000.0,2,1,2,23,2,2,2,2,2,2,9736.0,12759.0,12459.0,12957.0,13104.0,12744.0,3500.0,200.0,1000.0,500.0,0.0,1000.0,1
240000.0,1,1,2,29,1,-2,-2,-2,-2,-2,0.0,0.0,0.0,0.0,0.0,0.0,0.0,0.0,0.0,0.0,0.0,0.0,1
20000.0,1,2,2,25,0,0,0,0,0,0,17286.0,18199.0,18559.0,19068.0,19053.0,16500.0,1594.0,1344.0,1243.0,618.0,579.0,778.0,1
40000.0,2,2,2,25,0,0,0,0,0,0,26133.0,26896.0,27961.0,28995.0,29612.0,30434.0,1500.0,1500.0,1500.0,1100.0,1300.0,1200.0,1
20000.0,2,2,1,37,0,0,0,0,0,-2,17312.0,17762.0,18814.0,19614.0,0.0,0.0,1500.0,1500.0,1000.0,0.0,0.0,0.0,1
10000.0,2,1,2,23,2,2,7,7,7,6,2400.0,2400.0,2400.0,2400.0,2400.0,1800.0,0.0,0.0,0.0,0.0,0.0,0.0,1
250000.0,2,2,2,24,-2,-2,-1,0,0,0,0.0,0.0,19449.0,20623.0,21283.0,21943.0,0.0,19449.0,1500.0,1000.0,1000.0,1000.0,1
30000.0,2,2,2,26,0,0,0,0,0,0,27110.0,27460.0,29710.0,29452.0,11124.0,0.0,1455.0,3623.0,2000.0,1038.0,0.0,0.0,1
250000.0,2,2,2,24,2,0,0,0,0,0,69770.0,70954.0,70681.0,69497.0,41367.0,17004.0,3562.0,1914.0,1517.0,2000.0,8001.0,295.0,1
210000.0,1,2,1,39,-1,-1,-1,-1,0,0,600.0,169.0,497.0,15433.0,8500.0,10500.0,169.0,497.0,15436.0,170.0,2000.0,2822.0,1
440000.0,1,1,2,33,-1,2,-1,2,-1,3,1137.0,343.0,812.0,168.0,2653.0,2203.0,0.0,1300.0,0.0,2777.0,0.0,0.0,1
50000.0,1,1,2,36,2,2,0,0,0,0,45960.0,44883.0,40820.0,33545.0,46832.0,24101.0,0.0,1973.0,1784.0,845.0,1750.0,1010.0,1
220000.0,1,1,1,48,3,2,2,-2,-2,-2,2500.0,2500.0,0.0,0.0,0.0,0.0,0.0,0.0,0.0,0.0,0.0,0.0,1
30000.0,2,3,2,26,0,0,0,0,0,-1,27818.0,27594.0,29717.0,28812.0,28762.0,10404.0,3000.0,2595.0,1200.0,1020.0,10404.0,51000.0,1
500000.0,2,1,2,36,1,-2,-2,-2,-2,-2,0.0,0.0,0.0,0.0,0.0,0.0,0.0,0.0,0.0,0.0,0.0,0.0,1
20000.0,2,2,1,44,8,7,6,5,4,3,16942.0,16721.0,16193.0,16445.0,15624.0,15096.0,0.0,0.0,780.0,0.0,0.0,0.0,1
200000.0,2,1,1,47,-1,-1,-1,-1,-1,-1,935.0,1418.0,-2.0,120.0,150.0,928.0,1418.0,0.0,122.0,300.0,928.0,464.0,1
230000.0,1,1,1,41,1,-1,-1,-1,-1,-1,0.0,1482.0,2140.0,2360.0,2620.0,0.0,1482.0,2140.0,2560.0,2620.0,0.0,0.0,1
60000.0,2,2,2,43,1,2,0,0,3,2,44193.0,43205.0,47476.0,54735.0,53584.0,54703.0,0.0,5000.0,8100.0,0.0,2150.0,0.0,1
50000.0,2,3,2,39,2,2,0,0,2,0,20039.0,19369.0,16586.0,18696.0,18100.0,18475.0,0.0,1280.0,2390.0,0.0,816.0,688.0,1
490000.0,1,1,1,43,2,-1,-1,-2,-1,-1,3956.0,3081.0,0.0,0.0,2236.0,3052.0,3081.0,0.0,0.0,2236.0,3052.0,3159.0,1
50000.0,1,3,2,22,0,0,0,0,0,0,42678.0,38239.0,22691.0,8807.0,7143.0,6967.0,1500.0,1100.0,1000.0,500.0,500.0,1000.0,1
230000.0,2,2,1,33,1,-2,-2,-1,-1,-2,0.0,0.0,0.0,1990.0,0.0,0.0,0.0,0.0,1990.0,0.0,0.0,0.0,1
120000.0,2,2,1,43,-2,-2,-2,-2,-2,-2,0.0,999.0,0.0,0.0,0.0,0.0,999.0,0.0,0.0,0.0,0.0,0.0,1
400000.0,2,2,2,35,0,0,0,0,0,0,109943.0,222085.0,223350.0,213831.0,210563.0,211925.0,120018.0,10071.0,8037.0,8018.0,8809.0,5022.0,1
140000.0,2,2,2,26,0,0,0,0,0,2,271896.0,141057.0,144306.0,141949.0,141345.0,136379.0,14000.0,7200.0,19000.0,10400.0,0.0,4931.0,1
20000.0,1,3,2,25,2,2,4,4,4,4,1650.0,1650.0,1650.0,1650.0,1650.0,1650.0,0.0,0.0,0.0,0.0,0.0,0.0,1
290000.0,2,1,1,40,-1,-1,-2,-2,-2,-2,636.0,6732.0,0.0,3692.0,0.0,1957.0,6732.0,0.0,3692.0,0.0,1957.0,0.0,1
70000.0,1,1,2,30,0,0,0,2,0,0,2329.0,55664.0,59529.0,57571.0,57871.0,60872.0,55000.0,5800.0,0.0,2250.0,4500.0,0.0,1
50000.0,2,2,1,34,3,3,2,2,2,2,47904.0,48240.0,48602.0,46289.0,44837.0,44535.0,2000.0,2001.0,499.0,2000.0,2000.0,1500.0,1
20000.0,1,2,2,48,-1,-1,2,0,0,-2,390.0,1170.0,780.0,780.0,0.0,0.0,1170.0,0.0,0.0,0.0,0.0,0.0,1
50000.0,2,3,2,26,1,2,2,2,2,2,31336.0,32320.0,33408.0,32577.0,34329.0,33643.0,1800.0,1900.0,0.0,2600.0,0.0,1700.0,1
50000.0,2,2,2,24,1,2,0,0,0,0,49469.0,42983.0,40307.0,17575.0,14691.0,14393.0,0.0,2199.0,1000.0,5000.0,2000.0,5000.0,1
20000.0,1,3,2,26,3,3,2,0,0,0,21667.0,21081.0,19661.0,26158.0,13560.0,15324.0,0.0,25.0,2000.0,1000.0,2000.0,1000.0,1
30000.0,2,1,1,47,0,0,0,2,2,2,24895.0,26476.0,28047.0,29767.0,30498.0,29890.0,2000.0,2000.0,2500.0,1500.0,0.0,1200.0,1
30000.0,2,1,2,23,0,0,2,2,3,2,21077.0,23793.0,23130.0,28790.0,28038.0,27451.0,3383.0,0.0,6380.0,0.0,0.0,2300.0,1
50000.0,2,2,1,22,0,0,0,0,0,0,34250.0,34833.0,35625.0,36754.0,16943.0,16234.0,1550.0,1750.0,2270.0,603.0,713.0,1000.0,1
310000.0,2,1,2,25,2,0,0,0,0,0,266270.0,273719.0,235796.0,188031.0,170898.0,68369.0,11677.0,8406.0,6000.0,5074.0,3000.0,3000.0,1
100000.0,2,2,2,56,0,0,2,0,0,0,97549.0,102864.0,98969.0,70352.0,68186.0,68538.0,9300.0,0.0,2500.0,2700.0,2700.0,2600.0,1
50000.0,2,1,2,27,2,3,2,2,2,2,12250.0,11761.0,12476.0,11979.0,12880.0,12531.0,0.0,1200.0,0.0,1100.0,0.0,1200.0,1
110000.0,2,2,2,29,2,0,0,0,0,0,113394.0,108142.0,109325.0,111264.0,56311.0,58271.0,5314.0,4398.0,4196.0,1857.0,8271.0,1948.0,1
370000.0,1,2,2,39,2,0,0,0,0,0,334394.0,337272.0,340152.0,345904.0,322168.0,272461.0,14005.0,12004.0,12362.0,12006.0,9555.0,11005.0,1
130000.0,2,2,2,26,1,2,0,0,0,0,99290.0,96811.0,99330.0,94501.0,91503.0,91064.0,0.0,5000.0,3358.0,3500.0,6000.0,3500.0,1
140000.0,2,3,1,28,2,2,2,2,2,2,96008.0,98017.0,99961.0,101123.0,97375.0,103044.0,4500.0,4400.0,3700.0,0.0,7800.0,0.0,1
200000.0,2,1,2,29,-1,-1,-1,-1,-2,-1,8972.0,0.0,65.0,0.0,0.0,5162.0,0.0,65.0,0.0,0.0,5162.0,0.0,1
250000.0,1,1,1,48,0,-1,-1,-1,0,-1,205323.0,5317.0,4898.0,19351.0,4858.0,6973.0,10021.0,5033.0,19619.0,4874.0,7050.0,12073.0,1
320000.0,2,3,2,53,-1,-1,-1,-1,0,0,3479.0,3479.0,3479.0,12610.0,23942.0,34183.0,3479.0,3479.0,12610.0,15000.0,14184.0,16826.0,1
150000.0,1,1,1,38,5,4,3,2,2,-2,288585.0,282677.0,159283.0,148309.0,143972.0,139650.0,0.0,0.0,0.0,5000.0,5000.0,0.0,1
80000.0,2,2,2,40,0,0,0,0,0,0,46982.0,38738.0,31923.0,25885.0,20195.0,19494.0,1728.0,1411.0,1009.0,605.0,2012.0,209.0,1
240000.0,2,1,2,29,2,0,0,2,0,0,32870.0,34015.0,38257.0,37607.0,40924.0,43546.0,2000.0,5000.0,0.0,4000.0,3000.0,10000.0,1
130000.0,1,2,2,25,0,0,0,0,0,-2,119803.0,118737.0,113689.0,59473.0,-1518.0,-1518.0,5100.0,4600.0,3000.0,0.0,0.0,0.0,1
310000.0,1,1,1,33,2,2,-2,-2,-2,-2,2500.0,0.0,0.0,0.0,0.0,0.0,0.0,0.0,0.0,0.0,0.0,0.0,1
260000.0,2,1,2,37,-1,-1,-1,2,-1,-1,1050.0,1050.0,2287.0,1050.0,1050.0,1050.0,1050.0,2287.0,0.0,1050.0,1050.0,2174.0,1
150000.0,2,2,1,35,0,0,0,0,0,0,102007.0,93116.0,84302.0,74986.0,67369.0,60434.0,5000.0,5045.0,2563.0,3006.0,3000.0,2218.0,1
340000.0,1,3,2,34,0,0,0,0,0,0,334628.0,328749.0,285399.0,248984.0,251047.0,255303.0,16040.0,14000.0,11000.0,9200.0,10000.0,9500.0,1
180000.0,1,3,1,39,0,0,0,0,0,2,122187.0,123790.0,125258.0,125214.0,131276.0,114050.0,6000.0,6000.0,4400.0,9000.0,0.0,4000.0,1
270000.0,2,2,2,26,0,-1,0,0,-1,-1,33224.0,52425.0,69048.0,68206.0,17510.0,26175.0,52425.0,27595.0,10343.0,18083.0,26279.0,17013.0,1
140000.0,2,3,1,50,-1,2,-1,-1,-1,-1,845.0,845.0,1690.0,0.0,1690.0,0.0,0.0,1690.0,0.0,1690.0,0.0,845.0,1
50000.0,1,2,1,49,0,0,0,0,0,0,48321.0,48890.0,30272.0,31080.0,15315.0,15238.0,1839.0,1640.0,1901.0,526.0,537.0,577.0,1
50000.0,2,2,1,29,0,0,0,0,0,0,49895.0,48434.0,47827.0,28935.0,28224.0,27547.0,1867.0,1521.0,1419.0,969.0,997.0,952.0,1
30000.0,2,3,2,50,-1,-1,-2,-2,-2,-2,665.0,0.0,0.0,0.0,0.0,0.0,0.0,0.0,0.0,0.0,0.0,0.0,1
50000.0,1,1,1,41,1,2,0,0,0,0,48063.0,46565.0,38617.0,8999.0,8870.0,5876.0,0.0,1906.0,500.0,500.0,300.0,1000.0,1
180000.0,2,1,1,45,-1,2,-1,-1,-1,-1,1560.0,316.0,316.0,316.0,316.0,316.0,0.0,316.0,316.0,316.0,316.0,316.0,1
140000.0,1,1,2,37,0,-1,0,0,0,0,3351.0,64555.0,63796.0,55234.0,52959.0,50617.0,64555.0,2898.0,1890.0,2000.0,2000.0,1900.0,1
170000.0,2,2,1,31,-2,-2,-2,-2,-2,-2,6015.0,7810.0,2760.0,3474.0,7680.0,7860.0,7820.0,26058.0,3474.0,7680.0,7860.0,9333.0,1
100000.0,1,2,1,38,-1,-1,-1,2,0,0,7798.0,864.0,3302.0,2430.0,805.0,3415.0,864.0,2438.0,821.0,1.0,3110.0,2206.0,1
160000.0,2,1,1,39,1,-1,2,2,-2,-2,-5.0,776.0,186.0,0.0,0.0,0.0,781.0,0.0,0.0,0.0,0.0,0.0,1
20000.0,1,2,2,25,0,0,0,0,0,0,19770.0,19463.0,20998.0,19468.0,36702.0,0.0,1465.0,4000.0,0.0,367.0,0.0,0.0,1
30000.0,1,1,1,32,0,0,2,0,0,0,28401.0,31065.0,30031.0,29838.0,29651.0,1567.0,3434.0,0.0,597.0,593.0,31.0,0.0,1
170000.0,1,1,1,35,-1,-1,-2,-2,-2,-1,473.0,-103.0,-103.0,-103.0,-103.0,2297.0,0.0,0.0,0.0,0.0,2400.0,0.0,1
180000.0,1,1,1,40,-2,-2,-2,-2,-2,-2,0.0,0.0,0.0,0.0,0.0,0.0,0.0,0.0,0.0,0.0,0.0,0.0,1
50000.0,1,3,2,36,2,2,7,7,7,7,2400.0,2400.0,2400.0,2400.0,2400.0,2400.0,0.0,0.0,0.0,0.0,0.0,0.0,1
30000.0,2,2,1,52,0,0,0,0,-1,-1,20533.0,20819.0,21990.0,15525.0,25242.0,0.0,2000.0,2000.0,5000.0,25242.0,0.0,5000.0,1
20000.0,2,3,1,52,2,2,2,2,0,0,5682.0,6437.0,7181.0,7908.0,8781.0,9645.0,1000.0,1000.0,1000.0,1000.0,1000.0,0.0,1
20000.0,2,3,1,39,0,0,0,0,0,0,19078.0,19929.0,16912.0,12698.0,11939.0,12346.0,1509.0,1321.0,1500.0,500.0,600.0,1500.0,1
200000.0,2,2,2,34,-1,-1,0,-1,-1,-1,12842.0,9490.0,6955.0,28300.0,13227.0,11202.0,13805.0,6797.0,28314.0,13291.0,11258.0,11912.0,1
40000.0,2,2,1,38,0,0,3,2,2,2,35183.0,39197.0,39477.0,39924.0,39004.0,41462.0,4600.0,1200.0,1400.0,0.0,3069.0,0.0,1
340000.0,2,1,1,41,-1,2,-1,-1,2,-1,6814.0,6167.0,24386.0,3570.0,3094.0,14645.0,0.0,24386.0,3570.0,0.0,14645.0,4534.0,1
150000.0,1,2,2,32,2,2,-2,-2,-1,2,90476.0,0.0,0.0,0.0,138355.0,130666.0,0.0,0.0,0.0,138355.0,0.0,5200.0,1
10000.0,1,2,2,21,2,0,0,0,0,0,8999.0,9042.0,10038.0,9784.0,9984.0,9780.0,1400.0,1305.0,1000.0,200.0,196.0,0.0,1
190000.0,2,1,2,29,0,0,0,0,0,0,189417.0,95341.0,74959.0,76514.0,78047.0,79603.0,3318.0,2719.0,2800.0,2800.0,2900.0,3400.0,1
20000.0,1,2,2,22,-1,0,0,0,0,0,17676.0,18833.0,19002.0,18982.0,13762.0,0.0,1451.0,1400.0,380.0,0.0,0.0,0.0,1
190000.0,2,2,2,27,2,2,2,2,0,0,3902.0,4686.0,5459.0,6214.0,7104.0,8973.0,1000.0,1000.0,1000.0,1000.0,2000.0,2000.0,1
260000.0,2,2,1,39,0,0,0,0,0,0,255674.0,260778.0,124739.0,126892.0,131160.0,133400.0,10663.0,4520.0,4537.0,6308.0,6000.0,0.0,1
10000.0,1,2,2,23,0,0,2,0,0,2,7886.0,9085.0,7784.0,8547.0,8907.0,6844.0,1500.0,1000.0,1000.0,600.0,200.0,500.0,1
110000.0,1,2,2,26,2,2,2,2,2,2,58112.0,56620.0,60732.0,61938.0,63097.0,64492.0,0.0,5700.0,2800.0,2300.0,2600.0,2300.0,1
10000.0,1,2,2,28,1,2,2,2,2,2,3717.0,3659.0,5640.0,5401.0,6811.0,6567.0,150.0,2200.0,0.0,1500.0,0.0,6000.0,1
230000.0,2,2,1,32,0,0,0,0,2,0,87764.0,73526.0,72376.0,76870.0,75211.0,76645.0,2630.0,2614.0,6000.0,0.0,3000.0,2800.0,1
10000.0,2,2,2,22,0,0,2,2,2,0,6759.0,8925.0,8637.0,10277.0,9736.0,9704.0,2450.0,0.0,1800.0,0.0,500.0,600.0,1
140000.0,2,1,1,40,2,2,2,2,2,2,21952.0,27540.0,31785.0,30980.0,33162.0,32497.0,6300.0,5000.0,0.0,3000.0,0.0,3000.0,1
60000.0,2,3,1,47,0,0,0,0,0,0,59098.0,23100.0,17708.0,10148.0,9284.0,2241.0,1392.0,1000.0,203.0,186.0,347.0,17971.0,1
230000.0,2,2,1,45,-1,-1,-1,-1,-1,-1,416.0,416.0,416.0,416.0,416.0,416.0,416.0,416.0,416.0,416.0,416.0,572.0,1
80000.0,2,2,2,30,2,2,2,2,4,4,56761.0,58920.0,60385.0,64876.0,65245.0,63647.0,3700.0,3000.0,6100.0,2000.0,0.0,2000.0,1
520000.0,2,1,2,33,0,0,0,0,0,0,485298.0,499489.0,413019.0,168770.0,168964.0,191188.0,22000.0,18300.0,26500.0,30000.0,27000.0,25000.0,1
70000.0,1,1,2,30,0,0,0,0,2,0,68971.0,69872.0,66932.0,69043.0,70252.0,55732.0,2700.0,3100.0,3900.0,2500.0,2500.0,2500.0,1
500000.0,2,1,1,37,1,-2,-2,-2,-2,-2,0.0,0.0,0.0,0.0,0.0,0.0,0.0,0.0,0.0,0.0,0.0,0.0,1
20000.0,1,3,1,23,-1,-1,0,0,0,0,3675.0,19316.0,19844.0,19844.0,20388.0,19554.0,19316.0,1261.0,651.0,803.0,747.0,155.0,1
30000.0,1,1,1,47,2,2,8,8,8,8,2400.0,2400.0,2400.0,2400.0,2400.0,2400.0,0.0,0.0,0.0,0.0,0.0,0.0,1
230000.0,2,1,2,28,0,0,0,0,0,0,95956.0,87294.0,85336.0,81640.0,82462.0,80964.0,4231.0,4061.0,2846.0,2800.0,2909.0,2601.0,1
180000.0,2,1,2,31,-1,-1,-1,-2,-2,-2,8260.0,5921.0,0.0,0.0,0.0,0.0,5921.0,0.0,0.0,0.0,0.0,0.0,1
300000.0,2,2,2,30,0,0,0,-2,-2,-1,133115.0,41300.0,0.0,0.0,0.0,2538.0,2300.0,0.0,0.0,0.0,2538.0,47473.0,1
120000.0,1,3,1,53,0,0,2,2,2,2,88702.0,101498.0,104480.0,105280.0,106149.0,108381.0,14357.0,5500.0,4000.0,4100.0,4100.0,4200.0,1
80000.0,1,2,1,36,3,2,2,4,4,3,600.0,600.0,600.0,600.0,600.0,300.0,0.0,0.0,0.0,0.0,0.0,0.0,1
360000.0,2,3,2,39,1,-2,-2,-2,-2,-2,0.0,0.0,0.0,0.0,0.0,0.0,0.0,0.0,0.0,0.0,0.0,0.0,1
30000.0,2,2,2,24,0,0,0,0,0,0,26581.0,27080.0,26759.0,27186.0,27208.0,27234.0,1500.0,1445.0,1425.0,1000.0,1000.0,2000.0,1
80000.0,2,2,1,41,0,0,0,0,0,2,79958.0,81662.0,78899.0,78245.0,62234.0,60737.0,3452.0,4066.0,3469.0,4630.0,0.0,2500.0,1
40000.0,1,3,2,49,2,0,0,0,0,0,34470.0,31226.0,30321.0,30124.0,33614.0,35665.0,2000.0,3000.0,3000.0,4000.0,3000.0,2000.0,1
310000.0,2,2,2,29,0,-1,-1,0,0,-1,1469.0,1340.0,9794.0,15792.0,8944.0,88643.0,1340.0,9794.0,7004.0,1000.0,89137.0,4150.0,1
50000.0,2,2,1,31,2,0,0,0,0,0,29767.0,30206.0,27905.0,17174.0,17533.0,17240.0,1615.0,1670.0,605.0,626.0,654.0,567.0,1
150000.0,1,2,1,32,0,0,0,0,0,0,143706.0,140120.0,138520.0,139329.0,142149.0,111435.0,6010.0,5007.0,5016.0,10101.0,5006.0,4015.0,1
110000.0,1,1,3,55,1,2,2,2,3,2,92610.0,94755.0,92351.0,101140.0,99260.0,101577.0,4500.0,0.0,11300.0,0.0,4100.0,0.0,1
50000.0,2,3,1,53,1,-2,-2,-2,-2,-2,0.0,0.0,0.0,0.0,0.0,0.0,0.0,0.0,0.0,0.0,0.0,0.0,1
30000.0,2,2,1,39,2,0,0,2,2,0,11436.0,12439.0,14911.0,15819.0,15346.0,16666.0,1500.0,3000.0,1500.0,0.0,1500.0,2000.0,1
50000.0,2,2,2,23,0,0,0,0,-1,0,97259.0,50017.0,48560.0,46978.0,19640.0,18937.0,3608.0,2110.0,2558.0,19640.0,683.0,699.0,1
210000.0,2,2,1,35,2,2,2,0,0,2,61189.0,62721.0,61115.0,62334.0,66196.0,64979.0,3100.0,0.0,2235.0,4870.0,0.0,2563.0,1
360000.0,2,2,2,28,-2,-2,-2,-2,-2,-2,0.0,0.0,0.0,0.0,0.0,0.0,0.0,0.0,0.0,0.0,0.0,0.0,1
200000.0,2,1,2,44,0,0,0,0,0,0,203045.0,140347.0,139282.0,138462.0,134497.0,126617.0,4501.0,4916.0,4505.0,4205.0,4145.0,3100.0,1
50000.0,2,2,2,29,0,0,0,0,0,0,47081.0,49316.0,50409.0,45545.0,39963.0,41145.0,3000.0,2000.0,2000.0,2000.0,2000.0,2000.0,1
20000.0,1,2,1,42,2,0,0,0,0,0,20745.0,21431.0,19745.0,19943.0,19235.0,19245.0,1373.0,1386.0,1189.0,570.0,589.0,600.0,1
50000.0,2,2,2,41,1,2,0,0,0,0,49487.0,48282.0,39490.0,27835.0,23391.0,24507.0,0.0,2000.0,2537.0,1500.0,1500.0,1500.0,1
20000.0,1,2,1,43,2,2,2,2,4,3,14301.0,17069.0,17818.0,20251.0,19657.0,19072.0,3000.0,1300.0,3000.0,0.0,0.0,0.0,1
120000.0,1,1,1,34,2,2,2,2,2,2,97463.0,99018.0,100493.0,101937.0,104159.0,102324.0,4000.0,4000.0,4000.0,4000.0,0.0,8000.0,1
50000.0,2,2,1,28,0,0,0,0,0,0,14262.0,16024.0,17744.0,19440.0,23089.0,24695.0,2000.0,2000.0,2000.0,4000.0,2000.0,2000.0,1
100000.0,1,2,1,46,1,2,2,0,0,0,22648.0,23978.0,23312.0,24617.0,25109.0,25654.0,2000.0,0.0,2000.0,1200.0,1100.0,1200.0,1
70000.0,2,3,1,53,2,0,0,0,0,0,70659.0,61100.0,62497.0,47581.0,48805.0,50018.0,3000.0,3200.0,2000.0,2000.0,2000.0,2000.0,1
200000.0,1,2,2,29,2,2,2,2,2,2,172325.0,174082.0,177684.0,180259.0,183704.0,186507.0,6000.0,8000.0,7000.0,6500.0,6000.0,5600.0,1
160000.0,2,1,2,36,-1,3,2,-1,2,-1,598.0,598.0,168.0,1449.0,916.0,2133.0,0.0,0.0,1449.0,0.0,2133.0,0.0,1
200000.0,1,2,1,66,-1,-1,2,-1,-1,-1,389.0,778.0,389.0,389.0,389.0,775.0,779.0,391.0,390.0,390.0,776.0,1.0,1
200000.0,2,2,1,43,2,2,2,2,-1,-1,150.0,150.0,150.0,150.0,2500.0,0.0,0.0,0.0,0.0,2500.0,0.0,0.0,1
50000.0,1,2,2,25,2,2,2,2,2,-2,61143.0,58394.0,52805.0,52546.0,8959.0,9812.0,3000.0,0.0,1489.0,51285.0,1000.0,368.0,1
80000.0,1,2,1,47,2,2,2,0,0,2,68250.0,73424.0,71691.0,72507.0,76841.0,74336.0,6325.0,0.0,2612.0,5520.0,0.0,2998.0,1
50000.0,1,2,1,44,2,2,0,0,3,2,127510.0,123969.0,128267.0,139912.0,136604.0,134705.0,0.0,6300.0,15300.0,0.0,0.0,9500.0,1
50000.0,1,2,1,42,0,0,0,0,0,-1,46100.0,46949.0,18755.0,11112.0,11374.0,5919.0,2133.0,1058.0,2000.0,2043.0,5919.0,16346.0,1
20000.0,1,3,1,45,1,3,2,2,0,0,18838.0,18243.0,18849.0,17724.0,17524.0,0.0,0.0,1200.0,0.0,0.0,0.0,0.0,1
80000.0,1,2,1,54,0,0,0,0,0,0,76962.0,79463.0,79761.0,30286.0,29898.0,30364.0,4000.0,3500.0,1100.0,1100.0,1200.0,1000.0,1
120000.0,2,2,1,41,0,0,0,0,0,0,118131.0,116607.0,108720.0,92649.0,89533.0,89204.0,4211.0,3710.0,3184.0,3200.0,3200.0,3133.0,1
260000.0,2,2,2,25,0,0,0,0,-1,0,16373.0,15249.0,15018.0,15520.0,3491.0,5651.0,5006.0,5000.0,5000.0,3491.0,3000.0,2000.0,1
20000.0,1,2,1,33,0,0,0,2,2,-2,18706.0,17483.0,19509.0,18828.0,0.0,0.0,1275.0,3081.0,0.0,0.0,0.0,0.0,1
20000.0,1,2,2,25,1,2,0,0,-1,0,20873.0,20240.0,20365.0,19565.0,9928.0,12758.0,4.0,1378.0,1203.0,15460.0,3000.0,2000.0,1
120000.0,2,1,1,34,-2,-2,-2,-2,-2,-2,3755.0,0.0,0.0,0.0,0.0,0.0,0.0,0.0,0.0,0.0,0.0,0.0,1
90000.0,2,3,1,45,1,2,0,0,0,0,83760.0,80136.0,76823.0,47008.0,32358.0,33318.0,0.0,3365.0,2051.0,1200.0,1500.0,1500.0,1
190000.0,1,1,2,32,0,0,0,0,0,0,183594.0,191367.0,192221.0,136916.0,99307.0,98753.0,15000.0,7171.0,5427.0,4000.0,3518.0,4758.0,1
20000.0,1,2,2,24,2,2,2,0,0,-1,17996.0,19102.0,19117.0,19664.0,10000.0,4060.0,2100.0,1000.0,1000.0,1100.0,4060.0,0.0,1
30000.0,2,2,1,25,2,2,2,2,2,2,23888.0,26966.0,27640.0,26897.0,27949.0,29645.0,3800.0,1400.0,0.0,1500.0,2300.0,1114.0,1
90000.0,2,2,2,23,2,3,3,2,2,2,82623.0,86621.0,84369.0,82117.0,84395.0,85739.0,5900.0,0.0,0.0,3600.0,2900.0,3500.0,1
20000.0,1,2,1,47,0,0,0,0,0,0,14835.0,16605.0,19160.0,14506.0,12839.0,8495.0,3000.0,3000.0,5000.0,5000.0,3000.0,511.0,1
150000.0,1,3,1,52,2,2,2,2,2,-2,142903.0,152574.0,150080.0,47214.0,144862.0,148153.0,13312.0,2305.0,0.0,98828.0,4241.0,3625.0,1
170000.0,2,2,2,25,0,0,0,0,0,0,26151.0,24019.0,26013.0,24471.0,23496.0,25333.0,3000.0,5000.0,2000.0,2000.0,5000.0,895.0,1
120000.0,2,1,2,33,-1,-1,-1,-1,-1,2,332.0,332.0,538.0,3160.0,2928.0,2596.0,332.0,538.0,3160.0,100.0,0.0,2959.0,1
50000.0,2,1,2,28,-1,-1,-1,-1,0,0,390.0,390.0,390.0,39685.0,40109.0,41303.0,390.0,780.0,39685.0,1337.0,5000.0,4696.0,1
80000.0,2,1,1,54,2,2,2,0,0,0,12894.0,15449.0,14909.0,14915.0,15382.0,16374.0,3084.0,0.0,550.0,707.0,1400.0,200.0,1
300000.0,2,2,1,38,1,-2,-2,-1,0,-1,0.0,0.0,0.0,1000.0,890.0,390.0,0.0,0.0,1000.0,390.0,390.0,540.0,1
130000.0,2,2,3,25,-1,2,2,-2,-1,-1,3148.0,1574.0,0.0,0.0,12677.0,30582.0,5.0,0.0,0.0,12677.0,30582.0,0.0,1
20000.0,1,3,2,28,-1,0,0,0,0,0,16122.0,16787.0,14459.0,14743.0,16351.0,17126.0,2000.0,2000.0,2000.0,2000.0,2000.0,2000.0,1
50000.0,2,3,1,28,0,0,2,2,0,0,43165.0,49091.0,50453.0,49037.0,28589.0,29392.0,6987.0,2433.0,0.0,1145.0,3167.0,0.0,1
200000.0,2,3,1,35,0,0,0,0,0,0,188096.0,171535.0,167877.0,128550.0,131511.0,127781.0,8000.0,6700.0,5000.0,5100.0,4700.0,4800.0,1
180000.0,1,1,2,26,-1,-1,-1,-1,-1,-1,758.0,0.0,1022.0,2004.0,0.0,2051.0,0.0,1022.0,2016.0,0.0,2051.0,0.0,1
100000.0,1,1,2,41,0,0,0,0,0,0,31452.0,32453.0,33490.0,34926.0,35771.0,36366.0,1527.0,1564.0,2000.0,1426.0,1320.0,1333.0,1
60000.0,2,3,1,50,2,0,0,0,0,0,61349.0,61600.0,61952.0,60661.0,29095.0,17636.0,2900.0,3300.0,2000.0,900.0,889.0,21500.0,1
20000.0,1,1,2,39,2,0,0,0,0,0,16869.0,17895.0,18939.0,19150.0,19549.0,20073.0,1606.0,1650.0,823.0,857.0,1000.0,400.0,1
20000.0,1,2,1,34,0,0,0,0,0,0,17179.0,17815.0,9519.0,10469.0,14272.0,15033.0,1300.0,1500.0,1415.0,4000.0,1000.0,1000.0,1
120000.0,2,2,1,52,1,2,0,0,0,0,123184.0,117849.0,120471.0,117218.0,116871.0,122192.0,0.0,6100.0,5700.0,4500.0,9000.0,4700.0,1
30000.0,1,2,2,25,2,2,3,3,3,3,1050.0,1050.0,1050.0,1050.0,1050.0,1050.0,0.0,0.0,0.0,0.0,0.0,0.0,1
240000.0,1,1,2,47,1,-2,-2,-2,-2,-2,0.0,0.0,0.0,0.0,0.0,0.0,0.0,0.0,0.0,0.0,0.0,0.0,1
500000.0,1,1,2,38,-2,-2,-2,-2,-2,-2,0.0,2326.0,1164.0,0.0,0.0,0.0,2326.0,1164.0,0.0,0.0,0.0,28666.0,1
30000.0,2,2,1,35,2,2,2,2,2,0,23785.0,20946.0,23785.0,24422.0,23688.0,19626.0,0.0,3500.0,1319.0,0.0,800.0,1610.0,1
100000.0,2,1,1,30,3,4,4,4,4,3,98094.0,101614.0,101072.0,105252.0,102742.0,100884.0,6000.0,1900.0,6686.0,0.0,0.0,0.0,1
90000.0,1,2,1,40,0,0,0,-1,-1,-1,42856.0,44925.0,0.0,787.0,1457.0,0.0,3114.0,0.0,787.0,1457.0,0.0,0.0,1
40000.0,2,2,1,24,2,0,0,2,2,2,25618.0,26701.0,30421.0,29633.0,31548.0,30889.0,1800.0,4500.0,0.0,2400.0,0.0,3000.0,1
60000.0,1,2,1,45,0,0,0,0,0,0,60035.0,60776.0,49802.0,50965.0,19275.0,17976.0,2380.0,2262.0,3000.0,1500.0,1000.0,1500.0,1
20000.0,1,2,2,39,0,0,0,0,0,0,15972.0,16432.0,17618.0,17365.0,17719.0,17740.0,1500.0,1600.0,347.0,354.0,355.0,0.0,1
260000.0,2,1,1,39,-2,-2,-2,-2,-2,-2,5912.0,3768.0,1444.0,2402.0,2040.0,3172.0,3786.0,1451.0,2424.0,2050.0,3187.0,1972.0,1
50000.0,1,1,2,30,2,2,2,-1,2,2,4187.0,5152.0,3679.0,596.0,446.0,2699.0,2300.0,0.0,700.0,0.0,2300.0,0.0,1
70000.0,2,3,1,35,2,-1,0,0,0,0,1183.0,41263.0,40206.0,42184.0,43182.0,42674.0,41263.0,2500.0,2468.0,1466.0,1328.0,1501.0,1
30000.0,2,2,1,43,2,2,2,2,2,2,28264.0,28703.0,26622.0,24022.0,24368.0,20859.0,2000.0,1300.0,2.0,1608.0,0.0,900.0,1
50000.0,1,2,2,51,0,0,0,0,0,0,48726.0,49050.0,49584.0,19791.0,18518.0,19078.0,2100.0,1600.0,700.0,670.0,866.0,618.0,1
20000.0,1,2,2,24,2,2,4,4,4,4,1650.0,1650.0,1650.0,1650.0,1650.0,1650.0,0.0,0.0,0.0,0.0,0.0,0.0,1
20000.0,2,3,1,50,-1,-1,-1,-1,-2,-2,5141.0,3455.0,6906.0,0.0,0.0,0.0,3754.0,6906.0,290.0,0.0,0.0,0.0,1
30000.0,2,3,2,26,1,2,2,2,2,2,11167.0,13281.0,13773.0,14647.0,14713.0,14337.0,2600.0,1000.0,1400.0,600.0,0.0,700.0,1
20000.0,1,1,2,39,1,2,2,2,2,2,10968.0,12495.0,11998.0,13795.0,13431.0,16199.0,2000.0,0.0,2000.0,0.0,3000.0,0.0,1
180000.0,2,3,1,47,-1,-1,-1,-2,-2,-2,3735.0,3404.0,7141.0,1304.0,1534.0,2395.0,3404.0,7141.0,1304.0,1534.0,2395.0,6090.0,1
280000.0,1,2,1,34,0,0,0,0,0,0,126305.0,128888.0,123909.0,124078.0,124489.0,114110.0,4728.0,4700.0,4210.0,4455.0,4109.0,4000.0,1
230000.0,1,1,1,37,1,-1,-1,2,-1,0,0.0,2062.0,5056.0,3050.0,3700.0,1900.0,2062.0,3050.0,0.0,3700.0,0.0,2436.0,1
30000.0,2,1,2,43,1,2,2,2,0,0,17775.0,18688.0,21488.0,20847.0,21162.0,21809.0,1500.0,3433.0,0.0,800.0,1000.0,1000.0,1
220000.0,2,1,1,43,-1,-1,-1,2,-1,0,941.0,911.0,9743.0,7480.0,22880.0,880.0,920.0,9752.0,0.0,22880.0,0.0,7270.0,1
30000.0,1,2,2,46,0,0,0,0,0,2,12485.0,13119.0,13716.0,13598.0,16256.0,16442.0,1221.0,1208.0,480.0,3650.0,600.0,0.0,1
100000.0,2,2,2,26,2,2,0,0,0,0,88728.0,86405.0,88636.0,83516.0,39871.0,39626.0,0.0,3639.0,2347.0,3901.0,1327.0,530.0,1
160000.0,1,1,2,41,-1,-1,-1,-1,-1,-1,396.0,396.0,396.0,0.0,688.0,396.0,396.0,396.0,0.0,688.0,500.0,0.0,1
240000.0,2,2,1,48,-2,-2,-2,-2,-2,-2,-5.0,-5.0,1056.0,-4.0,950.0,158.0,0.0,1061.0,0.0,954.0,158.0,1796.0,1
140000.0,1,3,1,43,-1,0,0,0,0,0,139445.0,137950.0,133250.0,98147.0,98924.0,95100.0,5500.0,5000.0,3500.0,3510.0,3500.0,3500.0,1
80000.0,2,2,2,23,1,-2,-2,-2,-2,-2,0.0,0.0,0.0,0.0,0.0,0.0,0.0,0.0,0.0,0.0,0.0,0.0,1
50000.0,2,2,2,30,0,0,0,0,0,0,46795.0,46285.0,43282.0,14713.0,19583.0,14959.0,2169.0,1966.0,1130.0,5000.0,1000.0,441.0,1
80000.0,2,2,2,31,-1,-1,0,0,0,0,1019.0,8479.0,9947.0,10671.0,11923.0,12050.0,8479.0,2000.0,2000.0,2000.0,2000.0,1000.0,1
500000.0,1,1,2,41,-1,-1,-1,0,0,-1,326.0,628.0,6290.0,11604.0,24679.0,8642.0,628.0,6290.0,6000.0,14000.0,8642.0,326.0,1
400000.0,1,3,1,42,0,0,0,0,0,0,95014.0,97074.0,98274.0,84698.0,58612.0,55610.0,5000.0,3532.0,4005.0,1482.0,1452.0,3000.0,1
80000.0,1,3,1,41,0,0,0,0,0,0,90894.0,93167.0,81146.0,80674.0,63110.0,40376.0,4000.0,3200.0,2606.0,2431.0,1779.0,1000.0,1
80000.0,1,2,1,39,2,2,2,2,2,2,51193.0,50954.0,55132.0,56629.0,57405.0,58742.0,1200.0,5000.0,3000.0,2300.0,2400.0,0.0,1
30000.0,2,3,1,35,2,0,0,0,0,0,28852.0,29777.0,29478.0,30290.0,27803.0,25762.0,1700.0,1700.0,1500.0,1500.0,1500.0,1500.0,1
80000.0,2,1,2,23,1,-2,-2,-2,-1,-1,0.0,0.0,0.0,0.0,826.0,1803.0,0.0,0.0,0.0,826.0,1803.0,0.0,1
50000.0,1,2,1,48,0,0,0,-1,0,-1,48187.0,48344.0,46895.0,49161.0,6690.0,5665.0,46895.0,1775.0,51209.0,428.0,5665.0,8745.0,1
180000.0,2,1,2,35,0,0,0,0,0,0,5450.0,150.0,150.0,150.0,150.0,150.0,0.0,0.0,0.0,0.0,0.0,0.0,1
20000.0,1,2,2,24,3,2,0,0,0,0,18585.0,18003.0,19012.0,19100.0,19506.0,20037.0,0.0,1612.0,700.0,714.0,861.0,393.0,1
140000.0,1,2,1,38,1,2,2,2,2,2,129497.0,131877.0,135309.0,131671.0,138771.0,141146.0,6000.0,7000.0,0.0,10800.0,4800.0,0.0,1
60000.0,2,2,2,29,2,2,2,2,0,0,40351.0,41387.0,42117.0,41140.0,42110.0,42988.0,2000.0,1685.0,0.0,1655.0,1707.0,1718.0,1
360000.0,1,2,1,38,1,-2,-2,-1,2,2,0.0,0.0,0.0,2500.0,2500.0,0.0,0.0,0.0,2500.0,0.0,0.0,0.0,1
100000.0,2,2,2,23,-1,-1,-1,-1,-1,-1,694.0,650.0,687.0,620.0,0.0,627.0,656.0,687.0,620.0,0.0,627.0,3620.0,1
150000.0,2,1,2,29,-1,0,-1,-1,2,0,1148.0,3019.0,100.0,802.0,802.0,702.0,2000.0,100.0,702.0,0.0,0.0,0.0,1
100000.0,2,2,2,23,-2,-2,-2,-1,-1,0,101771.0,102878.0,79618.0,4370.0,78453.0,80063.0,3800.0,7.0,971.0,79681.0,2861.0,2698.0,1
250000.0,1,3,1,44,-1,-1,-1,-1,-1,-1,6826.0,3900.0,4482.0,43546.0,38051.0,576.0,3924.0,4482.0,43676.0,38166.0,576.0,2389.0,1
20000.0,1,2,2,26,1,5,4,3,2,0,13242.0,12762.0,12276.0,11790.0,11460.0,14090.0,0.0,0.0,0.0,0.0,3000.0,5000.0,1
20000.0,1,2,1,38,0,0,0,0,0,2,5705.0,6715.0,7736.0,8745.0,9394.0,9101.0,1266.0,1287.0,1296.0,945.0,0.0,481.0,1
120000.0,1,3,1,47,0,0,0,0,0,0,71777.0,73282.0,75499.0,77739.0,78666.0,80399.0,2700.0,3400.0,3500.0,2815.0,3000.0,3000.0,1
20000.0,2,2,2,23,2,2,7,7,7,6,2400.0,2400.0,2400.0,2400.0,2400.0,1800.0,0.0,0.0,0.0,0.0,0.0,0.0,1
170000.0,1,1,1,35,-1,-1,-1,-1,-1,-1,481.0,326.0,526.0,526.0,635.0,760.0,326.0,526.0,526.0,635.0,760.0,526.0,1
500000.0,2,3,1,28,0,0,0,0,0,0,22848.0,23638.0,18878.0,14937.0,13827.0,15571.0,1516.0,1300.0,1000.0,1000.0,2000.0,2000.0,1
70000.0,1,1,2,36,2,2,2,2,2,2,50016.0,48941.0,51809.0,50675.0,54839.0,53803.0,0.0,4000.0,0.0,5000.0,0.0,4000.0,1
20000.0,1,2,2,35,0,0,0,0,0,0,19600.0,19694.0,19945.0,20051.0,19472.0,19830.0,1312.0,1363.0,1249.0,1000.0,2000.0,1000.0,1
20000.0,2,2,2,48,0,0,0,2,0,0,14218.0,15247.0,16986.0,16418.0,16615.0,16944.0,1562.0,2301.0,0.0,610.0,604.0,779.0,1
360000.0,1,2,1,49,1,-2,-2,-2,-2,-2,0.0,0.0,0.0,0.0,0.0,0.0,0.0,0.0,0.0,0.0,0.0,0.0,1
50000.0,2,2,2,36,0,0,0,0,0,0,29647.0,30845.0,32821.0,34855.0,11776.0,12088.0,2000.0,2800.0,3732.0,750.0,500.0,1000.0,1
60000.0,2,2,2,22,0,0,0,0,0,0,60330.0,60382.0,60264.0,46149.0,28990.0,30067.0,2500.0,2501.0,1506.0,1000.0,1500.0,2000.0,1
20000.0,1,2,1,32,0,0,0,0,0,0,17106.0,18282.0,19424.0,19208.0,19600.0,20000.0,1458.0,1600.0,384.0,392.0,400.0,0.0,1
80000.0,1,2,2,35,1,-2,-2,-1,-1,-1,0.0,0.0,0.0,19980.0,173.0,0.0,0.0,0.0,19980.0,173.0,0.0,0.0,1
50000.0,2,2,1,30,0,0,0,0,0,0,46800.0,37395.0,38591.0,40037.0,32260.0,27649.0,1604.0,1800.0,2200.0,1400.0,1100.0,1300.0,1
250000.0,1,2,1,40,0,0,0,0,0,0,142477.0,85965.0,71453.0,54063.0,52723.0,56752.0,7000.0,3000.0,2000.0,3500.0,5000.0,3000.0,1
60000.0,2,2,3,33,-1,-1,-1,2,-1,-1,4260.0,780.0,390.0,390.0,390.0,390.0,780.0,390.0,0.0,390.0,390.0,2405.0,1
50000.0,1,2,1,40,0,0,2,2,2,2,42511.0,46526.0,46831.0,50799.0,50540.0,48700.0,5000.0,2175.0,5520.0,2000.0,302.0,2000.0,1
10000.0,2,3,2,22,0,0,2,0,0,0,10012.0,9784.0,9473.0,8947.0,9135.0,8613.0,2452.0,7.0,308.0,320.0,328.0,1000.0,1
30000.0,2,2,1,24,0,0,0,2,2,0,26755.0,27828.0,29103.0,29565.0,26319.0,27738.0,1507.0,2172.0,1523.0,0.0,2000.0,2000.0,1
30000.0,2,2,1,56,2,2,2,2,3,2,26008.0,27091.0,27648.0,29297.0,28544.0,29125.0,1800.0,1300.0,2400.0,0.0,1200.0,2500.0,1
60000.0,2,2,2,23,0,0,0,0,0,0,63709.0,64261.0,50243.0,15092.0,12037.0,10000.0,2351.0,1237.0,422.0,528.0,2000.0,5000.0,1
240000.0,1,2,2,28,-1,-1,-1,-1,-1,-1,4882.0,5205.0,2747.0,4594.0,4092.0,4361.0,5220.0,2773.0,4614.0,4104.0,4374.0,2443.0,1
80000.0,1,1,2,26,1,-2,-2,-2,-2,-2,0.0,0.0,0.0,0.0,0.0,0.0,0.0,0.0,0.0,0.0,0.0,0.0,1
90000.0,2,2,1,43,2,-1,2,-1,0,-1,390.0,780.0,390.0,780.0,390.0,780.0,780.0,0.0,780.0,0.0,780.0,0.0,1
160000.0,1,2,1,26,-2,-2,-2,-2,-2,-2,0.0,0.0,0.0,0.0,0.0,0.0,0.0,0.0,0.0,0.0,0.0,0.0,1
20000.0,2,2,1,42,3,2,2,2,2,2,18464.0,19465.0,19649.0,19978.0,20512.0,20831.0,1600.0,800.0,950.0,1000.0,800.0,0.0,1
50000.0,1,1,1,37,0,0,0,0,0,0,37603.0,38672.0,39949.0,40225.0,25517.0,20655.0,2000.0,2200.0,1400.0,1000.0,1000.0,1000.0,1
80000.0,2,1,2,54,0,0,0,0,0,0,78294.0,79247.0,74954.0,79356.0,48981.0,46848.0,3500.0,5608.0,8000.0,1205.0,1500.0,2000.0,1
90000.0,2,3,1,46,0,0,0,0,0,0,5965.0,6978.0,8152.0,9009.0,9359.0,9460.0,1120.0,1293.0,1150.0,500.0,400.0,400.0,1
50000.0,2,2,2,32,0,0,2,2,2,2,41114.0,44131.0,43121.0,45795.0,44929.0,48179.0,4000.0,0.0,3400.0,0.0,4000.0,0.0,1
30000.0,1,2,1,35,1,-1,-1,2,0,0,0.0,26232.0,29093.0,28319.0,29064.0,28658.0,26232.0,3300.0,0.0,1200.0,1100.0,1500.0,1
50000.0,1,3,1,46,-1,2,2,-2,-2,-2,13473.0,12800.0,0.0,0.0,0.0,0.0,0.0,0.0,0.0,0.0,0.0,0.0,1
20000.0,1,2,1,32,0,0,0,0,0,0,23055.0,24070.0,25183.0,25961.0,27491.0,40106.0,1400.0,1500.0,1275.0,1805.0,2000.0,2728.0,1
20000.0,1,2,2,23,-1,-1,0,-1,0,-1,4584.0,4005.0,5677.0,688.0,1688.0,61.0,4005.0,4078.0,1237.0,1000.0,61.0,0.0,1
160000.0,2,1,1,33,-1,-1,-1,-1,-1,-1,2355.0,2714.0,12094.0,2855.0,3803.0,8911.0,2719.0,15000.0,2855.0,3803.0,8911.0,0.0,1
110000.0,2,1,2,29,-1,-1,-1,-1,-1,-1,316.0,31895.0,316.0,316.0,316.0,31775.0,31895.0,316.0,316.0,316.0,31775.0,1152.0,1
50000.0,1,1,1,50,1,2,0,0,0,0,49252.0,44326.0,39689.0,29422.0,12856.0,0.0,1521.0,1345.0,2074.0,238.0,0.0,0.0,1
50000.0,1,2,1,48,2,2,2,2,2,2,42807.0,44489.0,45470.0,46424.0,45377.0,48441.0,2700.0,2000.0,2000.0,0.0,3800.0,0.0,1
360000.0,2,1,2,26,-2,-2,-2,-2,-2,-2,145.0,3526.0,8510.0,7831.0,8864.0,10845.0,3600.0,8510.0,4000.0,5000.0,5000.0,5398.0,1
120000.0,2,2,2,33,1,2,2,2,2,2,68493.0,70275.0,68592.0,72525.0,73741.0,72440.0,3500.0,0.0,5700.0,3000.0,0.0,3000.0,1
160000.0,1,1,1,49,-1,-1,2,-1,-1,-1,316.0,632.0,316.0,316.0,316.0,316.0,632.0,0.0,316.0,316.0,316.0,316.0,1
150000.0,1,1,2,26,2,2,2,2,2,0,164576.0,160500.0,170405.0,176048.0,161874.0,144124.0,0.0,14000.0,10048.0,0.0,5118.0,4517.0,1
300000.0,2,2,1,29,0,0,0,0,0,0,321155.0,317259.0,313600.0,309670.0,305660.0,301693.0,11369.0,11380.0,11216.0,11069.0,11090.0,10028.0,1
10000.0,1,2,2,29,2,2,2,2,3,2,5833.0,8162.0,8480.0,9089.0,8658.0,8372.0,2600.0,600.0,895.0,0.0,0.0,764.0,1
250000.0,1,1,1,46,-2,-2,-2,-2,-2,-2,0.0,0.0,500.0,0.0,0.0,0.0,0.0,500.0,0.0,0.0,0.0,0.0,1
200000.0,2,2,1,60,1,-2,-2,-2,-2,-2,0.0,0.0,0.0,0.0,0.0,0.0,0.0,0.0,0.0,0.0,0.0,0.0,1
110000.0,2,2,1,25,-1,4,3,2,3,2,96343.0,93959.0,91624.0,96190.0,95233.0,97760.0,0.0,0.0,7000.0,1500.0,4200.0,3500.0,1
20000.0,1,2,2,24,2,2,2,2,4,3,15586.0,16649.0,16090.0,20648.0,19759.0,19160.0,1609.0,0.0,5148.0,0.0,0.0,0.0,1
20000.0,2,2,1,42,0,0,0,0,0,3,6336.0,7350.0,8370.0,9380.0,10078.0,10072.0,1125.0,1145.0,1154.0,852.0,150.0,0.0,1
130000.0,2,2,1,42,1,-2,-1,-1,-1,-2,0.0,0.0,441.0,305.0,0.0,0.0,0.0,441.0,305.0,0.0,0.0,0.0,1
160000.0,1,3,2,28,2,2,2,2,2,0,152626.0,156752.0,152858.0,161801.0,114389.0,89684.0,8100.0,0.0,14025.0,0.0,5300.0,500.0,1
260000.0,2,2,1,39,2,2,0,0,2,0,238601.0,228443.0,233958.0,252615.0,186443.0,190345.0,0.0,10698.0,24799.0,0.0,7035.0,7078.0,1
60000.0,2,3,1,48,-1,-1,-1,-1,-1,-1,4823.0,5471.0,8422.0,4377.0,3910.0,2431.0,5491.0,9683.0,4377.0,3918.0,2431.0,2120.0,1
60000.0,1,1,2,24,-1,-1,-1,-2,-1,-1,390.0,780.0,0.0,0.0,371.0,18239.0,780.0,0.0,0.0,371.0,18239.0,650.0,1
150000.0,1,3,1,53,2,2,2,2,2,0,17790.0,18209.0,18608.0,20294.0,19828.0,20396.0,1000.0,1000.0,2000.0,0.0,900.0,2000.0,1
100000.0,2,3,1,43,2,2,0,0,0,0,100304.0,97814.0,100337.0,100585.0,52041.0,70731.0,0.0,5000.0,2623.0,2500.0,32000.0,2567.0,1
20000.0,1,2,2,29,1,2,2,2,2,2,11586.0,11103.0,13913.0,13393.0,18152.0,17725.0,0.0,3000.0,0.0,5000.0,0.0,3000.0,1
60000.0,1,2,2,30,0,0,0,2,2,2,15145.0,16618.0,18475.0,17919.0,19167.0,18750.0,2000.0,2100.0,0.0,1500.0,0.0,1500.0,1
140000.0,2,2,1,58,2,2,2,2,2,2,70428.0,71902.0,72924.0,72335.0,75508.0,77116.0,3200.0,2800.0,1200.0,4500.0,3000.0,0.0,1
140000.0,2,2,1,29,0,0,0,0,0,0,81764.0,92071.0,43777.0,22806.0,12643.0,29707.0,20167.0,5000.0,28800.0,2000.0,20007.0,10009.0,1
60000.0,2,2,1,37,0,0,0,0,0,0,59462.0,60866.0,54007.0,52089.0,29397.0,29110.0,3000.0,2570.0,2202.0,1200.0,1100.0,1100.0,1
70000.0,1,1,2,29,2,2,2,2,2,2,33786.0,34730.0,35878.0,36392.0,36990.0,37751.0,1800.0,2000.0,1400.0,1500.0,1500.0,1600.0,1
10000.0,2,2,2,44,-2,-2,-2,-1,0,0,390.0,390.0,780.0,17585.0,18301.0,18663.0,390.0,780.0,17585.0,1000.0,667.0,692.0,1
20000.0,1,2,2,23,1,2,0,0,0,-2,9352.0,9059.0,9823.0,10023.0,0.0,0.0,0.0,1000.0,200.0,0.0,0.0,0.0,1
150000.0,1,2,2,23,2,0,0,-1,0,0,17635.0,151686.0,147474.0,7474.0,8173.0,87500.0,135018.0,3000.0,120000.0,823.0,80000.0,3684.0,1
150000.0,2,1,2,35,2,2,0,0,0,0,55337.0,53851.0,53710.0,48797.0,49928.0,51106.0,0.0,2503.0,2000.0,1804.0,2000.0,2000.0,1
80000.0,2,1,2,28,1,-2,-2,-2,-1,-1,0.0,0.0,0.0,0.0,2284.0,-786.0,0.0,0.0,0.0,2284.0,0.0,0.0,1
200000.0,2,2,2,33,0,0,0,0,0,0,198878.0,195883.0,190282.0,164492.0,165076.0,166008.0,7700.0,7527.0,4900.0,5100.0,5300.0,4610.0,1
20000.0,1,2,2,27,0,0,-1,-1,0,0,7320.0,7761.0,631.0,4481.0,6481.0,3465.0,2000.0,631.0,4481.0,2000.0,300.0,3332.0,1
20000.0,2,2,1,46,3,2,2,2,3,5,11698.0,13189.0,14663.0,16109.0,19525.0,18646.0,2000.0,2000.0,2000.0,4000.0,0.0,1000.0,1
60000.0,1,2,1,40,0,0,0,0,0,0,18875.0,20064.0,21227.0,22564.0,24191.0,25778.0,1500.0,1500.0,2000.0,2000.0,2000.0,2000.0,1
100000.0,1,3,2,35,1,2,0,-1,-1,-1,23704.0,21774.0,21818.0,1261.0,1261.0,1261.0,0.0,2000.0,1261.0,1261.0,1261.0,1651.0,1
30000.0,2,2,1,56,0,0,0,2,0,0,10232.0,11564.0,14099.0,13580.0,13657.0,16356.0,1510.0,3042.0,0.0,600.0,2942.0,600.0,1
180000.0,2,4,2,47,0,0,0,0,0,0,167915.0,163279.0,166994.0,150812.0,123957.0,55778.0,6028.0,7758.0,5188.0,4570.0,1876.0,1701.0,1
180000.0,2,3,1,56,-1,-1,-1,-1,-1,-1,440.0,440.0,440.0,440.0,440.0,440.0,440.0,440.0,440.0,440.0,440.0,440.0,1
50000.0,2,2,1,34,0,0,0,0,0,0,7900.0,8922.0,9926.0,9970.0,10339.0,11009.0,1309.0,1313.0,357.0,530.0,1000.0,622.0,1
80000.0,2,1,1,27,3,2,0,0,0,3,71965.0,70232.0,71794.0,73125.0,82798.0,81336.0,0.0,3278.0,3211.0,11457.0,0.0,0.0,1
70000.0,2,2,2,23,0,0,0,0,0,0,64882.0,63824.0,63352.0,28085.0,28487.0,27006.0,2782.0,2700.0,1732.0,1134.0,1128.0,1003.0,1
100000.0,1,2,1,24,2,2,2,2,2,2,10618.0,13233.0,13427.0,13609.0,14683.0,15001.0,2800.0,700.0,700.0,1300.0,700.0,700.0,1
40000.0,2,1,2,26,1,2,2,2,0,0,7904.0,7628.0,10270.0,9961.0,10495.0,12161.0,0.0,2775.0,0.0,1000.0,2000.0,1800.0,1
270000.0,2,3,1,47,-1,-1,-1,2,2,-2,123.0,123.0,123.0,123.0,0.0,0.0,123.0,123.0,0.0,0.0,0.0,0.0,1
50000.0,2,2,2,25,0,0,0,0,0,0,47431.0,48306.0,35150.0,25104.0,20560.0,8614.0,2000.0,1542.0,1475.0,1000.0,350.0,386.0,1
30000.0,1,3,1,26,1,2,0,0,0,0,30814.0,29551.0,24034.0,21155.0,18413.0,0.0,0.0,1500.0,1150.0,900.0,0.0,0.0,1
210000.0,1,2,2,47,-2,-2,-2,-2,-2,-2,-163.0,-163.0,-163.0,-65167.0,-168.0,2999.0,0.0,0.0,5530.0,84332.0,21500.0,30000.0,1
210000.0,2,2,1,28,-2,-2,-2,-2,-2,-2,1412.0,1194.0,404.0,2851.0,2959.0,693.0,1194.0,404.0,2851.0,2959.0,782.0,2657.0,1
50000.0,1,2,3,35,0,0,0,0,0,0,4943.0,49411.0,48859.0,10076.0,8442.0,8610.0,45200.0,1285.0,332.0,306.0,308.0,173.0,1
130000.0,2,2,2,24,2,2,-1,0,0,-2,1176.0,0.0,41.0,1062.0,-201.0,-201.0,0.0,41.0,1021.0,0.0,0.0,0.0,1
180000.0,2,1,1,39,2,-1,-1,-1,-1,-1,1343.0,437.0,2297.0,4428.0,985.0,4028.0,438.0,2308.0,4446.0,987.0,4040.0,600.0,1
80000.0,2,2,1,36,1,2,2,0,0,0,74328.0,75515.0,73741.0,75200.0,76959.0,78556.0,3000.0,0.0,2700.0,2950.0,3000.0,2600.0,1
100000.0,2,1,1,42,2,2,2,2,2,2,46195.0,47166.0,46112.0,48925.0,49794.0,50823.0,2000.0,0.0,3900.0,1800.0,2000.0,2000.0,1
260000.0,1,2,1,46,2,2,2,2,2,2,82683.0,84424.0,86472.0,87157.0,88526.0,90355.0,4000.0,4300.0,3000.0,3700.0,3400.0,3600.0,1
30000.0,2,3,2,27,2,2,2,2,2,2,13257.0,14046.0,13523.0,14498.0,14123.0,15184.0,1300.0,0.0,1200.0,0.0,1300.0,0.0,1
30000.0,1,3,1,28,2,2,2,2,2,2,23027.0,23848.0,23873.0,24182.0,26022.0,27462.0,1500.0,700.0,1000.0,2550.0,2013.0,1108.0,1
20000.0,2,2,2,22,2,2,2,2,0,0,5743.0,7487.0,8114.0,7835.0,8605.0,10948.0,2000.0,900.0,0.0,900.0,2500.0,0.0,1
160000.0,2,2,2,29,0,0,-1,-1,-1,-1,36134.0,21827.0,421.0,421.0,2876.0,1949.0,21000.0,421.0,421.0,2876.0,1949.0,8090.0,1
50000.0,1,2,2,29,3,2,2,0,0,0,49747.0,51075.0,43662.0,18115.0,17300.0,17947.0,2500.0,14.0,2000.0,1000.0,1500.0,1500.0,1
240000.0,2,2,1,43,0,0,0,0,0,0,244103.0,240733.0,236553.0,241215.0,230480.0,234610.0,9102.0,8602.0,9013.0,8195.0,8202.0,7902.0,1
260000.0,1,1,2,35,2,2,2,0,0,2,139582.0,149124.0,145333.0,148332.0,160810.0,155683.0,13400.0,0.0,6910.0,16502.0,0.0,5847.0,1
200000.0,1,2,1,28,2,2,7,7,7,7,2443.0,2443.0,2443.0,2443.0,2443.0,2443.0,0.0,0.0,0.0,0.0,0.0,0.0,1
50000.0,1,2,2,49,0,0,0,0,0,0,90231.0,90647.0,92309.0,93880.0,99418.0,101392.0,2852.0,2784.0,2603.0,10000.0,3164.0,2868.0,1
30000.0,1,2,1,22,1,2,5,4,3,2,25147.0,28747.0,28029.0,27120.0,26154.0,25940.0,4311.0,0.0,0.0,0.0,0.0,0.0,1
50000.0,2,2,1,26,2,2,2,2,2,2,46800.0,47830.0,48868.0,49470.0,48003.0,50755.0,2100.0,2100.0,1701.0,1.0,3906.0,0.0,1
200000.0,1,2,2,33,0,0,0,0,0,0,6195.0,2645.0,3416.0,3916.0,4248.0,5068.0,1300.0,1000.0,500.0,500.0,1000.0,1000.0,1
500000.0,2,2,1,42,0,0,0,0,0,0,506787.0,487049.0,478965.0,401635.0,423136.0,422271.0,21000.0,17414.0,12000.0,30000.0,18000.0,11000.0,1
30000.0,2,2,1,28,0,0,0,2,0,0,11692.0,14505.0,17262.0,16690.0,17763.0,18960.0,3000.0,3000.0,0.0,1500.0,1500.0,1500.0,1
100000.0,2,1,2,26,-1,-1,-2,-2,-2,-2,26273.0,-73.0,-73.0,-73.0,-73.0,-73.0,0.0,0.0,0.0,0.0,0.0,0.0,1
80000.0,2,2,2,24,-1,-1,-2,-2,-2,-2,2346.0,0.0,0.0,0.0,0.0,0.0,0.0,0.0,0.0,0.0,0.0,0.0,1
50000.0,2,3,2,60,2,2,2,0,0,0,46554.0,50774.0,49551.0,22673.0,17147.0,17505.0,5000.0,0.0,2300.0,1000.0,635.0,580.0,1
280000.0,2,1,2,38,1,-2,-1,-1,-1,-1,0.0,0.0,3898.0,1460.0,18901.0,0.0,0.0,3898.0,1460.0,18901.0,0.0,0.0,1
10000.0,1,2,1,27,4,3,3,2,3,2,3462.0,4150.0,3940.0,4720.0,4500.0,4282.0,900.0,0.0,1000.0,0.0,0.0,433.0,1
300000.0,1,1,1,50,2,2,2,2,2,2,245193.0,250672.0,256178.0,260434.0,264114.0,269733.0,11000.0,11000.0,10000.0,9500.0,10000.0,1300.0,1
300000.0,2,3,2,30,-2,-2,-2,-2,-2,-2,0.0,0.0,0.0,0.0,0.0,0.0,0.0,0.0,0.0,0.0,0.0,0.0,1
30000.0,2,3,1,67,2,2,0,0,0,0,26590.0,25869.0,26947.0,27529.0,24909.0,24576.0,0.0,1800.0,1370.0,1264.0,2078.0,836.0,1
80000.0,2,2,1,47,2,0,0,0,0,0,80019.0,81145.0,79171.0,63448.0,46989.0,47867.0,3111.0,3667.0,3063.0,2000.0,2000.0,2428.0,1
110000.0,1,2,1,38,2,2,2,2,0,0,103202.0,69917.0,68917.0,69141.0,135478.0,71875.0,2500.0,2494.0,2477.0,2500.0,3003.0,3000.0,1
290000.0,1,2,1,39,1,-1,-1,-1,-2,-2,-9.0,698.0,728.0,-2.0,-2.0,-2.0,707.0,730.0,0.0,0.0,0.0,0.0,1
20000.0,1,3,2,43,-1,0,0,-1,0,0,6085.0,6607.0,2800.0,11052.0,10522.0,9150.0,1045.0,1028.0,11052.0,311.0,183.0,0.0,1
70000.0,2,1,2,50,2,0,0,0,0,0,62049.0,64315.0,58564.0,56741.0,25172.0,29186.0,4000.0,3000.0,10032.0,8000.0,5139.0,1000.0,1
60000.0,1,3,1,38,2,2,2,2,0,0,33044.0,32232.0,25086.0,24404.0,25212.0,28147.0,0.0,4000.0,0.0,1500.0,3500.0,2600.0,1
100000.0,1,1,1,38,2,2,2,2,2,0,72437.0,74645.0,76063.0,77224.0,75385.0,78991.0,4000.0,3200.0,3000.0,0.0,5000.0,3200.0,1
110000.0,2,2,1,38,2,2,0,0,0,2,41619.0,40650.0,41744.0,42783.0,47476.0,45355.0,0.0,1750.0,1750.0,5400.0,700.0,1000.0,1
140000.0,1,2,1,45,-1,3,2,2,2,2,104144.0,106179.0,106947.0,107690.0,109821.0,107893.0,5200.0,4000.0,4000.0,4000.0,0.0,4100.0,1
160000.0,1,1,1,41,1,-2,-2,-2,-2,-2,0.0,0.0,0.0,0.0,0.0,0.0,0.0,0.0,0.0,0.0,0.0,0.0,1
50000.0,2,2,2,31,2,2,2,2,2,2,28947.0,30072.0,30895.0,31589.0,32071.0,32709.0,1900.0,1600.0,1500.0,1300.0,1300.0,1500.0,1
50000.0,2,2,2,25,3,2,2,0,0,0,49081.0,50074.0,48610.0,17857.0,18369.0,19011.0,2063.0,0.0,800.0,800.0,1000.0,1000.0,1
30000.0,1,3,1,41,1,2,2,2,2,2,4743.0,5609.0,5371.0,5833.0,5594.0,6074.0,1090.0,0.0,552.0,0.0,573.0,0.0,1
170000.0,2,1,1,35,2,2,2,2,2,2,131909.0,133178.0,131711.0,139143.0,140987.0,144187.0,4800.0,2000.0,11000.0,5500.0,5500.0,5400.0,1
70000.0,2,2,2,25,4,3,2,0,0,0,30542.0,29780.0,28968.0,29540.0,29505.0,29428.0,0.0,0.0,2032.0,1069.0,1066.0,1002.0,1
327680.0,1,3,2,42,0,0,0,0,0,0,344011.0,336175.0,333048.0,277250.0,256365.0,243600.0,11219.0,11461.0,9100.0,8345.0,7783.0,9200.0,1
50000.0,1,2,1,34,1,2,2,2,2,2,16501.0,15947.0,18134.0,17622.0,19249.0,14259.0,0.0,2500.0,0.0,2000.0,0.0,1000.0,1
70000.0,2,2,1,23,0,0,0,0,0,0,69951.0,70722.0,70815.0,63183.0,31633.0,31275.0,3200.0,3202.0,2989.0,1081.0,1099.0,1143.0,1
20000.0,1,2,2,31,2,2,2,2,0,0,13516.0,13996.0,14475.0,14936.0,15688.0,16435.0,1000.0,1000.0,1000.0,1000.0,1000.0,700.0,1
150000.0,1,1,1,42,8,7,6,5,4,3,161569.0,159190.0,155821.0,153075.0,151269.0,149723.0,0.0,0.0,0.0,0.0,0.0,15.0,1
50000.0,2,1,1,35,0,0,2,2,2,0,44487.0,47438.0,46400.0,49276.0,48286.0,47915.0,4000.0,0.0,3700.0,0.0,2000.0,6000.0,1
220000.0,1,2,2,30,1,2,2,2,2,2,105348.0,106432.0,102996.0,100198.0,100357.0,95471.0,4268.0,3251.0,2900.0,5000.0,0.0,105300.0,1
200000.0,1,2,1,53,1,-1,-1,-2,-2,-1,0.0,2920.0,0.0,0.0,0.0,6753.0,2920.0,0.0,0.0,0.0,6753.0,0.0,1
20000.0,2,3,3,40,-1,-1,-1,2,-1,0,390.0,390.0,2974.0,2376.0,5262.0,4401.0,390.0,2974.0,0.0,5262.0,88.0,1612.0,1
30000.0,2,2,2,21,2,0,0,2,-1,-1,23243.0,24394.0,25693.0,25760.0,165.0,0.0,1704.0,2168.0,1000.0,165.0,0.0,0.0,1
180000.0,2,1,1,27,2,2,2,2,2,0,81044.0,78403.0,58083.0,58244.0,56041.0,50816.0,2600.0,0.0,4700.0,0.0,2500.0,1092.0,1
110000.0,2,1,1,32,1,2,0,0,0,0,42867.0,41901.0,44126.0,43483.0,43435.0,41010.0,0.0,3000.0,2000.0,2000.0,2000.0,3600.0,1
360000.0,2,1,1,50,-2,-2,-2,-2,-2,-2,0.0,0.0,0.0,0.0,0.0,0.0,0.0,0.0,0.0,0.0,0.0,0.0,1
20000.0,2,2,2,26,2,0,0,0,0,0,19366.0,19297.0,20023.0,19625.0,15188.0,0.0,1800.0,1500.0,500.0,500.0,0.0,0.0,1
180000.0,2,1,2,32,2,2,2,2,2,2,73618.0,76990.0,78181.0,82645.0,84739.0,83282.0,4500.0,3000.0,5700.0,3500.0,0.0,3200.0,1
110000.0,2,3,1,48,1,2,0,0,0,2,35341.0,24107.0,34090.0,24843.0,18105.0,16952.0,0.0,11412.0,739.0,1560.0,0.0,691.0,1
50000.0,2,1,2,23,0,0,0,0,0,0,48064.0,49362.0,48038.0,8760.0,9646.0,7747.0,2091.0,1310.0,1000.0,1000.0,277.0,296.0,1
70000.0,2,3,1,33,0,0,0,0,0,0,71230.0,65305.0,50178.0,29969.0,30081.0,29380.0,2500.0,3108.0,2000.0,1048.0,1095.0,940.0,1
200000.0,1,1,2,33,2,2,2,2,2,2,156558.0,167453.0,170010.0,172226.0,175918.0,179441.0,15000.0,6800.0,6500.0,6600.0,6600.0,5200.0,1
10000.0,1,2,1,37,-1,4,3,2,2,2,7501.0,7243.0,6988.0,6730.0,7463.0,7199.0,0.0,0.0,0.0,1000.0,0.0,3000.0,1
100000.0,1,1,2,27,-1,-1,-1,-1,-1,-2,2927.0,831.0,1226.0,330.0,0.0,0.0,831.0,1226.0,330.0,0.0,0.0,0.0,1
110000.0,1,3,2,32,0,-1,-1,-2,-2,-2,34000.0,223.0,0.0,0.0,0.0,0.0,223.0,0.0,0.0,0.0,0.0,0.0,1
360000.0,2,1,1,45,-1,-1,2,0,-1,-1,390.0,1170.0,780.0,390.0,390.0,390.0,1170.0,0.0,0.0,390.0,390.0,390.0,1
140000.0,2,2,1,36,-1,-1,-1,2,-1,2,430.0,303.0,8934.0,580.0,9071.0,6317.0,303.0,9061.0,0.0,9071.0,0.0,656.0,1
80000.0,2,3,1,28,0,0,0,0,0,0,63900.0,65343.0,66171.0,58683.0,43421.0,44267.0,3000.0,2470.0,2228.0,1516.0,2000.0,1556.0,1
50000.0,1,2,1,43,-1,2,-1,-1,2,-1,780.0,390.0,390.0,650.0,260.0,520.0,0.0,390.0,650.0,0.0,800.0,800.0,1
270000.0,2,1,2,31,0,0,0,0,0,0,167428.0,168827.0,148031.0,92943.0,94464.0,92899.0,6155.0,5382.0,3270.0,3377.0,3329.0,3553.0,1
20000.0,2,2,2,22,4,3,2,2,2,2,19529.0,18937.0,18335.0,19530.0,19076.0,20444.0,0.0,0.0,1500.0,0.0,1700.0,0.0,1
50000.0,1,3,1,32,2,2,3,2,2,2,38023.0,39589.0,40160.0,40796.0,41526.0,42209.0,2500.0,1500.0,1600.0,1700.0,1500.0,3600.0,1
110000.0,2,2,1,36,-1,-1,-1,-1,-1,-1,2002.0,1056.0,4680.0,880.0,880.0,880.0,1056.0,4756.0,880.0,880.0,880.0,880.0,1
50000.0,2,1,2,27,1,-1,-1,-1,0,0,0.0,45000.0,1000.0,4874.0,5374.0,5874.0,45000.0,1000.0,4874.0,500.0,500.0,0.0,1
50000.0,1,2,2,35,0,0,0,0,0,0,49986.0,46720.0,48166.0,49167.0,26032.0,26235.0,23800.0,2200.0,2150.0,1000.0,1000.0,1000.0,1
30000.0,1,3,2,42,1,2,0,0,0,0,13347.0,12843.0,13850.0,14125.0,14423.0,14516.0,0.0,1227.0,502.0,522.0,521.0,521.0,1
130000.0,2,3,1,38,0,0,0,0,0,0,100443.0,95794.0,92765.0,48481.0,47779.0,42362.0,3516.0,4112.0,2007.0,2516.0,1119.0,1016.0,1
80000.0,2,2,1,37,1,2,0,0,0,0,79900.0,64815.0,52806.0,57028.0,59456.0,55623.0,21.0,1819.0,5000.0,4000.0,4000.0,1894.0,1
130000.0,2,3,1,36,0,0,2,2,2,2,23997.0,26733.0,26942.0,26210.0,27982.0,27383.0,3440.0,941.0,0.0,2197.0,0.0,910.0,1
50000.0,1,3,1,49,1,2,2,2,2,2,49206.0,51097.0,50011.0,53469.0,50337.0,46903.0,3000.0,0.0,5000.0,2005.0,0.0,4000.0,1
20000.0,1,2,2,39,2,2,2,0,0,0,19518.0,20202.0,19082.0,18890.0,19287.0,19751.0,1299.0,0.0,667.0,692.0,776.0,3730.0,1
20000.0,1,2,3,35,1,-2,-2,-2,-2,-2,0.0,0.0,0.0,0.0,0.0,0.0,0.0,0.0,0.0,0.0,0.0,0.0,1
30000.0,1,2,2,39,2,4,3,2,2,4,25999.0,25305.0,24624.0,23930.0,28807.0,27781.0,0.0,0.0,0.0,5288.0,0.0,0.0,1
50000.0,1,3,2,31,-1,-1,-1,-2,-2,-2,44461.0,8635.0,-2550.0,-3300.0,-3300.0,-3300.0,1000.0,0.0,0.0,0.0,0.0,0.0,1
20000.0,1,2,1,30,-1,-1,0,0,-1,-1,1261.0,2835.0,2522.0,1261.0,1261.0,930.0,2835.0,1000.0,0.0,1261.0,930.0,540.0,1
210000.0,2,2,1,35,-1,-1,-1,-1,0,-1,188.0,971.0,2871.0,5087.0,1943.0,3392.0,971.0,2871.0,5087.0,0.0,3392.0,4000.0,1
40000.0,1,2,1,38,2,2,2,2,2,2,33152.0,33623.0,34773.0,33917.0,36704.0,40404.0,1300.0,2000.0,0.0,3500.0,4471.0,0.0,1
210000.0,2,2,1,41,-1,-1,-1,-1,-1,-1,3088.0,1586.0,343.0,3763.0,877.0,0.0,1586.0,343.0,3763.0,877.0,0.0,419.0,1
200000.0,1,1,1,30,2,2,2,2,2,2,44411.0,45379.0,45858.0,45781.0,47401.0,40536.0,2000.0,1500.0,1000.0,2540.0,2000.0,0.0,1
50000.0,1,1,2,30,0,0,0,2,2,2,60762.0,58791.0,59529.0,55405.0,55904.0,52160.0,2300.0,4400.0,0.0,4000.0,0.0,4000.0,1
410000.0,2,1,2,34,1,-1,-1,-2,-2,-1,0.0,13621.0,0.0,0.0,0.0,666.0,13621.0,0.0,0.0,0.0,666.0,0.0,1
240000.0,2,2,1,38,1,-2,-2,-2,-2,-2,0.0,0.0,0.0,0.0,0.0,0.0,0.0,0.0,0.0,0.0,0.0,0.0,1
40000.0,2,2,1,37,2,2,2,2,2,0,25561.0,26343.0,25635.0,28100.0,27352.0,27862.0,1500.0,0.0,2900.0,0.0,1100.0,2400.0,1
30000.0,1,2,1,33,1,-2,-2,-2,-2,-2,0.0,0.0,0.0,0.0,0.0,0.0,0.0,0.0,0.0,0.0,0.0,0.0,1
50000.0,2,1,2,25,-1,2,0,0,0,-1,2823.0,1760.0,2640.0,1760.0,880.0,1910.0,0.0,1760.0,0.0,0.0,1910.0,0.0,1
160000.0,2,2,1,31,0,0,0,-1,-1,0,42781.0,42774.0,41817.0,749.0,5572.0,10573.0,2300.0,2300.0,749.0,5572.0,5573.0,13793.0,1
90000.0,1,3,2,42,2,2,2,2,2,2,64762.0,63164.0,32789.0,31641.0,29240.0,28306.0,0.0,2900.0,0.0,2500.0,0.0,1300.0,1
360000.0,1,1,1,54,1,-1,-1,-1,-1,0,-281.0,2520.0,7508.0,434.0,2139.0,993.0,3011.0,7545.0,502.0,2205.0,5.0,1799.0,1
280000.0,2,2,2,33,-2,-2,-1,0,0,-1,167.0,3690.0,1735.0,1735.0,1714.0,843.0,3700.0,1735.0,0.0,1700.0,1000.0,22000.0,1
30000.0,2,2,1,35,2,2,2,2,2,2,17880.0,19288.0,20313.0,19696.0,20670.0,20200.0,2000.0,1626.0,0.0,1600.0,0.0,1126.0,1
80000.0,2,2,2,29,0,0,0,2,2,0,59520.0,60492.0,62160.0,64714.0,62420.0,62990.0,2753.0,3438.0,4400.0,0.0,2400.0,9974.0,1
100000.0,1,2,1,31,3,2,-1,0,0,-1,2000.0,1000.0,3000.0,2000.0,1000.0,1150.0,0.0,3000.0,0.0,0.0,1150.0,0.0,1
300000.0,2,3,1,34,0,0,0,0,0,0,280823.0,275303.0,271952.0,193403.0,187562.0,191069.0,11000.0,12000.0,7200.0,6500.0,6173.0,5500.0,1
110000.0,2,2,2,23,2,0,0,-1,0,0,1587.0,2399.0,0.0,980.0,35305.0,36065.0,1000.0,0.0,980.0,35000.0,1327.0,1500.0,1
100000.0,1,2,2,26,-1,2,-1,0,-1,-1,214.0,107.0,214.0,107.0,107.0,38362.0,0.0,214.0,0.0,107.0,38362.0,1600.0,1
20000.0,1,1,1,31,0,0,0,2,-1,-1,4596.0,5675.0,8231.0,2717.0,4733.0,1099.0,1161.0,2717.0,0.0,4733.0,1099.0,0.0,1
160000.0,2,2,1,47,-1,3,2,-1,-1,-1,1857.0,1672.0,836.0,836.0,836.0,836.0,0.0,0.0,836.0,836.0,836.0,836.0,1
20000.0,2,2,2,22,-1,-1,-1,-1,-2,-2,2480.0,179.0,1669.0,0.0,0.0,0.0,179.0,1669.0,0.0,0.0,0.0,0.0,1
260000.0,2,2,2,44,1,-2,-2,-2,-2,-2,0.0,0.0,0.0,0.0,0.0,0.0,0.0,0.0,0.0,0.0,0.0,0.0,1
220000.0,2,2,2,31,-1,-1,-2,-1,-1,-2,38746.0,0.0,0.0,110699.0,0.0,0.0,0.0,0.0,110699.0,0.0,0.0,0.0,1
20000.0,1,2,2,46,0,0,0,-2,-2,-2,19401.0,20650.0,0.0,0.0,0.0,0.0,1650.0,0.0,0.0,0.0,0.0,0.0,1
110000.0,2,2,1,36,1,2,0,0,2,2,10448.0,10144.0,14516.0,19396.0,9298.0,14116.0,0.0,5000.0,5000.0,0.0,5000.0,0.0,1
40000.0,2,3,1,39,0,0,2,2,2,2,34378.0,37584.0,38072.0,37160.0,39628.0,40428.0,3768.0,1400.0,0.0,3081.0,1600.0,0.0,1
90000.0,2,1,2,29,1,2,0,0,0,0,9370.0,9078.0,10267.0,10350.0,10564.0,10771.0,0.0,1500.0,550.0,529.0,531.0,550.0,1
50000.0,2,2,1,38,0,0,2,0,0,0,20838.0,23204.0,22538.0,22864.0,23495.0,24100.0,3000.0,0.0,1000.0,1000.0,1000.0,1000.0,1
50000.0,2,3,1,40,0,0,0,0,0,2,20831.0,21592.0,22571.0,23024.0,25567.0,24463.0,1400.0,1360.0,810.0,2900.0,0.0,1100.0,1
100000.0,1,1,2,27,0,0,2,2,2,2,36014.0,39321.0,39145.0,39494.0,39896.0,28256.0,4200.0,900.0,1400.0,900.0,6440.0,500.0,1
240000.0,1,2,1,32,2,2,2,0,0,0,127418.0,135942.0,132640.0,135320.0,138523.0,141618.0,10400.0,0.0,4500.0,5000.0,5000.0,5000.0,1
470000.0,2,2,2,33,-2,-2,-2,-2,-1,-1,0.0,0.0,0.0,0.0,779.0,0.0,0.0,0.0,0.0,779.0,0.0,0.0,1
110000.0,2,2,2,27,1,-2,-2,-2,-2,-2,0.0,0.0,0.0,0.0,0.0,0.0,0.0,0.0,0.0,0.0,0.0,0.0,1
150000.0,2,1,2,32,2,2,2,0,0,2,120800.0,123379.0,122881.0,123954.0,131543.0,134319.0,6000.0,3000.0,4600.0,9800.0,5100.0,5000.0,1
100000.0,2,2,2,44,2,2,2,2,2,2,105373.0,107001.0,108350.0,107457.0,105598.0,105751.0,5700.0,5400.0,3700.0,4000.0,3600.0,4500.0,1
50000.0,1,2,2,40,0,0,0,0,0,0,47060.0,48117.0,49161.0,50173.0,18279.0,18266.0,2154.0,2588.0,2600.0,1000.0,653.0,1000.0,1
380000.0,2,1,1,36,-2,-1,-1,-1,-1,2,3744.0,20334.0,8499.0,53235.0,101439.0,34579.0,20498.0,8549.0,53471.0,101785.0,117.0,32347.0,1
320000.0,1,1,1,48,2,2,2,2,2,2,201932.0,215392.0,218370.0,220977.0,225021.0,221730.0,18300.0,8000.0,7700.0,7700.0,0.0,7900.0,1
320000.0,2,2,1,43,2,0,0,0,0,0,520651.0,383123.0,391741.0,400196.0,408503.0,156881.0,10000.0,11000.0,11000.0,10800.0,5992.0,4967.0,1
20000.0,2,1,2,39,0,0,0,0,0,0,16690.0,17696.0,18878.0,19308.0,19498.0,0.0,1588.0,1770.0,1200.0,390.0,0.0,44334.0,1
30000.0,1,1,2,30,1,2,2,2,0,0,21996.0,21356.0,23496.0,22820.0,23352.0,23963.0,0.0,2500.0,0.0,900.0,1000.0,1200.0,1
70000.0,2,1,2,34,1,3,2,0,0,0,70971.0,71272.0,69405.0,34045.0,34995.0,36025.0,2000.0,0.0,1220.0,1500.0,1725.0,0.0,1
60000.0,2,2,1,24,2,3,2,2,2,0,34708.0,33866.0,33041.0,35284.0,31602.0,32221.0,0.0,0.0,2900.0,0.0,1200.0,1409.0,1
140000.0,1,1,2,28,1,2,2,2,0,0,31529.0,30844.0,33961.0,33250.0,34524.0,38098.0,0.0,3500.0,0.0,2000.0,4000.0,0.0,1
80000.0,1,2,1,51,2,-1,2,-1,0,0,1041.0,780.0,390.0,992.0,602.0,-178.0,1000.0,0.0,992.0,0.0,0.0,0.0,1
100000.0,1,1,1,52,4,5,4,3,2,0,101762.0,102832.0,100328.0,97883.0,96238.0,96160.0,3504.0,0.0,0.0,0.0,3469.0,3422.0,1
300000.0,2,2,1,27,0,0,0,0,0,0,286321.0,283547.0,578971.0,293063.0,296677.0,230338.0,20000.0,12003.0,10524.0,11238.0,8814.0,9463.0,1
180000.0,1,2,2,31,0,0,-1,-1,-1,-1,6221.0,3571.0,4333.0,3334.0,3334.0,3334.0,1000.0,4337.0,3334.0,3334.0,3334.0,3334.0,1
280000.0,2,2,1,30,0,0,0,0,0,0,71770.0,74066.0,75907.0,77723.0,79550.0,81801.0,4000.0,3000.0,3000.0,3000.0,3500.0,4000.0,1
20000.0,2,2,1,35,2,0,0,2,2,2,5890.0,7282.0,9455.0,9154.0,10001.0,10046.0,1500.0,2454.0,0.0,1000.0,350.0,0.0,1
80000.0,2,2,2,27,0,0,0,0,0,0,73684.0,68883.0,45257.0,45981.0,46032.0,46192.0,2896.0,1722.0,1619.0,1665.0,1700.0,1833.0,1
130000.0,1,2,1,31,2,2,0,0,0,0,131635.0,126548.0,127748.0,100291.0,93552.0,95521.0,0.0,5100.0,4100.0,3392.0,3521.0,3724.0,1
20000.0,2,2,1,34,0,0,2,-1,-1,-1,3223.0,3176.0,220.0,632.0,0.0,316.0,1220.0,0.0,632.0,0.0,316.0,782.0,1
180000.0,2,2,1,39,2,2,2,2,2,0,177113.0,180628.0,176137.0,183007.0,179505.0,105229.0,7800.0,0.0,11700.0,0.0,3775.0,7000.0,1
50000.0,2,2,2,46,0,0,0,0,0,0,25119.0,26258.0,27199.0,18810.0,18487.0,18874.0,1559.0,1500.0,1400.0,1000.0,684.0,716.0,1
200000.0,2,2,2,29,0,0,0,0,0,0,170964.0,174509.0,176523.0,180295.0,184104.0,195976.0,7788.0,6400.0,6700.0,6907.0,20163.0,1000.0,1
20000.0,1,3,1,42,2,2,2,-2,-2,-2,13053.0,4078.0,0.0,0.0,0.0,0.0,16.0,0.0,0.0,0.0,0.0,0.0,1
50000.0,2,2,2,26,0,0,0,0,-2,-2,33428.0,34385.0,35796.0,-229.0,-229.0,-229.0,1800.0,2100.0,0.0,0.0,0.0,0.0,1
320000.0,1,1,2,32,-1,2,-1,-1,-2,-2,752.0,169.0,1940.0,0.0,0.0,0.0,0.0,1948.0,0.0,0.0,0.0,0.0,1
130000.0,1,1,2,34,0,0,0,0,0,0,30190.0,31179.0,30569.0,28659.0,26952.0,15852.0,1818.0,2002.0,1400.0,600.0,1000.0,0.0,1
210000.0,2,2,2,34,1,-1,-1,-1,-1,-2,0.0,1075.0,229.0,799.0,0.0,0.0,1075.0,229.0,799.0,0.0,0.0,2247.0,1
70000.0,1,1,2,30,2,2,0,0,0,0,34985.0,34146.0,35271.0,35986.0,36905.0,37641.0,0.0,2000.0,1300.0,1500.0,1500.0,1576.0,1
40000.0,2,2,1,29,-1,0,0,-2,-2,-1,8801.0,9544.0,0.0,0.0,0.0,7922.0,1000.0,0.0,0.0,0.0,7922.0,158.0,1
50000.0,1,1,2,31,3,2,2,3,3,3,1050.0,1050.0,1050.0,1050.0,1050.0,1050.0,0.0,0.0,0.0,0.0,0.0,0.0,1
360000.0,2,2,1,48,-2,-2,-2,-2,-2,-2,2500.0,0.0,0.0,0.0,0.0,0.0,0.0,0.0,0.0,0.0,0.0,0.0,1
60000.0,2,3,1,47,2,3,2,2,2,2,20347.0,19727.0,20909.0,21168.0,21520.0,21805.0,0.0,1800.0,900.0,1000.0,774.0,0.0,1
400000.0,2,2,2,32,-2,-2,-2,-2,-2,-2,6464.0,-270.0,-770.0,-761.0,-2710.0,187552.0,1692.0,0.0,9.0,11.0,194541.0,7015.0,1
150000.0,2,1,2,29,-2,-2,-2,-2,-2,-2,2889.0,3469.0,1791.0,570.0,0.0,0.0,3469.0,1791.0,570.0,0.0,0.0,399.0,1
100000.0,1,2,2,25,2,0,0,-2,-2,-1,97614.0,50976.0,-212.0,-212.0,-212.0,138.0,3000.0,0.0,0.0,0.0,500.0,500.0,1
20000.0,1,3,1,32,1,3,2,2,0,0,15598.0,15055.0,16511.0,15953.0,16190.0,16777.0,0.0,2000.0,0.0,800.0,1000.0,1000.0,1
230000.0,1,2,2,31,0,0,0,0,0,0,14529.0,16597.0,18968.0,21435.0,27151.0,26815.0,5500.0,3000.0,4000.0,8000.0,4000.0,5000.0,1
300000.0,2,1,2,28,2,-1,-1,0,0,-2,1314.0,168.0,1080.0,1080.0,0.0,0.0,170.0,1080.0,0.0,0.0,0.0,2500.0,1
70000.0,2,2,2,25,2,0,0,0,2,2,19112.0,20115.0,20837.0,22986.0,22319.0,23952.0,1629.0,1351.0,2500.0,0.0,2000.0,0.0,1
50000.0,2,2,2,22,1,2,0,0,0,0,44980.0,41140.0,31888.0,28639.0,26737.0,24784.0,7.0,1580.0,1621.0,1020.0,2473.0,1079.0,1
100000.0,2,1,2,29,3,2,0,0,2,0,87791.0,85548.0,85391.0,50605.0,49666.0,50689.0,0.0,2500.0,5864.0,0.0,2000.0,2000.0,1
180000.0,2,1,2,35,1,-2,-2,-2,-2,-2,-18.0,-18.0,-18.0,-18.0,-18.0,-18.0,0.0,0.0,0.0,0.0,0.0,0.0,1
130000.0,2,1,2,30,2,0,0,2,0,0,112822.0,115526.0,123658.0,120259.0,121205.0,124778.0,4527.0,10122.0,1.0,4355.0,8918.0,0.0,1
120000.0,2,1,2,37,2,2,2,2,2,2,744.0,744.0,744.0,744.0,1188.0,594.0,444.0,444.0,444.0,888.0,0.0,888.0,1
20000.0,1,2,3,47,-1,-1,2,2,-1,-1,390.0,780.0,390.0,0.0,780.0,0.0,780.0,0.0,0.0,780.0,0.0,0.0,1
130000.0,2,3,1,39,0,0,2,0,0,0,91982.0,99328.0,96898.0,97990.0,100160.0,102190.0,8900.0,0.0,3600.0,3800.0,3800.0,5000.0,1
70000.0,2,1,2,25,0,0,0,0,0,0,66738.0,68601.0,65615.0,66429.0,67858.0,69723.0,3005.0,3000.0,2500.0,2500.0,3000.0,1400.0,1
120000.0,2,1,1,47,-1,-1,3,2,0,0,632.0,948.0,948.0,632.0,632.0,316.0,948.0,0.0,0.0,316.0,0.0,466.0,1
130000.0,1,3,1,45,-1,-1,-1,-1,-1,-1,1475.0,1826.0,2831.0,2756.0,1585.0,1215.0,1826.0,2831.0,2756.0,1585.0,1215.0,2402.0,1
80000.0,2,2,2,24,2,2,2,2,2,2,22453.0,23787.0,23124.0,26700.0,27064.0,27685.0,2000.0,0.0,4300.0,1100.0,1200.0,0.0,1
340000.0,1,2,1,31,0,0,0,0,0,0,63098.0,64417.0,65752.0,69639.0,80057.0,83713.0,2338.0,2406.0,5000.0,11610.0,5000.0,2971.0,1
80000.0,2,2,2,25,1,2,0,0,2,0,31040.0,30259.0,31712.0,33734.0,29822.0,30966.0,0.0,2000.0,2444.0,0.0,3000.0,1000.0,1
20000.0,1,2,2,33,0,0,0,0,0,-1,8488.0,10179.0,11901.0,11901.0,9336.0,9054.0,2000.0,2000.0,0.0,0.0,9054.0,2000.0,1
50000.0,1,2,1,54,2,2,2,2,2,2,48556.0,49240.0,48647.0,36411.0,32087.0,22909.0,1804.0,2045.0,1314.0,1268.0,0.0,2436.0,1
100000.0,2,2,1,42,2,2,0,0,0,0,101494.0,98994.0,96845.0,97037.0,93480.0,95516.0,13.0,3709.0,4000.0,3500.0,3600.0,3500.0,1
80000.0,1,2,1,36,0,0,0,0,0,0,77870.0,79472.0,81757.0,77200.0,77669.0,79667.0,2900.0,3900.0,2750.0,2800.0,3200.0,2964.0,1
70000.0,1,3,2,32,0,0,0,0,0,0,65460.0,65721.0,45492.0,45482.0,46371.0,47603.0,2352.0,2030.0,1800.0,2000.0,2000.0,2000.0,1
120000.0,2,1,2,30,-1,2,-1,-1,-1,-1,330.0,165.0,165.0,0.0,165.0,0.0,0.0,165.0,0.0,165.0,0.0,0.0,1
150000.0,2,2,2,28,2,2,2,2,2,2,137564.0,137327.0,146648.0,147865.0,149356.0,145262.0,3500.0,13000.0,5200.0,5300.0,400.0,5000.0,1
20000.0,2,1,2,23,-1,-1,-1,-1,-1,-1,1174.0,1283.0,0.0,2616.0,600.0,0.0,1283.0,0.0,2616.0,600.0,780.0,1398.0,1
80000.0,1,2,2,26,2,0,0,0,0,0,14029.0,15493.0,16630.0,17055.0,17629.0,18186.0,2000.0,1700.0,1000.0,1000.0,1000.0,1000.0,1
200000.0,2,2,1,45,0,0,0,0,0,0,193641.0,121830.0,122181.0,121888.0,66771.0,65495.0,4543.0,5000.0,4500.0,3100.0,3000.0,1300.0,1
180000.0,2,3,1,43,1,-1,-1,-1,-1,-1,0.0,2602.0,498.0,498.0,1835.0,11337.0,2602.0,498.0,498.0,1835.0,10000.0,380.0,1
30000.0,2,2,1,49,0,0,0,2,0,0,2273.0,2127.0,2552.0,1992.0,1583.0,1320.0,2000.0,1300.0,0.0,0.0,150.0,0.0,1
80000.0,1,2,2,39,3,2,0,0,0,0,75635.0,73830.0,74968.0,23867.0,23130.0,0.0,0.0,2968.0,1867.0,463.0,0.0,0.0,1
30000.0,1,1,2,24,-1,2,0,0,3,2,18199.0,17618.0,18631.0,21319.0,20692.0,21201.0,0.0,1312.0,3000.0,0.0,1000.0,1000.0,1
30000.0,1,1,1,37,1,2,2,0,0,2,20829.0,22689.0,22043.0,23367.0,24983.0,25437.0,2500.0,0.0,2000.0,2000.0,1000.0,0.0,1
10000.0,1,2,2,24,0,0,0,0,2,0,9035.0,5845.0,6793.0,8668.0,8382.0,8595.0,1300.0,1200.0,2000.0,0.0,500.0,396.0,1
70000.0,1,2,1,48,0,0,0,0,0,-1,50927.0,39883.0,32017.0,17630.0,9730.0,6400.0,2100.0,1217.0,500.0,0.0,6400.0,4590.0,1
20000.0,1,2,2,43,2,0,0,2,2,2,9286.0,10176.0,12298.0,11809.0,12333.0,11986.0,1200.0,2300.0,0.0,1015.0,0.0,1900.0,1
80000.0,2,2,1,32,-1,-1,-1,-1,-1,-1,199.0,199.0,199.0,199.0,0.0,22109.0,199.0,199.0,199.0,0.0,22109.0,45352.0,1
120000.0,2,1,2,35,2,2,2,2,0,0,110581.0,104687.0,112279.0,108089.0,88594.0,87630.0,0.0,10800.0,0.0,3500.0,3400.0,3500.0,1
160000.0,1,3,1,42,2,0,0,0,0,0,139983.0,125833.0,127815.0,130023.0,98604.0,101650.0,6000.0,5500.0,5000.0,3000.0,4000.0,3000.0,1
450000.0,2,2,1,37,-1,-1,-1,-1,-1,-1,1212.0,791.0,2663.0,783.0,1730.0,-51443.0,1032.0,2663.0,783.0,1730.0,0.0,70803.0,1
20000.0,2,2,1,30,0,0,0,-1,-1,-2,18354.0,16419.0,10419.0,780.0,0.0,0.0,1225.0,1015.0,780.0,0.0,0.0,0.0,1
50000.0,2,1,2,23,2,2,2,2,2,2,44609.0,44579.0,46573.0,47510.0,48425.0,49502.0,1000.0,3000.0,2000.0,2000.0,2000.0,0.0,1
150000.0,1,1,1,35,2,0,0,0,0,0,165441.0,160292.0,153981.0,129725.0,103050.0,54447.0,7300.0,6100.0,5100.0,4200.0,1900.0,1600.0,1
30000.0,2,3,2,24,2,2,0,0,2,2,31073.0,30279.0,30428.0,30485.0,31012.0,30402.0,0.0,1500.0,2700.0,1300.0,0.0,1117.0,1
50000.0,1,1,2,24,0,0,0,0,0,0,50716.0,50606.0,33265.0,29300.0,20703.0,30101.0,3029.0,2000.0,1021.0,1004.0,10000.0,2500.0,1
200000.0,2,1,2,31,1,-2,-2,-2,-2,-2,0.0,0.0,0.0,0.0,0.0,0.0,0.0,0.0,0.0,0.0,0.0,0.0,1
210000.0,1,1,2,27,1,-1,-1,-1,-1,-1,0.0,582.0,0.0,582.0,291.0,1027.0,582.0,0.0,582.0,291.0,1027.0,291.0,1
30000.0,1,1,2,25,2,-1,2,-1,-1,-1,581.0,1312.0,731.0,7300.0,6071.0,7849.0,1312.0,0.0,7300.0,6071.0,8000.0,16000.0,1
100000.0,2,2,1,27,-1,2,-1,2,0,0,667.0,667.0,6637.0,6300.0,12300.0,0.0,0.0,6637.0,0.0,6000.0,0.0,3022.0,1
360000.0,2,2,2,27,0,0,0,0,0,0,238971.0,245515.0,248969.0,253896.0,259403.0,264352.0,10381.0,9036.0,9066.0,9576.0,9426.0,9435.0,1
20000.0,1,3,3,59,2,0,0,0,0,0,15281.0,16316.0,17347.0,18055.0,18755.0,20299.0,1596.0,1600.0,1300.0,1000.0,2000.0,0.0,1
550000.0,2,2,1,32,0,0,0,0,0,0,546741.0,535509.0,548020.0,530672.0,155083.0,165975.0,22863.0,167622.0,14000.0,4300.0,158064.0,28840.0,1
50000.0,2,2,2,26,1,2,2,2,2,-2,49119.0,44419.0,42521.0,38517.0,19221.0,19774.0,0.0,3213.0,1331.0,1000.0,1000.0,1100.0,1
60000.0,2,2,1,27,0,0,0,0,0,0,54900.0,55948.0,55188.0,55960.0,56564.0,57464.0,1971.0,2000.0,2003.0,2003.0,2070.0,2140.0,1
80000.0,1,4,1,54,0,0,0,0,0,0,61454.0,61808.0,62290.0,29296.0,26210.0,17643.0,2545.0,2208.0,1336.0,2232.0,542.0,348.0,1
380000.0,1,1,1,41,-1,-1,-1,-2,-2,-2,3907.0,13253.0,-4.0,-4.0,-4.0,-4.0,13345.0,0.0,0.0,0.0,0.0,0.0,1
50000.0,1,2,1,43,2,2,2,2,2,2,15641.0,15105.0,16545.0,16977.0,16563.0,17688.0,0.0,2000.0,1000.0,0.0,1400.0,0.0,1
50000.0,2,2,2,27,1,2,2,2,2,2,8951.0,8862.0,10061.0,9751.0,11585.0,11250.0,200.0,1500.0,0.0,2000.0,0.0,1600.0,1
70000.0,2,3,1,27,2,2,2,2,2,2,27241.0,30416.0,29628.0,32350.0,33218.0,32532.0,3628.0,0.0,3218.0,1532.0,0.0,2257.0,1
100000.0,1,1,2,37,2,2,0,0,2,2,38604.0,37688.0,38780.0,43592.0,44117.0,45165.0,0.0,2000.0,5800.0,1540.0,1900.0,1700.0,1
280000.0,2,1,2,28,0,-1,-1,-1,-1,-1,7370.0,3395.0,1860.0,2368.0,3343.0,5110.0,3420.0,1865.0,2375.0,3353.0,5124.0,9028.0,1
30000.0,2,2,2,23,-1,0,0,0,0,-1,3226.0,5591.0,6992.0,20412.0,14427.0,5119.0,3596.0,2992.0,16500.0,0.0,5119.0,0.0,1
140000.0,1,1,2,32,0,0,0,0,0,0,130134.0,131475.0,137236.0,121914.0,71210.0,72778.0,5000.0,8000.0,5485.0,5000.0,3000.0,2000.0,1
140000.0,1,2,2,28,2,2,2,2,2,2,12642.0,13740.0,13818.0,13994.0,14222.0,14537.0,1600.0,600.0,700.0,600.0,700.0,600.0,1
120000.0,2,1,1,38,-1,-1,-1,-1,-1,-1,980.0,4000.0,1000.0,0.0,19100.0,0.0,4000.0,1000.0,0.0,19100.0,0.0,0.0,1
160000.0,2,1,2,27,1,-1,0,0,0,0,0.0,11700.0,12829.0,10801.0,10351.0,3366.0,11700.0,12014.0,8000.0,5000.0,0.0,1263.0,1
10000.0,1,2,2,24,3,2,2,3,3,3,1050.0,1050.0,1050.0,1050.0,1050.0,1050.0,0.0,0.0,0.0,0.0,0.0,0.0,1
20000.0,1,2,1,55,0,0,0,0,0,0,16734.0,17748.0,18384.0,18976.0,18955.0,18983.0,1300.0,1314.0,1296.0,665.0,710.0,693.0,1
230000.0,2,3,1,58,-2,-2,-2,-2,-2,-2,316.0,316.0,2310.0,316.0,316.0,316.0,316.0,2310.0,316.0,316.0,316.0,316.0,1
10000.0,1,2,2,47,-1,-1,-1,-1,-1,0,219.0,9110.0,9797.0,-10433.0,9767.0,9067.0,10400.0,1000.0,0.0,20200.0,200.0,0.0,1
80000.0,1,1,2,26,2,3,2,2,2,2,61851.0,62271.0,63154.0,63519.0,64351.0,67122.0,2000.0,2500.0,2000.0,2000.0,4000.0,2700.0,1
10000.0,2,3,1,47,0,0,0,0,0,0,2855.0,3871.0,4883.0,5053.0,5275.0,0.0,1069.0,1081.0,251.0,375.0,0.0,0.0,1
50000.0,1,3,1,52,1,2,0,0,0,0,32119.0,29498.0,26196.0,23806.0,16818.0,14438.0,0.0,6900.0,0.0,0.0,0.0,0.0,1
220000.0,1,1,2,28,0,0,0,0,0,0,221268.0,219545.0,216317.0,181012.0,181435.0,183283.0,8700.0,8500.0,6300.0,6700.0,7200.0,5300.0,1
20000.0,1,1,2,24,0,0,2,2,2,2,15376.0,18010.0,17428.0,18338.0,17905.0,19104.0,3200.0,0.0,1500.0,0.0,1650.0,0.0,1
160000.0,2,2,1,31,3,2,2,0,0,2,166573.0,158760.0,140777.0,136066.0,143005.0,129960.0,2000.0,5000.0,4600.0,14650.0,0.0,5100.0,1
110000.0,2,2,2,29,2,2,4,4,3,2,600.0,600.0,600.0,600.0,300.0,150.0,0.0,0.0,0.0,0.0,0.0,921.0,1
60000.0,1,2,3,46,0,0,2,2,2,2,24677.0,26963.0,28210.0,27473.0,29176.0,28242.0,3000.0,2000.0,0.0,2289.0,0.0,1500.0,1
450000.0,1,1,1,61,-1,0,0,0,0,0,156875.0,154853.0,152936.0,150996.0,149094.0,147297.0,11000.0,11000.0,11000.0,11000.0,11000.0,11000.0,1
480000.0,2,1,1,39,0,0,0,-1,0,0,98569.0,106660.0,400000.0,66270.0,80274.0,82160.0,10620.0,302000.0,66270.0,15000.0,3044.0,30042.0,1
240000.0,2,1,1,40,-2,-2,-2,-2,-2,-2,0.0,0.0,0.0,0.0,0.0,0.0,0.0,0.0,0.0,0.0,0.0,0.0,1
220000.0,2,1,1,41,1,-2,-2,-2,-2,-2,-65.0,-65.0,-65.0,-65.0,-65.0,-200.0,0.0,0.0,0.0,0.0,0.0,0.0,1
220000.0,1,1,1,39,-1,-1,0,-1,-1,-1,875.0,1093.0,3572.0,7330.0,0.0,3995.0,1093.0,2518.0,7409.0,0.0,3995.0,2028.0,1
20000.0,1,2,2,27,1,-2,-2,-2,-2,-2,0.0,0.0,0.0,0.0,0.0,0.0,0.0,0.0,0.0,0.0,0.0,0.0,1
200000.0,1,1,1,39,0,0,0,0,0,2,132589.0,135286.0,139725.0,142605.0,149894.0,153054.0,4900.0,6600.0,6700.0,11200.0,5700.0,5900.0,1
140000.0,1,2,1,28,-1,-1,-1,2,-1,-1,6007.0,7332.0,7983.0,3277.0,2964.0,4791.0,7340.0,7983.0,0.0,2964.0,4800.0,2353.0,1
190000.0,2,1,1,39,2,2,0,0,0,0,171462.0,163148.0,165281.0,173231.0,132145.0,146854.0,0.0,10000.0,15000.0,10091.0,20000.0,10000.0,1
80000.0,2,2,2,25,1,2,0,0,0,0,50120.0,49013.0,50051.0,51123.0,52175.0,53337.0,0.0,1828.0,1900.0,1900.0,2000.0,4300.0,1
150000.0,2,2,2,36,0,0,0,0,0,0,134797.0,138269.0,144163.0,146171.0,136004.0,138903.0,5600.0,8000.0,5775.0,5000.0,5200.0,3320.0,1
210000.0,2,1,1,43,1,-2,-2,-2,-2,-2,0.0,0.0,0.0,0.0,0.0,0.0,0.0,0.0,0.0,0.0,0.0,0.0,1
180000.0,2,3,1,61,0,0,0,0,0,0,20554.0,21560.0,22587.0,23599.0,24069.0,24573.0,1353.0,1380.0,1392.0,862.0,892.0,1000.0,1
120000.0,2,2,1,40,1,2,3,2,3,2,57816.0,62139.0,60584.0,63871.0,62251.0,63443.0,5900.0,0.0,4900.0,0.0,2500.0,2500.0,1
50000.0,2,3,1,46,2,2,2,2,0,0,46677.0,48101.0,49060.0,47086.0,9306.0,8962.0,2500.0,2400.0,4.0,503.0,1109.0,703.0,1
120000.0,1,1,2,34,1,2,2,-1,-1,-1,650.0,625.0,300.0,475.0,300.0,325.0,300.0,0.0,500.0,300.0,500.0,300.0,1
100000.0,1,2,1,41,2,2,2,2,2,2,68786.0,69604.0,67887.0,72744.0,73932.0,75560.0,2500.0,0.0,6000.0,2500.0,3000.0,3000.0,1
70000.0,2,2,2,25,0,0,0,0,2,2,73939.0,70488.0,51152.0,35122.0,28633.0,28039.0,3000.0,2000.0,4500.0,1200.0,0.0,1200.0,1
290000.0,2,2,1,29,2,0,0,0,0,0,112676.0,113924.0,116828.0,119857.0,122243.0,124885.0,4500.0,4630.0,4857.0,4251.0,4485.0,4493.0,1
360000.0,1,1,1,51,0,0,0,0,0,0,346225.0,353200.0,337593.0,341528.0,350949.0,355869.0,14562.0,13806.0,12303.0,15005.0,13729.0,7700.0,1
50000.0,2,2,1,50,0,0,0,-1,-1,-1,48119.0,48318.0,21750.0,4387.0,4392.0,9493.0,1554.0,1028.0,4387.0,4392.0,9493.0,492.0,1
50000.0,2,2,2,33,2,0,0,0,0,0,27752.0,28787.0,29800.0,30393.0,31031.0,33020.0,1487.0,1500.0,1081.0,1121.0,2500.0,0.0,1
20000.0,2,1,1,30,2,2,2,0,0,0,5766.0,7511.0,7678.0,7318.0,7458.0,7598.0,2000.0,500.0,0.0,500.0,500.0,0.0,1
50000.0,1,1,2,26,2,2,-1,0,0,0,2467.0,-368.0,1465.0,2282.0,2397.0,2470.0,0.0,2000.0,1000.0,300.0,300.0,2000.0,1
10000.0,2,3,2,50,3,2,2,2,2,2,600.0,600.0,600.0,600.0,600.0,2050.0,0.0,0.0,0.0,0.0,1450.0,0.0,1
200000.0,1,1,1,58,-2,-2,-2,-2,-2,-2,0.0,0.0,0.0,0.0,0.0,0.0,0.0,0.0,0.0,0.0,0.0,0.0,1
80000.0,1,4,1,41,0,0,0,0,0,-1,165578.0,153033.0,133017.0,19164.0,3272.0,11766.0,4351.0,3520.0,1000.0,3272.0,11766.0,1740.0,1
60000.0,2,3,1,55,3,2,0,0,0,0,74786.0,71575.0,63821.0,63719.0,63807.0,57482.0,0.0,9400.0,2271.0,2425.0,2087.0,2142.0,1
20000.0,1,3,3,48,1,-2,-1,0,0,0,-739.0,-5978.0,16089.0,14457.0,20106.0,10258.0,0.0,42400.0,289.0,201.0,410.0,0.0,1
200000.0,1,1,2,27,0,0,2,0,0,0,186778.0,206582.0,201714.0,177469.0,184502.0,191529.0,23000.0,157.0,10000.0,10000.0,10000.0,17000.0,1
50000.0,1,3,1,55,0,0,0,2,2,-2,50805.0,50690.0,51393.0,49949.0,21942.0,19826.0,1750.0,5600.0,34.0,10600.0,712.0,729.0,1
240000.0,2,2,1,56,3,2,2,-2,-2,-2,2500.0,2500.0,0.0,0.0,0.0,0.0,0.0,0.0,0.0,0.0,0.0,0.0,1
120000.0,2,2,1,31,0,0,0,0,2,2,46736.0,75853.0,79570.0,106523.0,108614.0,107519.0,30000.0,5000.0,30000.0,3900.0,4000.0,3800.0,1
50000.0,2,2,1,30,-1,-1,-2,-2,-2,-2,1500.0,0.0,0.0,0.0,0.0,0.0,0.0,0.0,0.0,0.0,0.0,0.0,1
500000.0,1,1,2,36,-2,-2,-2,-2,-2,-2,45106.0,81264.0,18122.0,27229.0,21462.0,27911.0,81690.0,18225.0,27365.0,21570.0,28050.0,17397.0,1
70000.0,2,3,1,49,2,2,2,2,2,2,19954.0,21024.0,21790.0,21142.0,23772.0,24930.0,1700.0,1400.0,0.0,3000.0,1700.0,1340.0,1
210000.0,2,2,1,50,-1,-1,-1,-1,-1,-1,390.0,390.0,390.0,390.0,390.0,150.0,390.0,390.0,390.0,390.0,150.0,780.0,1
50000.0,2,1,2,24,0,0,2,0,0,0,48483.0,52167.0,51052.0,50116.0,20181.0,19702.0,4500.0,0.0,2000.0,19000.0,1000.0,800.0,1
20000.0,1,2,2,36,0,0,0,0,0,-2,15198.0,19590.0,18514.0,30382.0,0.0,0.0,5000.0,2000.0,1000.0,6000.0,0.0,0.0,1
230000.0,2,1,2,34,-1,2,-1,-1,2,-1,907.0,591.0,119.0,699.0,383.0,32774.0,0.0,1000.0,1000.0,0.0,33500.0,3000.0,1
100000.0,2,3,3,51,1,-2,-2,-2,-2,-2,0.0,0.0,0.0,0.0,0.0,0.0,0.0,0.0,0.0,0.0,0.0,0.0,1
140000.0,1,1,2,43,0,0,0,0,0,0,138859.0,141393.0,135784.0,136258.0,137747.0,138593.0,5100.0,4779.0,6000.0,6000.0,6000.0,5200.0,1
50000.0,1,2,2,28,0,0,0,0,0,0,45622.0,47061.0,48264.0,27806.0,24901.0,25441.0,2500.0,2500.0,2000.0,2000.0,941.0,3113.0,1
20000.0,1,2,2,24,0,0,2,0,0,-1,12549.0,11552.0,6622.0,6232.0,390.0,930.0,2319.0,0.0,0.0,0.0,930.0,0.0,1
20000.0,1,2,2,22,3,2,2,2,3,2,16132.0,16562.0,19279.0,20663.0,20043.0,19584.0,1000.0,3000.0,2000.0,0.0,0.0,1803.0,1
20000.0,2,2,1,59,1,2,0,0,0,-2,19328.0,18711.0,17657.0,20000.0,0.0,0.0,0.0,1700.0,3000.0,0.0,0.0,0.0,1
120000.0,1,2,2,32,1,2,2,2,2,2,60316.0,61763.0,63154.0,64524.0,66345.0,68104.0,3000.0,3000.0,3000.0,3000.0,3000.0,0.0,1
100000.0,2,3,1,29,4,3,2,0,0,-1,175441.0,153992.0,132132.0,114431.0,116766.0,95961.0,0.0,0.0,0.0,2335.0,102075.0,0.0,1
250000.0,1,1,1,36,-1,-1,-1,-1,0,0,5992.0,0.0,1400.0,79181.0,29172.0,14816.0,0.0,1400.0,79181.0,10000.0,0.0,4176.0,1
320000.0,2,1,2,27,2,0,0,0,0,2,253197.0,258621.0,262825.0,268326.0,284625.0,290787.0,11000.0,10000.0,9876.0,20900.0,11000.0,0.0,1
10000.0,1,2,1,42,2,2,3,2,2,2,4770.0,9182.0,8893.0,8928.0,9586.0,9294.0,4505.0,0.0,334.0,801.0,0.0,1487.0,1
70000.0,2,2,1,33,0,0,0,0,0,0,69418.0,68943.0,38783.0,3758.0,1261.0,0.0,2382.0,2025.0,1000.0,25.0,0.0,1651.0,1
20000.0,1,3,2,52,2,0,0,0,0,0,14038.0,13568.0,14630.0,27408.0,13984.0,0.0,1338.0,1400.0,274.0,560.0,0.0,0.0,1
170000.0,2,1,2,32,1,-2,-2,-2,-1,-1,0.0,0.0,0.0,0.0,500.0,500.0,0.0,0.0,0.0,500.0,500.0,500.0,1
150000.0,2,1,2,25,3,3,2,2,2,2,147260.0,148157.0,146844.0,145037.0,145349.0,145506.0,8100.0,5202.0,5300.0,5300.0,5300.0,5500.0,1
120000.0,2,2,1,36,1,-2,-1,-1,-2,-2,0.0,0.0,1100.0,0.0,0.0,0.0,0.0,1100.0,0.0,0.0,0.0,0.0,1
20000.0,1,3,1,26,2,3,2,3,2,0,10449.0,10135.0,11926.0,11448.0,10970.0,11636.0,0.0,2100.0,0.0,0.0,1000.0,1000.0,1
500000.0,1,1,2,42,2,0,0,0,0,0,419352.0,428101.0,436809.0,443840.0,452841.0,468305.0,17008.0,17326.0,16101.0,16634.0,23501.0,20623.0,1
360000.0,1,1,2,28,-1,-1,-1,0,0,-1,1210.0,820.0,64644.0,125984.0,106584.0,125557.0,390.0,75720.0,62520.0,17000.0,132200.0,167000.0,1
230000.0,2,2,1,39,-2,-2,-2,-2,-2,-2,0.0,0.0,0.0,0.0,0.0,0.0,0.0,0.0,0.0,0.0,0.0,0.0,1
20000.0,2,1,2,24,2,2,0,0,0,2,14750.0,14229.0,16438.0,16770.0,17995.0,17556.0,0.0,2773.0,605.0,1500.0,0.0,1456.0,1
100000.0,2,2,1,40,1,2,2,-1,0,-1,4535.0,3546.0,-2106.0,8538.0,390.0,150.0,0.0,0.0,10644.0,0.0,150.0,780.0,1
50000.0,2,3,1,31,1,2,2,2,2,2,38102.0,40025.0,40071.0,40906.0,42100.0,41269.0,2830.0,1000.0,1800.0,2000.0,0.0,1704.0,1
70000.0,2,2,1,27,2,0,0,0,0,0,76062.0,73367.0,70935.0,52943.0,50971.0,50681.0,3000.0,3500.0,5450.0,5900.0,3100.0,2650.0,1
460000.0,2,2,1,50,0,0,0,0,0,0,581319.0,552144.0,523423.0,493548.0,429966.0,427216.0,19141.0,19141.0,20141.0,14642.0,31549.0,15522.0,1
30000.0,1,2,2,30,2,0,0,0,2,2,21326.0,20425.0,20135.0,19529.0,17428.0,25227.0,1400.0,1700.0,1679.0,0.0,10000.0,0.0,1
400000.0,1,1,2,36,-2,-2,-2,-2,-2,-2,0.0,0.0,0.0,0.0,0.0,0.0,0.0,0.0,0.0,0.0,0.0,0.0,1
230000.0,2,2,2,43,2,2,2,2,2,3,206245.0,215936.0,221001.0,220886.0,239299.0,237297.0,13126.0,10000.0,5000.0,23700.0,2000.0,3.0,1
350000.0,2,1,2,44,2,3,2,2,2,2,309250.0,314607.0,322032.0,327193.0,333278.0,340791.0,12000.0,14000.0,12000.0,13000.0,13000.0,13000.0,1
50000.0,2,3,1,32,1,2,2,2,0,0,45652.0,44646.0,47619.0,46455.0,47432.0,48442.0,0.0,4000.0,0.0,1432.0,3100.0,0.0,1
150000.0,2,3,2,32,0,0,0,0,0,0,113932.0,87187.0,81491.0,77078.0,66927.0,50881.0,2500.0,3000.0,2000.0,5000.0,5055.0,5000.0,1
40000.0,2,2,2,24,1,2,0,0,2,2,36890.0,36023.0,36993.0,38427.0,39875.0,39272.0,0.0,1989.0,2423.0,2000.0,0.0,1000.0,1
420000.0,2,2,1,34,0,0,0,0,0,-1,158471.0,44131.0,32423.0,18824.0,0.0,21082.0,1644.0,1436.0,1000.0,0.0,21082.0,228548.0,1
220000.0,2,2,1,48,0,0,0,0,0,0,28132.0,30362.0,31387.0,32559.0,35019.0,37422.0,2700.0,1534.0,1700.0,3000.0,3000.0,3000.0,1
200000.0,2,2,3,40,0,0,0,-1,0,-1,118728.0,110699.0,61827.0,35902.0,326.0,1446.0,4895.0,3927.0,35955.0,0.0,5826.0,4706.0,1
200000.0,2,3,2,49,1,-2,-1,-1,-1,-2,0.0,0.0,3614.0,714.0,0.0,0.0,0.0,3614.0,721.0,0.0,0.0,6728.0,1
180000.0,1,2,1,53,0,0,0,0,0,0,173481.0,176308.0,179878.0,182005.0,175016.0,178293.0,7900.0,8000.0,7000.0,6565.0,6800.0,6100.0,1
150000.0,2,1,2,32,1,-1,-1,-1,0,-1,0.0,258.0,44476.0,18547.0,32581.0,95780.0,258.0,44476.0,18547.0,17000.0,95780.0,99983.0,1
150000.0,2,3,1,35,0,0,0,0,0,0,89604.0,97129.0,98795.0,98925.0,100017.0,99607.0,10000.0,4275.0,3550.0,3750.0,3600.0,3100.0,1
80000.0,1,3,2,34,0,0,0,0,0,2,72463.0,77862.0,78520.0,69750.0,48707.0,47418.0,7000.0,3000.0,3000.0,3600.0,0.0,2000.0,1
300000.0,2,1,2,32,-2,-2,-2,-2,-2,-2,880.0,788.0,10742.0,1349.0,10522.0,0.0,788.0,10774.0,1353.0,10522.0,0.0,3376.0,1
460000.0,1,1,1,41,-1,-1,-1,-1,-1,-1,5383.0,40004.0,0.0,650.0,0.0,2232.0,40134.0,0.0,650.0,0.0,2232.0,3208.0,1
50000.0,2,1,2,22,-1,0,0,0,0,0,45107.0,30617.0,22324.0,18587.0,20316.0,18271.0,2000.0,2000.0,1000.0,2000.0,1000.0,2950.0,1
410000.0,1,1,1,34,-1,0,0,0,0,-1,109256.0,15134.0,5063.0,1019.0,14585.0,5370.0,15000.0,4867.0,803.0,14436.0,5396.0,875.0,1
230000.0,2,1,2,49,2,2,-1,-1,-1,-1,113.0,0.0,1100.0,0.0,2119.0,0.0,0.0,1100.0,0.0,2119.0,0.0,2916.0,1
140000.0,1,2,2,44,2,0,0,0,0,0,84371.0,85119.0,86901.0,89583.0,90432.0,92332.0,3046.0,3153.0,4126.0,3231.0,3351.0,3400.0,1
10000.0,1,1,2,23,-1,2,-1,-1,-1,-1,780.0,390.0,390.0,0.0,780.0,0.0,0.0,390.0,0.0,780.0,0.0,0.0,1
30000.0,2,3,2,24,1,2,0,0,0,0,18103.0,18418.0,19270.0,19810.0,19583.0,20231.0,900.0,1215.0,755.0,639.0,1200.0,243.0,1
30000.0,2,2,2,24,1,2,2,2,2,2,25193.0,24490.0,27474.0,27926.0,27189.0,28604.0,0.0,3400.0,1200.0,0.0,2500.0,1000.0,1
260000.0,2,2,1,39,2,0,0,2,2,2,136007.0,139215.0,146127.0,143637.0,154531.0,147016.0,5400.0,9500.0,0.0,12766.0,0.0,0.0,1
30000.0,1,3,1,28,2,2,2,2,2,4,23848.0,23873.0,24182.0,26022.0,27462.0,27531.0,700.0,1000.0,2550.0,2013.0,1108.0,0.0,1
50000.0,1,2,2,37,1,2,0,0,0,0,28731.0,27985.0,29000.0,29731.0,30400.0,33427.0,0.0,1482.0,1213.0,1300.0,3703.0,0.0,1
10000.0,1,3,2,61,0,0,0,0,0,0,7700.0,8595.0,9273.0,9774.0,9973.0,9638.0,1293.0,1235.0,1000.0,199.0,193.0,197.0,1
210000.0,2,2,2,27,-2,-1,0,0,0,0,542.0,22366.0,23816.0,24303.0,16742.0,3187.0,22366.0,1816.0,1303.0,0.0,0.0,0.0,1
60000.0,1,1,1,38,2,0,0,0,2,2,30013.0,31226.0,32396.0,34657.0,35456.0,34736.0,2000.0,2000.0,2800.0,1500.0,0.0,1500.0,1
80000.0,2,2,1,56,3,2,2,2,2,2,63995.0,65347.0,66705.0,68506.0,69787.0,68844.0,3000.0,3000.0,3500.0,3000.0,300.0,5100.0,1
150000.0,1,2,1,39,0,0,0,2,2,2,76415.0,78836.0,87265.0,85084.0,93323.0,91783.0,4150.0,10575.0,0.0,9717.0,0.0,3300.0,1
300000.0,1,2,2,29,-2,-2,-2,-2,-2,-2,0.0,0.0,0.0,0.0,0.0,0.0,0.0,0.0,0.0,0.0,0.0,0.0,1
30000.0,1,2,2,35,1,3,2,2,2,2,14320.0,13808.0,13289.0,14068.0,14596.0,14212.0,0.0,0.0,1000.0,900.0,0.0,1431.0,1
30000.0,2,2,1,52,2,2,2,2,2,2,18499.0,20391.0,20758.0,21118.0,21632.0,22129.0,2500.0,1000.0,1000.0,1000.0,1000.0,0.0,1
20000.0,2,2,2,39,1,-2,-2,-2,-2,-2,0.0,0.0,0.0,0.0,0.0,0.0,0.0,0.0,0.0,0.0,0.0,0.0,1
50000.0,2,2,2,28,1,3,3,2,2,2,45472.0,47923.0,46898.0,45849.0,48258.0,48341.0,3500.0,0.0,0.0,3500.0,1000.0,3500.0,1
360000.0,2,2,2,28,1,-2,-2,-2,-2,-2,0.0,0.0,0.0,0.0,0.0,0.0,0.0,0.0,0.0,0.0,0.0,0.0,1
30000.0,1,2,2,35,3,2,2,0,0,0,13461.0,14179.0,13654.0,13979.0,15525.0,0.0,1228.0,0.0,553.0,1825.0,0.0,0.0,1
70000.0,1,3,2,27,2,2,2,3,3,2,58009.0,56479.0,63633.0,64500.0,62867.0,64210.0,0.0,8100.0,2500.0,0.0,2500.0,2455.0,1
120000.0,2,2,2,43,2,2,0,0,0,0,124613.0,121211.0,120920.0,47951.0,41563.0,36779.0,0.0,3507.0,2000.0,2500.0,2000.0,1500.0,1
50000.0,1,2,1,53,0,0,0,0,0,0,47750.0,49149.0,47843.0,29018.0,29777.0,28722.0,2180.0,1874.0,1049.0,1237.0,1100.0,1300.0,1
130000.0,2,1,1,37,2,2,2,2,2,2,41795.0,43914.0,44396.0,45365.0,46093.0,47185.0,3100.0,1500.0,2000.0,1600.0,2000.0,2000.0,1
90000.0,1,2,2,35,-1,-1,3,2,-1,-1,941.0,3008.0,1882.0,941.0,266.0,-675.0,3008.0,200.0,0.0,266.0,0.0,3264.0,1
70000.0,2,2,1,39,3,2,2,2,2,2,20392.0,19772.0,22234.0,21579.0,22720.0,23704.0,0.0,3100.0,0.0,1500.0,1500.0,0.0,1
500000.0,1,1,2,43,0,0,0,-1,-1,-1,504644.0,512650.0,0.0,3887.0,0.0,7413.0,22650.0,0.0,3887.0,0.0,7413.0,0.0,1
80000.0,2,2,1,31,0,0,-1,0,-1,-1,3601.0,-876.0,6440.0,2802.0,1290.0,4547.0,9.0,9242.0,0.0,1290.0,4547.0,1850.0,1
90000.0,1,3,3,40,0,0,0,0,0,0,53256.0,53695.0,55426.0,56544.0,57048.0,58421.0,1923.0,2597.0,2637.0,2041.0,2291.0,4824.0,1
130000.0,1,1,2,37,0,0,0,0,0,0,116093.0,100296.0,95053.0,96146.0,98310.0,95726.0,3647.0,4198.0,3490.0,3800.0,3920.0,3447.0,1
300000.0,1,1,2,55,-2,-2,-2,-2,-2,-2,390.0,601.0,4247.0,5484.0,5125.0,1752.0,601.0,4285.0,5500.0,5151.0,1757.0,12918.0,1
250000.0,2,2,1,33,3,2,2,-2,-2,-2,2500.0,2500.0,0.0,0.0,0.0,0.0,0.0,0.0,0.0,0.0,0.0,0.0,1
420000.0,2,1,1,39,0,0,0,0,0,0,298753.0,304964.0,312224.0,315822.0,275393.0,278745.0,13000.0,14000.0,11230.0,10000.0,8091.0,6965.0,1
30000.0,2,3,1,29,2,2,2,2,2,0,26836.0,28894.0,30571.0,31011.0,30389.0,30115.0,2500.0,2670.0,2000.0,0.0,1000.0,1000.0,1
50000.0,1,3,1,51,0,0,0,0,0,0,44147.0,45063.0,36421.0,18759.0,19131.0,19531.0,1785.0,1973.0,1311.0,683.0,707.0,735.0,1
130000.0,2,1,2,26,0,0,0,0,0,0,7852.0,8871.0,9883.0,10079.0,10289.0,10495.0,1152.0,1164.0,360.0,372.0,376.0,540.0,1
80000.0,2,2,2,61,1,-2,-2,-2,-2,-2,0.0,0.0,0.0,0.0,0.0,0.0,0.0,0.0,0.0,0.0,0.0,0.0,1
200000.0,1,2,2,32,2,0,0,0,-2,-2,160106.0,162743.0,81890.0,0.0,0.0,0.0,7600.0,4000.0,0.0,0.0,0.0,0.0,1
10000.0,2,2,2,27,1,2,2,0,0,0,8944.0,9882.0,9538.0,9808.0,8650.0,0.0,1230.0,0.0,500.0,450.0,0.0,0.0,1
150000.0,1,1,2,28,-1,2,2,-2,-2,-2,1111.0,820.0,-311.0,-602.0,-893.0,-1184.0,0.0,0.0,0.0,0.0,0.0,0.0,1
320000.0,1,2,1,41,1,-2,-2,-2,-2,-2,0.0,0.0,0.0,0.0,700.0,860.0,0.0,0.0,0.0,700.0,860.0,2420.0,1
470000.0,2,1,2,30,-2,-1,-1,-2,-1,-1,1689.0,499.0,350.0,2277.0,41523.0,2175.0,499.0,350.0,2277.0,41523.0,2175.0,6351.0,1
50000.0,1,2,2,27,2,2,0,0,0,0,49079.0,47992.0,48502.0,49170.0,49891.0,50570.0,0.0,1842.0,1770.0,1751.0,3894.0,0.0,1
60000.0,1,2,1,31,0,-1,-1,-2,-2,-2,22219.0,140.0,0.0,0.0,0.0,0.0,140.0,0.0,0.0,0.0,0.0,0.0,1
70000.0,1,1,1,42,0,0,0,0,0,0,71255.0,71338.0,71267.0,69813.0,71324.0,71268.0,2800.0,2800.0,2900.0,2800.0,2800.0,2990.0,1
200000.0,1,1,1,41,-1,-1,-1,-1,-1,-1,580.0,580.0,580.0,580.0,580.0,580.0,580.0,580.0,580.0,580.0,580.0,699.0,1
60000.0,1,1,1,38,2,2,2,0,0,2,46389.0,49808.0,48736.0,49525.0,57564.0,56517.0,4200.0,0.0,1900.0,8900.0,0.0,26000.0,1
90000.0,1,1,2,31,2,0,0,0,0,0,90226.0,90378.0,27831.0,28790.0,29087.0,28941.0,2500.0,1500.0,1443.0,1100.0,1042.0,2000.0,1
180000.0,2,1,2,29,-1,-1,-1,-1,-1,-1,326.0,326.0,546.0,546.0,546.0,1225.0,326.0,546.0,546.0,546.0,1225.0,2225.0,1
30000.0,1,2,2,25,0,0,0,0,0,0,26328.0,27470.0,28541.0,28509.0,29265.0,0.0,1868.0,1939.0,907.0,1100.0,0.0,0.0,1
270000.0,1,3,2,38,2,2,2,2,2,2,258442.0,263195.0,268769.0,263144.0,273783.0,239278.0,10350.0,11000.0,0.0,16002.0,111.0,8100.0,1
50000.0,1,2,2,26,1,2,2,2,2,2,31392.0,32976.0,34154.0,33311.0,35246.0,34548.0,2400.0,2000.0,0.0,2800.0,0.0,3100.0,1
70000.0,2,1,2,26,1,2,2,2,2,2,28106.0,30447.0,29659.0,31767.0,31124.0,35511.0,3100.0,0.0,2600.0,0.0,5100.0,1400.0,1
90000.0,2,1,2,31,0,0,2,2,2,2,77278.0,83357.0,85229.0,85939.0,83680.0,89319.0,8000.0,4100.0,3000.0,0.0,7000.0,3100.0,1
80000.0,1,3,2,27,1,-2,-2,-2,-2,-2,0.0,0.0,0.0,0.0,0.0,0.0,0.0,0.0,0.0,0.0,0.0,0.0,1
30000.0,1,3,2,31,0,0,0,0,0,-2,27838.0,28791.0,27788.0,29784.0,0.0,0.0,1703.0,1200.0,2196.0,2500.0,0.0,0.0,1
20000.0,2,1,2,22,0,0,2,-1,0,0,14028.0,16484.0,15800.0,16341.0,16675.0,0.0,3000.0,0.0,16741.0,334.0,0.0,0.0,1
100000.0,1,3,1,30,2,2,2,2,0,0,68436.0,66783.0,74555.0,72759.0,74131.0,75603.0,0.0,9557.0,0.0,2700.0,2707.0,3120.0,1
10000.0,1,2,1,50,2,2,7,7,7,7,2400.0,2400.0,2400.0,2400.0,2400.0,2400.0,0.0,0.0,0.0,0.0,0.0,0.0,1
80000.0,2,2,2,56,0,0,2,0,0,2,57730.0,64934.0,63325.0,67711.0,71984.0,73672.0,8198.0,0.0,5487.0,5429.0,3000.0,2621.0,1
160000.0,1,1,2,25,1,-1,2,2,-2,-2,0.0,10139.0,7858.0,0.0,0.0,0.0,10139.0,0.0,0.0,0.0,0.0,0.0,1
60000.0,1,2,2,40,0,0,0,0,0,0,58123.0,53604.0,54851.0,55742.0,27333.0,27615.0,2000.0,2500.0,2500.0,1000.0,1100.0,1100.0,1
270000.0,2,1,1,37,-1,-1,-1,-1,-1,-1,264.0,264.0,1191.0,3691.0,3445.0,56264.0,264.0,1191.0,3691.0,3445.0,56264.0,953.0,1
210000.0,1,2,2,26,1,-2,-2,-2,-1,3,0.0,0.0,0.0,0.0,1290.0,990.0,0.0,0.0,0.0,1290.0,0.0,0.0,1
50000.0,2,1,2,61,3,2,0,0,-2,-2,60458.0,54438.0,53605.0,0.0,0.0,0.0,0.0,1100.0,0.0,0.0,0.0,0.0,1
400000.0,2,1,1,39,0,-1,-1,-1,0,-1,1991.0,2920.0,1721.0,2018.0,446.0,1068.0,2920.0,2500.0,2018.0,0.0,1068.0,0.0,1
140000.0,1,3,1,47,-1,-1,-1,2,0,0,292.0,396.0,792.0,884.0,488.0,1092.0,500.0,792.0,488.0,0.0,1000.0,0.0,1
40000.0,2,3,1,39,2,2,2,2,2,2,22241.0,23273.0,24204.0,24510.0,24811.0,24274.0,1700.0,1600.0,1000.0,1000.0,0.0,2000.0,1
50000.0,1,2,2,25,0,0,2,2,4,3,28651.0,41897.0,43032.0,47242.0,46212.0,45205.0,14200.0,2100.0,5215.0,0.0,0.0,0.0,1
90000.0,2,1,2,32,1,2,2,0,0,0,32226.0,33255.0,32426.0,32763.0,33602.0,34193.0,1839.0,0.0,1176.0,1367.0,1300.0,4337.0,1
300000.0,1,2,1,38,-1,-1,-1,0,0,-1,374.0,1685.0,1485.0,990.0,495.0,495.0,2000.0,1485.0,0.0,0.0,495.0,495.0,1
50000.0,2,1,2,23,2,2,0,0,2,2,50668.0,46576.0,46225.0,46473.0,45099.0,45116.0,0.0,2120.0,2810.0,1000.0,2083.0,1500.0,1
50000.0,2,2,2,23,2,2,2,3,2,2,31805.0,32988.0,34935.0,34076.0,34685.0,33976.0,2000.0,2800.0,0.0,1300.0,0.0,3700.0,1
50000.0,2,2,1,24,2,0,0,0,0,0,50710.0,45641.0,29259.0,9442.0,9792.0,9684.0,1974.0,1552.0,334.0,498.0,500.0,493.0,1
30000.0,1,2,2,25,2,3,2,2,0,0,21403.0,20766.0,21637.0,22473.0,23312.0,23419.0,0.0,1500.0,1500.0,1500.0,1500.0,1500.0,1
200000.0,1,1,2,29,-1,-1,-1,0,-1,-1,4810.0,0.0,726.0,726.0,495.0,1402.0,0.0,726.0,0.0,495.0,1562.0,1420.0,1
200000.0,1,3,1,54,0,0,0,2,0,0,1749.0,3939.0,7856.0,3640.0,3656.0,6273.0,3000.0,4031.0,5.0,16.0,6005.0,733.0,1
50000.0,1,2,1,57,0,0,2,0,0,0,25551.0,22957.0,18027.0,13836.0,14966.0,13220.0,2733.0,759.0,500.0,6326.0,3259.0,2281.0,1
10000.0,2,2,1,43,0,0,0,0,0,0,4834.0,1803.0,2819.0,3828.0,3905.0,4023.0,1038.0,1054.0,1063.0,140.0,181.0,80.0,1
50000.0,1,2,1,30,4,3,2,0,0,0,49926.0,48840.0,46958.0,47796.0,48800.0,50108.0,0.0,0.0,2000.0,2000.0,2000.0,6000.0,1
380000.0,1,1,1,51,1,-2,-2,-2,-2,-2,0.0,0.0,0.0,0.0,0.0,0.0,0.0,0.0,0.0,0.0,0.0,0.0,1
240000.0,1,3,1,40,2,3,3,2,2,2,213732.0,217347.0,217329.0,211132.0,219202.0,223434.0,8500.0,5000.0,0.0,16000.0,8000.0,0.0,1
70000.0,2,1,1,32,0,0,0,0,0,0,70178.0,71312.0,71314.0,71595.0,70040.0,68927.0,2900.0,2766.0,3648.0,2700.0,2487.0,2600.0,1
50000.0,1,2,2,26,0,0,0,0,0,0,48036.0,46787.0,42011.0,19147.0,2845.0,20041.0,2100.0,1227.0,383.0,2000.0,20000.0,649.0,1
220000.0,1,1,2,29,2,2,2,2,2,2,124820.0,126740.0,121910.0,89608.0,53535.0,36312.0,6300.0,0.0,6000.0,2500.0,0.0,1500.0,1
60000.0,1,3,2,34,-1,-1,-1,-1,-1,-1,326.0,326.0,326.0,326.0,476.0,326.0,326.0,326.0,326.0,476.0,326.0,326.0,1
100000.0,1,2,2,29,2,0,0,0,0,2,43531.0,45103.0,45779.0,46912.0,49715.0,48791.0,2600.0,2200.0,2200.0,3900.0,0.0,6100.0,1
50000.0,2,2,1,38,2,0,0,2,2,2,29989.0,31184.0,33850.0,34495.0,35129.0,35918.0,2000.0,3500.0,1500.0,1500.0,1500.0,1500.0,1
60000.0,1,2,1,56,0,0,0,0,0,0,28842.0,30371.0,31556.0,32345.0,33663.0,34945.0,2000.0,2000.0,1315.0,2000.0,2000.0,2000.0,1
330000.0,1,1,1,37,-2,-2,-2,-1,-1,-1,18807.0,15865.0,34284.0,2780.0,20247.0,1806.0,2087.0,10054.0,2840.0,21101.0,1814.0,1861.0,1
360000.0,2,1,1,41,1,-1,-1,-2,-1,-1,0.0,105.0,0.0,0.0,71.0,77.0,105.0,0.0,0.0,71.0,77.0,100.0,1
70000.0,2,2,1,28,1,3,2,0,0,2,9192.0,8905.0,8611.0,8879.0,9746.0,8710.0,0.0,0.0,400.0,1000.0,0.0,700.0,1
180000.0,2,1,2,33,2,2,2,2,2,2,118656.0,125175.0,126899.0,127336.0,125273.0,134210.0,10000.0,5200.0,4000.0,1500.0,11000.0,1000.0,1
110000.0,1,2,1,30,0,0,3,2,2,2,57503.0,66128.0,64477.0,65413.0,66520.0,68270.0,9600.0,0.0,2600.0,2300.0,3000.0,5200.0,1
50000.0,1,1,2,24,0,0,2,2,2,2,29595.0,31798.0,32979.0,32152.0,34668.0,33961.0,3000.0,2000.0,0.0,3200.0,0.0,1600.0,1
160000.0,1,1,2,30,1,-1,-1,-1,0,-1,0.0,650.0,0.0,650.0,325.0,325.0,650.0,0.0,650.0,0.0,325.0,325.0,1
360000.0,1,2,1,27,3,2,2,0,0,0,245135.0,244583.0,156843.0,63861.0,64437.0,8844.0,8000.0,0.0,2700.0,3000.0,1000.0,1072.0,1
80000.0,1,3,1,38,-1,-1,2,0,-1,2,6270.0,14412.0,12540.0,1261.0,2705.0,1261.0,19421.0,0.0,0.0,2705.0,0.0,1261.0,1
50000.0,2,2,1,43,0,0,0,0,-2,-2,17870.0,9230.0,10000.0,0.0,0.0,0.0,1500.0,1000.0,0.0,0.0,0.0,0.0,1
50000.0,2,2,1,61,3,2,0,0,0,0,52659.0,51213.0,51696.0,50422.0,30145.0,30203.0,4.0,2346.0,2155.0,1046.0,1073.0,1246.0,1
490000.0,1,3,1,51,-1,-1,-1,-1,-1,-1,389.0,376.0,467.0,78.0,399.0,10.0,377.0,481.0,1.0,711.0,1.0,1.0,1
140000.0,2,2,1,36,-1,-1,-1,-1,-1,-1,326.0,501.0,1251.0,0.0,2106.0,652.0,501.0,1251.0,0.0,2106.0,652.0,0.0,1
30000.0,2,2,1,31,-1,2,2,3,2,2,699.0,309.0,-471.0,1479.0,1320.0,930.0,0.0,0.0,1950.0,0.0,390.0,0.0,1
70000.0,2,1,2,34,2,2,2,2,2,2,44347.0,43357.0,46626.0,47562.0,48651.0,49700.0,0.0,4000.0,2000.0,2000.0,2000.0,2000.0,1
140000.0,1,1,1,54,0,0,0,0,0,0,139406.0,140295.0,134000.0,74388.0,92555.0,86993.0,5545.0,4200.0,3105.0,86417.0,3936.0,48390.0,1
130000.0,1,3,3,52,0,0,0,0,0,0,106140.0,69025.0,58860.0,45207.0,41556.0,42455.0,3003.0,2000.0,2000.0,2000.0,1590.0,2000.0,1
160000.0,1,1,1,36,-1,-1,-1,-1,-1,-1,816.0,316.0,316.0,316.0,316.0,316.0,316.0,316.0,316.0,316.0,316.0,316.0,1
260000.0,2,1,2,29,-1,-1,-2,-1,-1,-1,470.0,0.0,0.0,550.0,880.0,1287.0,0.0,0.0,550.0,880.0,1287.0,925.0,1
120000.0,2,2,2,24,2,0,0,0,0,0,67714.0,51385.0,35160.0,13425.0,8517.0,6174.0,2102.0,1021.0,274.0,3001.0,1004.0,4005.0,1
60000.0,2,1,2,31,-1,0,-1,2,2,2,2631.0,3610.0,855.0,111.0,411.0,261.0,2000.0,900.0,0.0,300.0,0.0,6500.0,1
50000.0,1,1,2,38,-1,-1,-1,-1,-1,-1,390.0,770.0,580.0,1380.0,0.0,390.0,770.0,590.0,1400.0,0.0,390.0,390.0,1
60000.0,2,2,1,23,2,2,2,0,0,0,58032.0,61026.0,44438.0,35619.0,30210.0,1527.0,4800.0,0.0,1539.0,1500.0,1527.0,27887.0,1
80000.0,1,1,1,25,0,0,2,2,0,0,48470.0,52374.0,52889.0,51520.0,50741.0,50322.0,4700.0,2000.0,0.0,1800.0,1850.0,1800.0,1
150000.0,2,2,2,23,0,0,0,0,0,0,146480.0,147880.0,146958.0,147218.0,146817.0,103651.0,6380.0,4570.0,4500.0,5000.0,3300.0,1300.0,1
50000.0,2,2,1,29,0,0,2,2,2,0,40117.0,45598.0,44570.0,47133.0,46249.0,47179.0,6138.0,0.0,3618.0,0.0,1850.0,1862.0,1
200000.0,1,2,2,29,3,2,2,4,4,4,2500.0,2500.0,2500.0,2500.0,2500.0,2500.0,0.0,0.0,0.0,0.0,0.0,0.0,1
10000.0,1,1,3,46,0,0,0,0,0,0,6772.0,7790.0,8799.0,8974.0,9162.0,9375.0,1128.0,1137.0,312.0,323.0,356.0,268.0,1
20000.0,1,3,1,45,0,0,2,2,2,2,10574.0,13097.0,12595.0,13157.0,12803.0,13851.0,3010.0,0.0,1070.0,0.0,1260.0,0.0,1
360000.0,2,1,2,25,0,0,0,0,0,-2,279846.0,169426.0,68810.0,12800.0,0.0,0.0,7004.0,1793.0,2757.0,0.0,0.0,0.0,1
110000.0,1,2,1,39,2,3,2,2,2,2,39733.0,38862.0,40995.0,40106.0,42492.0,43197.0,0.0,3000.0,0.0,3300.0,1463.0,0.0,1
50000.0,1,1,3,25,1,-1,2,-1,0,-1,6300.0,3395.0,3180.0,1831.0,1868.0,3300.0,9195.0,0.0,1831.0,37.0,3300.0,289.0,1
120000.0,1,2,1,52,0,0,0,0,0,0,125022.0,127457.0,121408.0,119070.0,121696.0,119138.0,4509.0,9496.0,4252.0,4535.0,4304.0,4536.0,1
200000.0,1,2,1,41,0,0,0,0,0,0,51995.0,52442.0,46472.0,48692.0,50571.0,51756.0,4000.0,2000.0,3000.0,3000.0,2000.0,2000.0,1
100000.0,1,1,2,26,0,-1,0,0,-1,0,1544.0,1049.0,2067.0,1944.0,389.0,1221.0,1100.0,1200.0,1000.0,500.0,1000.0,1000.0,1
260000.0,2,1,1,52,2,2,2,2,-1,-1,150.0,150.0,150.0,150.0,2500.0,0.0,0.0,0.0,0.0,2500.0,0.0,0.0,1
70000.0,2,3,1,30,2,2,2,2,2,2,55352.0,56448.0,57550.0,58008.0,58957.0,60367.0,2600.0,2600.0,2000.0,2500.0,2500.0,2400.0,1
100000.0,1,1,1,37,0,0,0,0,0,0,99516.0,87274.0,96414.0,74161.0,45585.0,40178.0,10184.0,20000.0,5150.0,5000.0,10000.0,10000.0,1
170000.0,2,2,1,52,0,0,0,0,0,0,170133.0,168945.0,160660.0,163652.0,131396.0,130402.0,7620.0,6200.0,10000.0,5100.0,5500.0,5000.0,1
360000.0,1,1,1,37,-2,-2,-2,-2,-2,-2,0.0,0.0,0.0,0.0,0.0,0.0,0.0,0.0,0.0,0.0,0.0,0.0,1
90000.0,2,1,2,24,0,0,0,0,0,0,13141.0,14526.0,15482.0,18219.0,22737.0,23387.0,1600.0,1500.0,3000.0,5000.0,1020.0,764.0,1
80000.0,1,2,1,53,2,2,2,2,0,0,6469.0,8947.0,9853.0,9546.0,9890.0,10479.0,2600.0,1200.0,0.0,503.0,900.0,0.0,1
100000.0,2,1,1,27,1,2,0,0,0,0,77346.0,75513.0,77147.0,78200.0,78393.0,72214.0,0.0,3451.0,3000.0,2841.0,2620.0,2500.0,1
50000.0,1,2,2,25,0,0,0,0,0,2,20636.0,17792.0,17422.0,17273.0,18827.0,16996.0,1604.0,1702.0,1500.0,2004.0,16.0,607.0,1
60000.0,2,2,1,53,-1,-1,-1,-1,-1,-1,390.0,390.0,390.0,390.0,540.0,390.0,390.0,390.0,390.0,540.0,390.0,390.0,1
200000.0,1,1,1,43,2,0,0,0,-2,-2,43272.0,21546.0,4397.0,0.0,0.0,0.0,2000.0,2000.0,0.0,0.0,0.0,0.0,1
20000.0,1,2,2,24,2,2,0,0,2,0,15166.0,14638.0,15582.0,17809.0,17385.0,18437.0,0.0,1500.0,2500.0,0.0,1500.0,1500.0,1
180000.0,2,2,1,27,2,2,0,0,0,0,186895.0,167768.0,125879.0,119283.0,117515.0,109499.0,0.0,6000.0,3663.0,3700.0,3400.0,2771.0,1
500000.0,1,1,2,42,-2,-2,-2,-2,-2,-2,0.0,0.0,0.0,0.0,0.0,0.0,0.0,0.0,0.0,0.0,0.0,0.0,1
80000.0,2,2,1,26,0,0,2,4,3,2,32183.0,34454.0,39559.0,38640.0,37721.0,39965.0,2820.0,6000.0,0.0,0.0,3000.0,0.0,1
110000.0,1,2,1,46,0,0,0,0,2,0,44953.0,47315.0,46997.0,50740.0,49115.0,49529.0,3087.0,1769.0,4512.0,0.0,1930.0,1601.0,1
220000.0,2,2,2,31,2,2,2,2,0,0,182176.0,176797.0,187033.0,171021.0,167789.0,168417.0,0.0,14179.0,0.0,7000.0,10000.0,12000.0,1
340000.0,2,2,2,32,-2,-2,-2,-2,-2,-2,0.0,0.0,2500.0,2500.0,0.0,0.0,0.0,5000.0,0.0,0.0,0.0,0.0,1
160000.0,1,2,2,52,1,2,-1,0,0,0,2259.0,1869.0,12671.0,8315.0,5085.0,4900.0,1310.0,12671.0,166.0,102.0,1100.0,2610.0,1
20000.0,2,2,1,46,4,3,2,3,2,0,15833.0,15286.0,17021.0,16461.0,15901.0,16294.0,0.0,2277.0,0.0,0.0,800.0,1400.0,1
50000.0,1,2,2,40,0,0,0,0,0,0,48331.0,49163.0,49754.0,19169.0,19480.0,19569.0,2300.0,2200.0,1000.0,1000.0,800.0,700.0,1
100000.0,2,2,1,47,-1,-1,-1,-1,-1,-2,6666.0,6666.0,0.0,6270.0,-396.0,-396.0,6666.0,0.0,6270.0,0.0,0.0,0.0,1
120000.0,1,3,1,43,2,3,2,2,2,2,41439.0,42455.0,44872.0,45636.0,46388.0,47398.0,2000.0,3400.0,1800.0,1800.0,1900.0,2059.0,1
40000.0,2,1,2,24,0,0,0,2,2,0,29782.0,32298.0,34610.0,35326.0,23489.0,11762.0,3000.0,3000.0,1500.0,0.0,1000.0,500.0,1
100000.0,1,2,2,45,2,2,2,2,0,0,65781.0,60114.0,59478.0,54336.0,50640.0,49113.0,0.0,4817.0,6.0,1700.0,3650.0,0.0,1
300000.0,1,1,2,31,-1,-1,-1,-1,-1,-1,360.0,360.0,360.0,360.0,980.0,360.0,360.0,360.0,360.0,980.0,360.0,3420.0,1
80000.0,2,2,2,29,2,0,0,0,0,0,77416.0,75500.0,69313.0,67972.0,66800.0,68693.0,2661.0,2509.0,2500.0,3000.0,3000.0,3000.0,1
50000.0,2,3,2,23,2,2,2,2,2,2,41740.0,42755.0,43878.0,42877.0,45701.0,46720.0,2000.0,2100.0,0.0,3850.0,1900.0,1600.0,1
80000.0,2,2,1,36,0,0,0,0,0,0,69760.0,60445.0,50857.0,39813.0,40248.0,40935.0,2500.0,2061.0,1413.0,1460.0,1751.0,1958.0,1
20000.0,2,1,2,25,2,2,0,0,0,0,18446.0,17859.0,18718.0,17009.0,18721.0,20209.0,0.0,1718.0,900.0,2000.0,1800.0,0.0,1
230000.0,1,1,2,40,-2,-2,-2,-2,-2,-2,6514.0,7882.0,162.0,-868.0,-868.0,-868.0,7882.0,162.0,0.0,0.0,0.0,0.0,1
160000.0,2,1,1,28,1,3,2,0,0,0,4529.0,4269.0,1170.0,780.0,780.0,0.0,0.0,0.0,0.0,0.0,0.0,0.0,1
10000.0,2,2,1,40,1,2,2,2,2,2,8481.0,8711.0,6946.0,5863.0,4180.0,4322.0,2000.0,0.0,450.0,0.0,600.0,320.0,1
100000.0,2,2,2,35,-1,-1,-1,-1,-1,0,326.0,2691.0,326.0,326.0,652.0,326.0,2691.0,326.0,326.0,652.0,0.0,326.0,1
200000.0,1,2,2,36,0,0,0,0,0,0,190120.0,194533.0,194175.0,189457.0,187050.0,187082.0,9000.0,9000.0,8000.0,10000.0,8000.0,7000.0,1
30000.0,1,3,1,54,3,3,3,2,0,0,29391.0,30224.0,29472.0,56952.0,28476.0,28296.0,1600.0,0.0,0.0,600.0,600.0,1000.0,1
30000.0,2,3,1,55,0,0,0,0,0,0,10682.0,11399.0,12421.0,13507.0,13782.0,14159.0,1200.0,1214.0,1300.0,500.0,600.0,2900.0,1
120000.0,2,3,1,30,1,2,0,0,0,0,119511.0,116086.0,117580.0,120041.0,80578.0,82280.0,3.0,4351.0,5000.0,3000.0,3000.0,3200.0,1
120000.0,2,3,1,39,2,2,2,2,4,3,49437.0,51505.0,53582.0,58310.0,57150.0,55961.0,3500.0,3500.0,6200.0,358.0,0.0,2100.0,1
110000.0,1,2,1,36,2,2,2,2,2,2,57135.0,55648.0,59518.0,57964.0,66995.0,65762.0,0.0,4803.0,0.0,10000.0,0.0,7195.0,1
10000.0,1,3,1,40,1,2,2,3,2,2,7229.0,6968.0,8881.0,8594.0,8312.0,9241.0,0.0,2035.0,0.0,0.0,1069.0,1000.0,1
50000.0,2,3,1,25,2,2,0,0,0,0,31097.0,30322.0,31142.0,29391.0,30099.0,28041.0,0.0,1833.0,1000.0,1000.0,10000.0,10000.0,1
20000.0,2,2,2,39,4,3,2,0,0,0,11553.0,11081.0,11021.0,11240.0,11476.0,11708.0,0.0,420.0,402.0,417.0,423.0,1472.0,1
60000.0,1,2,2,42,1,2,0,0,0,0,60560.0,56471.0,36057.0,35077.0,69251.0,71478.0,2065.0,1988.0,2500.0,62731.0,3600.0,1600.0,1
500000.0,1,3,1,39,0,-1,-1,-1,-1,-1,32647.0,1832.0,1920.0,21734.0,1837.0,96.0,1832.0,1920.0,21734.0,1837.0,0.0,19637.0,1
90000.0,2,1,2,33,0,0,0,2,2,2,33035.0,34178.0,36133.0,38240.0,37325.0,39725.0,2000.0,2500.0,3000.0,0.0,3000.0,2000.0,1
20000.0,2,2,1,46,1,2,0,0,0,0,13254.0,12749.0,13834.0,14894.0,15050.0,16251.0,0.0,1600.0,1600.0,700.0,1601.0,1620.0,1
30000.0,2,1,1,45,2,0,0,0,0,0,26155.0,27196.0,28445.0,26766.0,27152.0,28355.0,1482.0,1731.0,1742.0,1128.0,1800.0,1200.0,1
90000.0,2,1,2,27,2,0,0,0,0,2,27459.0,28514.0,29733.0,30138.0,33248.0,32564.0,1800.0,2000.0,1200.0,3600.0,0.0,2000.0,1
240000.0,2,3,1,28,0,0,0,0,0,0,230184.0,228640.0,227399.0,200357.0,197198.0,186551.0,9000.0,9000.0,7000.0,7000.0,6512.0,6000.0,1
30000.0,2,1,2,36,1,2,0,0,0,0,25747.0,25048.0,26060.0,26578.0,27133.0,27783.0,0.0,1433.0,951.0,983.0,1099.0,750.0,1
30000.0,2,2,1,35,2,3,2,2,2,2,27223.0,26474.0,25344.0,25634.0,24924.0,26546.0,0.0,2000.0,1000.0,0.0,2026.0,0.0,1
400000.0,2,1,2,29,0,0,2,0,0,0,74829.0,77970.0,70557.0,71867.0,72137.0,72955.0,7017.0,0.0,3200.0,2750.0,3000.0,5800.0,1
180000.0,2,2,2,29,-2,-2,-2,-2,-2,-2,0.0,0.0,4690.0,0.0,150.0,193.0,0.0,4690.0,0.0,150.0,193.0,3403.0,1
190000.0,1,2,1,37,2,-1,0,0,-1,2,2461.0,8040.0,9640.0,0.0,5100.0,2350.0,8040.0,2000.0,0.0,5100.0,0.0,2792.0,1
360000.0,2,3,1,73,-2,-2,-2,-2,-2,-2,0.0,0.0,0.0,0.0,0.0,0.0,0.0,0.0,0.0,0.0,0.0,0.0,1
360000.0,2,2,1,39,-2,-2,-2,-2,-2,-2,4201.0,0.0,0.0,0.0,0.0,0.0,0.0,0.0,0.0,0.0,0.0,0.0,1
100000.0,1,2,2,33,5,4,3,2,2,2,90822.0,88562.0,86256.0,87150.0,85636.0,91007.0,0.0,0.0,3200.0,0.0,6803.0,6950.0,1
160000.0,2,2,1,25,-1,-1,-1,-1,0,0,8030.0,8030.0,8030.0,19069.0,15359.0,10846.0,8030.0,8030.0,19069.0,5359.0,377.0,5877.0,1
160000.0,2,1,2,26,0,0,0,-1,-1,-1,2198.0,11155.0,0.0,12315.0,0.0,11855.0,9155.0,0.0,12315.0,0.0,11855.0,0.0,1
200000.0,1,1,2,29,1,-2,-1,2,0,-1,0.0,0.0,2348.0,1790.0,1790.0,350.0,0.0,2348.0,0.0,0.0,350.0,2570.0,1
20000.0,1,2,1,31,1,2,2,2,2,2,6313.0,6559.0,7789.0,8505.0,9212.0,8922.0,500.0,1500.0,1000.0,1000.0,0.0,400.0,1
60000.0,2,2,2,38,0,0,0,0,0,-1,13138.0,22389.0,16586.0,5516.0,16378.0,2670.0,20000.0,5000.0,3000.0,16000.0,3000.0,980.0,1
60000.0,2,2,1,31,2,2,-1,0,0,0,63201.0,56600.0,54952.0,32094.0,31232.0,30384.0,1132.0,60994.0,1436.0,1047.0,1056.0,1053.0,1
50000.0,1,2,3,48,2,2,2,2,2,0,42850.0,42850.0,45741.0,45694.0,45645.0,46457.0,1000.0,3900.0,1000.0,1000.0,1700.0,4500.0,1
30000.0,2,3,2,24,0,0,0,0,0,0,27276.0,26937.0,26679.0,27779.0,28691.0,29726.0,2000.0,2500.0,2000.0,2000.0,2000.0,2000.0,1
50000.0,1,2,2,32,-1,-1,2,0,0,-1,1473.0,5486.0,3787.0,3246.0,1473.0,390.0,5486.0,0.0,1000.0,0.0,390.0,1090.0,1
60000.0,2,2,1,33,0,0,0,0,0,0,56038.0,54660.0,49907.0,44057.0,27510.0,28086.0,1911.0,1879.0,1500.0,1000.0,1019.0,1500.0,1
20000.0,1,2,1,51,0,0,-2,-2,-2,-2,10400.0,0.0,0.0,0.0,0.0,0.0,0.0,0.0,0.0,0.0,0.0,0.0,1
200000.0,2,1,2,31,-1,-1,-1,-1,-1,-1,4138.0,790.0,1230.0,390.0,390.0,390.0,790.0,1230.0,390.0,390.0,390.0,390.0,1
260000.0,1,1,2,29,0,0,0,0,0,0,256503.0,254732.0,244860.0,245165.0,236120.0,237705.0,9248.0,9021.0,8767.0,8317.0,8736.0,10025.0,1
500000.0,1,1,1,40,-1,-1,-1,-1,-1,-1,11640.0,12831.0,11520.0,12486.0,11609.0,12660.0,12836.0,11525.0,12489.0,11614.0,12665.0,543.0,1
70000.0,2,1,2,24,1,2,2,2,2,2,15932.0,16879.0,16315.0,17099.0,16683.0,18753.0,1500.0,0.0,1355.0,0.0,2353.0,0.0,1
70000.0,2,2,2,30,2,2,2,0,0,2,14232.0,15398.0,14866.0,15611.0,16753.0,16343.0,1700.0,0.0,1300.0,1400.0,0.0,1400.0,1
280000.0,1,3,1,37,0,0,0,0,0,0,271276.0,275970.0,280276.0,188923.0,192333.0,195774.0,16991.0,10447.0,6006.0,6006.0,6147.0,5001.0,1
50000.0,2,1,1,30,1,2,0,0,0,0,49061.0,46783.0,42977.0,36737.0,19865.0,16499.0,1406.0,2000.0,1317.0,700.0,599.0,604.0,1
230000.0,2,2,2,27,1,2,0,0,0,0,13668.0,12647.0,13135.0,10596.0,9218.0,5068.0,0.0,1064.0,423.0,313.0,1000.0,4641.0,1
180000.0,2,2,2,23,0,0,0,0,0,2,178239.0,178856.0,177754.0,178191.0,183051.0,179546.0,7969.0,6379.0,6319.0,10671.0,3000.0,5400.0,1
50000.0,1,2,2,23,0,0,0,0,0,0,48241.0,49445.0,51060.0,50033.0,9298.0,7877.0,2000.0,2412.0,5178.0,5500.0,500.0,500.0,1
50000.0,2,2,2,23,0,0,0,0,0,0,51002.0,50974.0,50021.0,49353.0,30439.0,29890.0,1983.0,2456.0,3288.0,1230.0,1085.0,1252.0,1
120000.0,2,1,2,25,0,0,2,0,0,0,105169.0,109456.0,105810.0,98712.0,84856.0,70059.0,8000.0,3000.0,4100.0,4000.0,3600.0,2000.0,1
140000.0,2,1,2,25,2,0,0,0,0,0,26623.0,28863.0,34049.0,36061.0,40003.0,45423.0,3000.0,6000.0,3000.0,5000.0,6000.0,5000.0,1
150000.0,1,1,1,44,0,0,0,0,0,0,152375.0,122540.0,129558.0,131476.0,133223.0,136004.0,5005.0,10002.0,5018.0,10006.0,7007.0,6000.0,1
20000.0,2,1,2,46,1,2,2,2,0,0,14231.0,14893.0,16160.0,15603.0,15943.0,16286.0,1200.0,1800.0,0.0,600.0,600.0,751.0,1
90000.0,1,3,1,44,1,-2,-2,-2,-2,-2,0.0,0.0,0.0,0.0,0.0,0.0,0.0,0.0,0.0,0.0,0.0,0.0,1
30000.0,2,1,2,23,0,0,0,2,2,0,29047.0,30062.0,29659.0,29274.0,18770.0,13960.0,1508.0,3016.0,1730.0,16.0,1001.0,1000.0,1
20000.0,1,2,2,23,3,2,2,7,7,6,2400.0,2400.0,2400.0,2400.0,2400.0,1800.0,0.0,0.0,0.0,0.0,0.0,0.0,1
260000.0,2,2,2,27,0,0,0,0,0,-1,19713.0,22378.0,24836.0,32816.0,42816.0,8938.0,3000.0,3000.0,10000.0,10000.0,8938.0,2000.0,1
90000.0,2,3,1,53,0,0,0,0,0,0,88363.0,87235.0,88338.0,78994.0,50095.0,48987.0,3200.0,4000.0,2602.0,2000.0,3000.0,2000.0,1
70000.0,2,2,2,25,0,0,2,2,2,4,33390.0,34832.0,35472.0,38369.0,42729.0,41496.0,2000.0,1500.0,3500.0,5300.0,0.0,0.0,1
30000.0,2,1,2,25,-1,2,-1,0,0,0,5285.0,4053.0,1405.0,3844.0,3427.0,417.0,0.0,1405.0,3427.0,0.0,0.0,984.0,1
80000.0,2,3,2,44,0,0,0,2,0,0,45412.0,32091.0,36633.0,35749.0,36353.0,37115.0,1900.0,5400.0,0.0,1500.0,1500.0,1600.0,1
20000.0,2,3,2,28,1,3,6,5,4,3,19109.0,23788.0,23154.0,22520.0,21596.0,20962.0,5000.0,0.0,0.0,0.0,0.0,0.0,1
50000.0,2,1,2,24,0,0,0,0,0,0,33879.0,35211.0,36263.0,37061.0,37943.0,42305.0,1900.0,1918.0,1700.0,1500.0,5000.0,0.0,1
230000.0,2,1,2,44,1,-2,-2,-2,-2,-2,0.0,0.0,0.0,0.0,0.0,0.0,0.0,0.0,0.0,0.0,0.0,0.0,1
50000.0,1,1,2,27,1,-2,-1,2,2,2,0.0,0.0,71.0,71.0,3871.0,3612.0,0.0,71.0,0.0,3800.0,0.0,0.0,1
230000.0,2,1,1,30,2,0,0,0,0,0,63064.0,62725.0,61465.0,57637.0,58172.0,57560.0,2800.0,2158.0,2610.0,2022.0,2064.0,2038.0,1
250000.0,2,1,2,28,2,2,2,0,0,0,21404.0,48774.0,28705.0,32017.0,19052.0,9847.0,28705.0,0.0,4000.0,3000.0,1500.0,1000.0,1
20000.0,1,2,2,23,1,2,4,3,2,2,11113.0,14110.0,13609.0,13102.0,12595.0,14287.0,3500.0,0.0,0.0,0.0,1900.0,0.0,1
10000.0,2,2,1,46,1,2,-1,-1,-1,-1,9841.0,9628.0,4060.0,4530.0,2140.0,1875.0,121.0,4060.0,4530.0,2140.0,1875.0,0.0,1
300000.0,1,1,2,29,1,-2,-2,-2,-2,-2,0.0,0.0,0.0,0.0,0.0,0.0,0.0,0.0,0.0,0.0,0.0,0.0,1
20000.0,2,3,3,44,0,0,2,2,0,0,18126.0,20771.0,20434.0,19874.0,19546.0,0.0,3599.0,1200.0,1000.0,400.0,0.0,0.0,1
10000.0,2,1,2,23,3,2,2,0,0,0,7067.0,8092.0,7820.0,8824.0,8996.0,9182.0,1291.0,0.0,1295.0,467.0,479.0,480.0,1
400000.0,2,1,2,39,-2,-2,-2,-2,-2,-2,0.0,0.0,0.0,0.0,0.0,0.0,0.0,0.0,0.0,0.0,0.0,0.0,1
10000.0,1,2,2,22,1,2,2,2,0,0,7019.0,6760.0,8882.0,8520.0,8694.0,8871.0,0.0,2400.0,0.0,174.0,177.0,181.0,1
50000.0,1,2,2,24,2,0,0,0,0,0,43247.0,45036.0,44384.0,19524.0,35268.0,16099.0,3000.0,1300.0,642.0,612.0,1192.0,600.0,1
350000.0,1,2,1,47,1,2,2,2,2,0,301553.0,287780.0,295141.0,291422.0,279294.0,276594.0,0.0,21300.0,10000.0,0.0,9500.0,9500.0,1
70000.0,2,1,2,34,2,2,2,2,2,2,43357.0,44347.0,43357.0,46626.0,47562.0,48651.0,2000.0,0.0,4000.0,2000.0,2000.0,2000.0,1
360000.0,2,1,1,41,-2,-2,-2,-2,-2,-2,0.0,0.0,0.0,0.0,0.0,0.0,0.0,0.0,0.0,0.0,0.0,0.0,1
110000.0,2,1,2,27,0,0,0,0,0,0,110553.0,108387.0,111427.0,111697.0,111956.0,111325.0,4000.0,4800.0,4300.0,4300.0,4400.0,3874.0,1
50000.0,2,2,2,47,0,0,0,0,0,0,50883.0,51117.0,51125.0,50497.0,50544.0,50555.0,2200.0,5300.0,2000.0,2000.0,2000.0,2000.0,1
190000.0,2,1,2,26,2,0,0,0,0,0,204297.0,106428.0,109736.0,111487.0,114878.0,118541.0,6355.0,6500.0,5000.0,5117.0,5644.0,4767.0,1
70000.0,1,3,1,55,2,2,2,2,2,2,20205.0,22856.0,22202.0,24326.0,23636.0,25350.0,3000.0,0.0,2500.0,0.0,2100.0,1100.0,1
180000.0,2,2,1,38,-1,2,2,-1,0,0,7098.0,4089.0,0.0,8941.0,5181.0,5181.0,0.0,0.0,8941.0,0.0,0.0,0.0,1
120000.0,2,2,1,29,1,2,0,0,0,0,126412.0,120812.0,121895.0,121208.0,121678.0,122067.0,0.0,4600.0,4512.0,4600.0,4600.0,5200.0,1
200000.0,1,1,2,32,1,2,2,2,2,2,18726.0,18141.0,20838.0,20217.0,22896.0,22400.0,0.0,3000.0,0.0,3000.0,0.0,3000.0,1
120000.0,2,1,2,28,0,0,0,2,0,0,75982.0,78213.0,82563.0,78273.0,79914.0,81514.0,3451.0,6275.0,0.0,2898.0,2926.0,6210.0,1
230000.0,2,1,2,31,1,-1,-1,-1,0,-1,-22.0,227.0,3480.0,3555.0,1850.0,1580.0,249.0,3480.0,3555.0,0.0,1580.0,520.0,1
200000.0,2,2,2,29,0,0,0,0,0,0,204134.0,194949.0,153646.0,137087.0,134995.0,135953.0,8000.0,5542.0,5308.0,4587.0,4750.0,4935.0,1
60000.0,2,3,1,44,-1,0,0,0,0,0,63236.0,64683.0,66510.0,58622.0,47317.0,48726.0,2500.0,3000.0,2292.0,1526.0,2000.0,2000.0,1
10000.0,1,2,1,44,0,0,0,0,0,0,6436.0,6398.0,5295.0,5635.0,8735.0,6745.0,3012.0,2000.0,3009.0,4000.0,0.0,0.0,1
100000.0,2,2,2,28,0,-1,2,2,-1,-1,1506.0,89.0,89.0,0.0,356.0,16213.0,89.0,0.0,0.0,356.0,16213.0,0.0,1
20000.0,2,1,2,24,2,-1,2,0,0,0,1015.0,19214.0,15703.0,9914.0,8200.0,11876.0,19214.0,0.0,1000.0,0.0,5000.0,5400.0,1
50000.0,2,3,1,49,2,0,0,0,-2,-2,48297.0,50487.0,51400.0,0.0,0.0,0.0,3000.0,2400.0,0.0,0.0,0.0,0.0,1
360000.0,2,1,2,29,-1,-1,-1,-2,-2,-2,1146.0,2500.0,0.0,0.0,0.0,0.0,2500.0,0.0,0.0,0.0,0.0,0.0,1
100000.0,2,2,1,45,0,0,2,0,0,0,87590.0,103301.0,100818.0,75860.0,77656.0,78274.0,17200.0,247.0,3000.0,3000.0,3000.0,3000.0,1
260000.0,2,1,2,36,1,2,2,2,2,2,2111.0,545.0,2332.0,1277.0,1996.0,1020.0,0.0,2007.0,0.0,1020.0,0.0,923.0,1
40000.0,2,1,2,24,0,0,0,0,2,0,38272.0,39159.0,40007.0,41973.0,40689.0,40640.0,2000.0,2000.0,3100.0,0.0,1500.0,1500.0,1
50000.0,2,2,1,47,2,0,0,2,2,2,10992.0,12047.0,15257.0,15410.0,15917.0,15514.0,1540.0,3750.0,700.0,900.0,0.0,600.0,1
180000.0,2,2,2,33,-1,-1,-1,-1,-1,-1,437.0,0.0,437.0,0.0,4013.0,0.0,0.0,437.0,0.0,4013.0,0.0,1518.0,1
30000.0,2,1,1,23,0,0,0,0,0,0,26669.0,28080.0,28836.0,28812.0,29400.0,30000.0,1844.0,1600.0,576.0,588.0,600.0,0.0,1
30000.0,1,1,1,32,0,0,0,0,0,0,22541.0,19623.0,20606.0,20693.0,21134.0,22435.0,1338.0,1321.0,727.0,761.0,2500.0,1800.0,1
250000.0,2,1,2,28,0,0,0,0,0,0,176925.0,179079.0,186166.0,189786.0,195130.0,198147.0,7000.0,10000.0,10000.0,10000.0,7300.0,8000.0,1
20000.0,2,2,1,42,2,0,0,0,0,0,15552.0,16560.0,17278.0,18289.0,18653.0,19195.0,1575.0,1293.0,1304.0,668.0,843.0,853.0,1
70000.0,1,2,2,29,0,0,3,2,0,0,61762.0,70242.0,68107.0,42630.0,12927.0,27184.0,9500.0,0.0,0.0,1570.0,15184.0,2000.0,1
30000.0,1,2,1,49,-1,-1,2,-1,-1,-2,390.0,1358.0,578.0,340.0,-50.0,-440.0,1936.0,0.0,340.0,0.0,0.0,0.0,1
200000.0,1,1,3,50,3,2,2,2,0,0,176077.0,179769.0,178358.0,177340.0,181281.0,191644.0,8000.0,3000.0,3400.0,6800.0,13600.0,5900.0,1
50000.0,2,3,1,45,2,0,0,0,0,0,47639.0,35495.0,16246.0,14987.0,15298.0,15447.0,1271.0,1242.0,683.0,702.0,553.0,723.0,1
50000.0,2,2,2,28,-1,3,2,-1,0,0,1876.0,1690.0,429.0,4836.0,1170.0,780.0,0.0,0.0,4836.0,0.0,0.0,0.0,1
50000.0,1,2,1,52,1,2,2,2,0,0,50757.0,78196.0,43733.0,85652.0,29775.0,30243.0,0.0,5607.0,16.0,1167.0,1051.0,1165.0,1
90000.0,2,2,2,33,2,2,0,0,2,2,61367.0,59814.0,61816.0,65180.0,63979.0,63733.0,0.0,3000.0,5010.0,0.0,5000.0,0.0,1
50000.0,2,2,2,23,2,0,0,0,0,0,33999.0,34997.0,36030.0,36740.0,37469.0,38254.0,1867.0,1900.0,1610.0,1339.0,1387.0,1395.0,1
50000.0,2,2,2,23,0,0,0,2,0,0,47020.0,48383.0,47231.0,20508.0,20584.0,19625.0,2139.0,2500.0,6.0,2000.0,2000.0,2000.0,1
20000.0,1,3,2,34,-1,-1,2,2,-2,-2,390.0,780.0,780.0,0.0,0.0,0.0,780.0,0.0,0.0,0.0,0.0,0.0,1
240000.0,1,1,1,34,1,-2,-2,-2,-2,-2,0.0,0.0,0.0,0.0,0.0,0.0,0.0,0.0,0.0,0.0,0.0,150.0,1
20000.0,2,3,1,39,1,2,2,2,2,0,8562.0,9478.0,8198.0,9752.0,9447.0,10290.0,1200.0,0.0,1700.0,0.0,1000.0,1500.0,1
230000.0,2,1,2,30,2,2,2,2,2,2,212400.0,216409.0,221419.0,224753.0,228022.0,232724.0,9000.0,10000.0,8500.0,8500.0,8500.0,32000.0,1
110000.0,2,1,2,32,1,-2,-2,-2,-2,-2,0.0,0.0,0.0,0.0,0.0,0.0,0.0,0.0,0.0,0.0,0.0,0.0,1
150000.0,1,3,1,37,4,4,4,3,2,0,151117.0,153787.0,150320.0,147989.0,143355.0,143131.0,6500.0,0.0,512.0,0.0,4388.0,4221.0,1
280000.0,1,1,1,38,-2,-2,-2,-2,-2,-1,101259.0,7224.0,11169.0,2300.0,0.0,10551.0,7259.0,11055.0,2311.0,0.0,10551.0,15000.0,1
160000.0,1,1,1,42,2,2,0,0,2,2,14137.0,13613.0,14634.0,16532.0,15969.0,17701.0,0.0,1247.0,2145.0,0.0,2000.0,0.0,1
30000.0,1,3,2,36,0,0,0,-2,-2,-2,30328.0,29999.0,0.0,0.0,0.0,0.0,1768.0,0.0,0.0,0.0,0.0,0.0,1
500000.0,1,2,1,49,-1,-1,2,-1,-1,-1,1460.0,5594.0,5334.0,1911.0,1774.0,5351.0,5334.0,25.0,1920.0,1783.0,5377.0,237.0,1
20000.0,1,1,1,44,0,0,0,0,0,0,18091.0,17237.0,16419.0,17144.0,17855.0,18567.0,1600.0,1600.0,1300.0,1000.0,1000.0,950.0,1
220000.0,1,1,2,34,-1,-1,-1,-2,-2,-2,17875.0,3431.0,-344.0,-344.0,-601.0,-601.0,3431.0,0.0,0.0,0.0,0.0,0.0,1
50000.0,1,2,1,45,-1,-1,-1,-1,-1,-1,942.0,942.0,942.0,390.0,390.0,390.0,942.0,942.0,390.0,390.0,390.0,0.0,1
60000.0,2,2,2,23,0,0,0,0,0,0,57097.0,58134.0,58647.0,59619.0,57068.0,57668.0,2659.0,2190.0,2078.0,2002.0,2062.0,2072.0,1
60000.0,2,3,1,36,1,2,2,0,0,0,47987.0,48716.0,47632.0,48738.0,49601.0,52773.0,1788.0,0.0,1894.0,1801.0,3997.0,0.0,1
120000.0,1,2,1,30,1,2,0,0,0,0,6305.0,7052.0,8786.0,8863.0,10763.0,7140.0,1000.0,2000.0,177.0,2000.0,1000.0,0.0,1
290000.0,1,1,3,55,0,0,2,0,0,0,7970.0,10320.0,10005.0,10838.0,11663.0,13301.0,2482.0,0.0,1000.0,1000.0,2000.0,2000.0,1
20000.0,1,1,2,37,0,0,0,0,0,0,66599.0,67259.0,69521.0,16970.0,17326.0,17688.0,2317.0,2579.0,606.0,628.0,649.0,623.0,1
260000.0,1,3,1,50,2,0,-1,0,-1,-1,655.0,1182.0,1076.0,696.0,1012.0,530.0,1076.0,1076.0,0.0,1012.0,530.0,696.0,1
50000.0,1,2,2,33,2,0,0,0,0,0,30518.0,29618.0,22102.0,22734.0,23217.0,23680.0,1718.0,1500.0,1000.0,1000.0,1000.0,716.0,1
50000.0,2,2,1,45,0,0,2,2,2,2,46248.0,50893.0,48854.0,50901.0,50015.0,48179.0,5750.0,0.0,3800.0,1890.0,0.0,1850.0,1
130000.0,2,2,1,42,2,2,2,0,0,0,130623.0,131926.0,128380.0,126792.0,103497.0,96991.0,6400.0,0.0,4535.0,3900.0,4300.0,3700.0,1
200000.0,2,1,1,35,-1,2,-1,-1,-1,-1,1972.0,582.0,1891.0,0.0,1908.0,290.0,0.0,1891.0,0.0,1908.0,290.0,3100.0,1
50000.0,1,1,2,29,-1,2,2,2,2,0,53746.0,51631.0,50880.0,51034.0,46154.0,42852.0,0.0,5160.0,1753.0,0.0,1508.0,5000.0,1
90000.0,2,2,2,28,2,2,0,0,0,2,65521.0,63869.0,65212.0,66627.0,70652.0,69397.0,0.0,2368.0,2500.0,5140.0,0.0,2600.0,1
360000.0,2,1,1,36,-2,-2,-2,-2,-2,-2,0.0,0.0,0.0,0.0,0.0,0.0,0.0,0.0,0.0,0.0,0.0,0.0,1
240000.0,2,2,2,48,0,0,0,0,0,0,234312.0,231407.0,233781.0,220150.0,190170.0,194018.0,9454.0,10128.0,8012.0,6500.0,7000.0,7000.0,1
90000.0,2,1,2,28,1,2,0,0,0,2,52061.0,50472.0,46226.0,40920.0,29863.0,19674.0,79.0,5000.0,10009.0,10000.0,0.0,7000.0,1
300000.0,2,1,2,30,-1,-1,-1,2,-1,-1,452.0,-6.0,835.0,665.0,2386.0,456.0,3.0,1466.0,70.0,2397.0,457.0,1003.0,1
20000.0,2,2,1,22,2,0,0,0,0,2,14414.0,15424.0,16448.0,17462.0,18305.0,17871.0,1554.0,1578.0,1592.0,1435.0,0.0,1663.0,1
40000.0,1,3,1,56,1,-2,-2,-2,-2,-2,0.0,0.0,0.0,0.0,0.0,0.0,0.0,0.0,0.0,0.0,0.0,0.0,1
260000.0,1,1,1,37,0,0,0,0,0,0,244736.0,249018.0,253704.0,255353.0,175022.0,130299.0,10000.0,10000.0,5000.0,5000.0,5000.0,3200.0,1
130000.0,1,2,2,31,3,2,2,3,3,2,300.0,300.0,300.0,300.0,300.0,150.0,0.0,0.0,0.0,0.0,0.0,1000.0,1
200000.0,1,1,2,32,-1,-1,-1,-2,-2,-2,1125.0,2182.0,0.0,0.0,0.0,0.0,2182.0,0.0,0.0,0.0,0.0,0.0,1
150000.0,2,4,2,40,0,0,0,0,0,-2,157548.0,164305.0,156201.0,149975.0,0.0,0.0,160812.0,3173.0,3749.0,0.0,0.0,0.0,1
50000.0,2,3,1,35,2,2,2,2,0,0,49873.0,50796.0,49727.0,21826.0,10208.0,10100.0,2200.0,568.0,0.0,516.0,400.0,300.0,1
200000.0,1,1,1,36,-2,-2,-2,-2,-2,-2,0.0,0.0,0.0,0.0,0.0,0.0,0.0,0.0,0.0,0.0,0.0,0.0,1
50000.0,2,2,2,29,2,2,2,0,0,2,5804.0,6855.0,6599.0,6577.0,7120.0,6857.0,1300.0,0.0,236.0,650.0,0.0,810.0,1
80000.0,1,2,2,36,0,0,0,0,0,0,19211.0,20237.0,21268.0,23903.0,24367.0,24964.0,1337.0,1368.0,3003.0,1000.0,1000.0,2000.0,1
150000.0,1,2,2,36,-1,-1,-2,-2,-2,-2,5382.0,0.0,0.0,0.0,0.0,0.0,0.0,0.0,0.0,0.0,0.0,0.0,1
50000.0,1,2,2,25,0,0,0,0,0,0,46980.0,47809.0,49040.0,29662.0,28360.0,28831.0,1910.0,2141.0,1763.0,1161.0,1077.0,1167.0,1
10000.0,1,2,2,21,0,0,-2,-2,-2,-2,9900.0,0.0,0.0,0.0,0.0,0.0,0.0,0.0,0.0,0.0,0.0,0.0,1
170000.0,1,1,2,30,-2,-2,-2,-2,-2,-2,740.0,740.0,740.0,740.0,740.0,740.0,740.0,740.0,740.0,740.0,740.0,740.0,1
90000.0,2,2,1,40,2,2,0,0,0,0,96249.0,91839.0,90758.0,90537.0,90263.0,90268.0,0.0,3273.0,3267.0,3212.0,3440.0,6898.0,1
30000.0,1,2,1,32,0,0,0,0,0,2,12452.0,13439.0,14420.0,15838.0,17331.0,16973.0,1500.0,1500.0,2000.0,2000.0,0.0,3600.0,1
50000.0,2,2,1,37,2,2,3,3,3,3,1050.0,1050.0,1050.0,1050.0,1050.0,1050.0,0.0,0.0,0.0,0.0,0.0,0.0,1
50000.0,1,2,2,37,0,0,0,0,0,0,50581.0,47990.0,33276.0,28507.0,28709.0,29793.0,2020.0,2010.0,2000.0,2000.0,2000.0,2000.0,1
160000.0,2,3,1,41,2,2,2,0,0,2,46017.0,47188.0,46134.0,47063.0,50034.0,51063.0,2200.0,0.0,2000.0,3900.0,2000.0,0.0,1
20000.0,1,1,2,31,3,2,2,7,7,7,2400.0,2400.0,2400.0,2400.0,2400.0,2400.0,0.0,0.0,0.0,0.0,0.0,0.0,1
200000.0,1,1,2,34,2,0,0,0,2,2,150493.0,156449.0,162377.0,174501.0,155355.0,129942.0,10000.0,10000.0,15000.0,0.0,10000.0,0.0,1
500000.0,1,1,1,40,2,2,2,0,0,2,267116.0,271396.0,265433.0,270868.0,285667.0,290318.0,10100.0,0.0,9932.0,19502.0,9600.0,10031.0,1
50000.0,1,1,2,23,2,3,2,0,0,0,7557.0,7293.0,8017.0,8687.0,9048.0,9306.0,0.0,1000.0,810.0,500.0,408.0,500.0,1
90000.0,1,1,2,29,2,2,2,2,2,2,11512.0,12524.0,13523.0,13704.0,13882.0,14015.0,1500.0,1500.0,700.0,700.0,500.0,0.0,1
160000.0,2,3,2,37,2,2,0,0,0,2,16626.0,16075.0,17490.0,20724.0,23952.0,23859.0,0.0,2000.0,3539.0,3566.0,446.0,3000.0,1
20000.0,2,2,1,37,1,2,2,0,0,0,19911.0,20797.0,20085.0,20126.0,20469.0,20655.0,1500.0,0.0,500.0,650.0,600.0,0.0,1
130000.0,1,3,1,46,1,2,0,0,0,0,26582.0,25956.0,25144.0,23235.0,13277.0,13895.0,100.0,2000.0,1000.0,700.0,1000.0,2000.0,1
160000.0,2,2,2,29,2,2,-1,-1,-1,-1,1989.0,-8.0,866.0,0.0,892.0,0.0,0.0,874.0,0.0,892.0,0.0,594.0,1
70000.0,2,2,1,49,0,0,0,0,0,0,64049.0,66079.0,67488.0,58246.0,48859.0,46688.0,3700.0,3100.0,2200.0,1600.0,1850.0,1800.0,1
20000.0,1,2,2,25,4,3,2,0,0,0,20610.0,20005.0,19331.0,19333.0,17363.0,16314.0,0.0,0.0,500.0,715.0,326.0,0.0,1
70000.0,2,2,2,25,1,2,0,0,0,0,5412.0,5177.0,6291.0,9085.0,9270.0,6821.0,0.0,1206.0,3000.0,185.0,200.0,0.0,1
50000.0,1,1,2,29,-1,-1,-1,-1,-1,-1,2159.0,1956.0,5592.0,10676.0,671.0,9826.0,1961.0,5608.0,11906.0,673.0,9855.0,7627.0,1
50000.0,2,1,2,25,2,2,2,2,2,2,45708.0,48862.0,47748.0,50799.0,49904.0,49978.0,3900.0,0.0,3800.0,0.0,4000.0,0.0,1
80000.0,1,2,1,28,0,0,0,0,0,0,32114.0,28984.0,16391.0,3729.0,4663.0,5429.0,1324.0,4122.0,139.0,1000.0,1000.0,1000.0,1
390000.0,2,1,2,31,0,0,0,0,0,0,252109.0,252401.0,180074.0,178025.0,198721.0,162444.0,12009.0,7508.0,6000.0,39604.0,6341.0,5000.0,1
80000.0,2,3,1,39,-1,-1,-1,0,-1,-1,2921.0,390.0,6837.0,7309.0,2568.0,2199.0,780.0,6837.0,1000.0,2568.0,2199.0,4067.0,1
60000.0,2,3,1,42,-1,-1,2,0,-1,-1,1570.0,21835.0,20680.0,390.0,390.0,14290.0,20680.0,0.0,0.0,390.0,14290.0,2892.0,1
110000.0,1,2,1,45,0,0,2,0,0,0,112987.0,110899.0,111642.0,109584.0,50281.0,49373.0,7000.0,4000.0,2975.0,22000.0,1726.0,6000.0,1
80000.0,2,2,1,57,2,2,-2,-2,-2,-2,82150.0,0.0,0.0,0.0,0.0,0.0,0.0,0.0,0.0,0.0,0.0,0.0,1
80000.0,2,2,2,23,-1,-1,-2,-2,-2,-2,309.0,-77.0,-77.0,-270.0,-463.0,-656.0,0.0,0.0,0.0,0.0,0.0,0.0,1
50000.0,1,3,2,31,3,2,2,2,2,2,15208.0,14667.0,21204.0,21363.0,20722.0,22384.0,0.0,6828.0,800.0,0.0,2000.0,0.0,1
90000.0,1,1,1,35,0,0,2,2,2,2,15952.0,18780.0,19177.0,18574.0,19721.0,19254.0,3100.0,1000.0,0.0,1600.0,0.0,800.0,1
90000.0,2,3,1,53,0,0,0,0,0,0,65237.0,62521.0,60363.0,58142.0,55896.0,53525.0,2255.0,2200.0,2100.0,2014.0,1876.0,1901.0,1
100000.0,2,2,2,30,2,2,2,2,0,0,96604.0,94153.0,102623.0,100090.0,101511.0,103503.0,0.0,10000.0,0.0,4000.0,7816.0,0.0,1
130000.0,1,2,2,29,1,2,2,2,2,2,88766.0,91466.0,93182.0,90851.0,96576.0,98452.0,5000.0,4000.0,0.0,7200.0,3500.0,3600.0,1
20000.0,2,2,1,43,0,0,0,0,0,0,16510.0,17770.0,16432.0,16174.0,16499.0,12882.0,1558.0,1286.0,1204.0,529.0,467.0,544.0,1
60000.0,2,2,2,25,0,0,0,0,0,0,34992.0,36106.0,37220.0,38253.0,39369.0,36592.0,2000.0,2000.0,2000.0,2000.0,1400.0,1400.0,1
10000.0,1,2,2,29,2,2,0,0,2,2,5948.0,5716.0,7132.0,8477.0,8292.0,9861.0,0.0,1500.0,1500.0,0.0,1604.0,212.0,1
120000.0,1,3,2,44,4,3,2,0,0,0,149229.0,138487.0,127516.0,124530.0,120937.0,67711.0,0.0,0.0,6000.0,5067.0,1548.0,120862.0,1
240000.0,2,1,2,36,-1,-1,2,0,-1,2,5367.0,6959.0,6649.0,5149.0,13750.0,5777.0,6959.0,15.0,0.0,7013.0,0.0,726.0,1
360000.0,1,2,2,33,1,-2,-2,-2,-2,-2,0.0,0.0,0.0,0.0,0.0,0.0,0.0,0.0,0.0,0.0,0.0,0.0,1
50000.0,2,2,2,24,0,0,0,0,0,0,48600.0,47819.0,48527.0,39147.0,38314.0,37758.0,2200.0,1889.0,1510.0,1400.0,1700.0,2000.0,1
170000.0,1,2,1,48,0,0,0,0,0,0,93420.0,96284.0,97322.0,99419.0,101590.0,111679.0,4371.0,3533.0,3716.0,3934.0,12030.0,0.0,1
150000.0,2,1,2,29,-1,-1,-1,0,0,0,2356.0,16836.0,1094.0,6382.0,5288.0,5288.0,16836.0,2000.0,5288.0,0.0,0.0,0.0,1
30000.0,2,2,2,22,2,2,2,2,2,0,29412.0,27559.0,31090.0,31247.0,30493.0,31148.0,0.0,4000.0,1000.0,0.0,1100.0,1091.0,1
80000.0,2,2,2,23,0,0,0,0,0,0,50884.0,48709.0,19010.0,21808.0,15995.0,12290.0,2427.0,1214.0,600.0,656.0,282.0,0.0,1
50000.0,1,1,2,29,2,2,2,0,0,-2,7881.0,10415.0,3997.0,1047.0,0.0,0.0,3000.0,0.0,1000.0,0.0,0.0,0.0,1
130000.0,2,2,2,29,2,2,2,2,2,2,2880.0,4446.0,4833.0,4236.0,5178.0,4182.0,2000.0,1000.0,0.0,1000.0,0.0,1500.0,1
20000.0,1,1,2,24,1,2,2,4,3,2,17375.0,16799.0,21408.0,20779.0,20170.0,19721.0,0.0,4893.0,0.0,0.0,0.0,1000.0,1
30000.0,2,1,2,22,-1,-1,2,0,0,0,14885.0,16579.0,17498.0,25032.0,25626.0,27191.0,1939.0,1500.0,8213.0,1000.0,2000.0,3200.0,1
80000.0,2,3,2,27,0,0,0,0,0,0,54184.0,24393.0,25924.0,16558.0,17280.0,17652.0,1500.0,2000.0,1300.0,1000.0,650.0,1000.0,1
50000.0,1,2,1,38,0,0,0,0,0,0,49695.0,49848.0,49557.0,49233.0,49068.0,48542.0,2200.0,2100.0,2000.0,2000.0,1700.0,1900.0,1
150000.0,1,2,2,32,1,2,0,0,0,0,127399.0,124835.0,127259.0,129115.0,131820.0,124322.0,0.0,5000.0,3500.0,3557.0,5929.0,23.0,1
20000.0,2,3,3,56,-1,2,-1,-1,0,-1,190.0,2946.0,1473.0,780.0,390.0,1738.0,1473.0,1473.0,780.0,0.0,1766.0,0.0,1
80000.0,2,1,2,29,0,0,0,2,0,0,81337.0,80290.0,82215.0,80422.0,78284.0,77270.0,2842.0,20412.0,0.0,3000.0,3000.0,3000.0,1
20000.0,2,2,2,48,1,3,2,2,2,2,17100.0,16537.0,16283.0,17708.0,18121.0,17692.0,0.0,300.0,2000.0,1000.0,0.0,792.0,1
10000.0,2,2,2,31,0,0,0,-2,-2,-2,10154.0,10400.0,0.0,0.0,0.0,0.0,1400.0,0.0,0.0,0.0,0.0,0.0,1
330000.0,2,1,2,26,2,0,0,0,0,0,179887.0,182366.0,176396.0,171553.0,162251.0,145931.0,5289.0,5496.0,4721.0,4132.0,3916.0,3550.0,1
300000.0,2,1,2,25,1,5,4,3,2,3,315632.0,309330.0,302869.0,306395.0,311256.0,305413.0,0.0,0.0,10000.0,10000.0,0.0,0.0,1
150000.0,2,2,2,25,2,2,2,2,2,2,114074.0,116313.0,118700.0,115328.0,121084.0,123473.0,5600.0,5700.0,0.0,9200.0,4500.0,0.0,1
100000.0,1,3,1,52,0,0,2,2,2,0,4657.0,6068.0,6418.0,6781.0,6144.0,7638.0,1500.0,1000.0,1000.0,0.0,2000.0,2000.0,1
30000.0,1,1,2,35,0,0,0,0,0,0,26974.0,28144.0,28280.0,25990.0,25999.0,26425.0,2000.0,1339.0,849.0,1125.0,1043.0,0.0,1
240000.0,2,3,1,35,0,0,0,0,0,0,238166.0,236686.0,186613.0,189470.0,119525.0,121178.0,8522.0,9100.0,8244.0,5000.0,5000.0,4011.0,1
50000.0,1,2,2,29,2,2,2,2,2,2,39634.0,40697.0,41526.0,42045.0,42822.0,43962.0,2000.0,1800.0,1500.0,1600.0,2000.0,1700.0,1
50000.0,1,1,1,27,2,2,2,2,0,0,43333.0,46308.0,47250.0,46192.0,46997.0,48221.0,4000.0,2000.0,0.0,1700.0,2000.0,3600.0,1
200000.0,2,1,2,26,0,0,0,0,2,2,71574.0,74755.0,76945.0,82914.0,83733.0,80498.0,5000.0,4000.0,8000.0,2900.0,0.0,5700.0,1
180000.0,1,2,1,28,0,0,0,0,0,0,180827.0,175914.0,176778.0,172440.0,168914.0,171645.0,6600.0,7738.0,6200.0,6418.0,13000.0,0.0,1
50000.0,2,2,2,43,0,0,0,0,0,0,9784.0,11578.0,7384.0,13479.0,6734.0,6801.0,2303.0,2095.0,500.0,1000.0,500.0,500.0,1
90000.0,1,2,1,41,1,2,0,0,0,2,86699.0,84423.0,86173.0,87942.0,92756.0,91146.0,0.0,4008.0,4100.0,7200.0,0.0,3271.0,1
300000.0,1,1,1,42,-1,0,0,-1,0,0,11973.0,61834.0,25145.0,37666.0,19453.0,10492.0,20979.0,5000.0,37676.0,8808.0,2000.0,2709.0,1
50000.0,2,2,1,48,1,2,0,0,0,0,18704.0,18106.0,19793.0,19378.0,18874.0,19361.0,0.0,2000.0,1500.0,1000.0,2000.0,1000.0,1
200000.0,2,1,2,40,1,-2,-2,-2,-2,-2,0.0,0.0,0.0,0.0,0.0,0.0,0.0,0.0,0.0,0.0,0.0,0.0,1
50000.0,2,2,1,24,0,0,0,0,0,0,48928.0,32646.0,31428.0,24880.0,26098.0,26886.0,2000.0,3505.0,2000.0,8000.0,4000.0,3650.0,1
30000.0,2,2,1,35,0,0,0,0,0,0,31955.0,30429.0,27286.0,21919.0,19015.0,2732.0,1800.0,1388.0,1501.0,1001.0,2732.0,3280.0,1
360000.0,1,1,1,38,-2,-2,-2,-2,-2,-2,0.0,0.0,0.0,0.0,0.0,0.0,0.0,0.0,0.0,0.0,0.0,0.0,1
140000.0,2,2,1,40,-1,-1,-1,-1,-1,0,815.0,8397.0,390.0,390.0,780.0,390.0,8419.0,390.0,390.0,780.0,0.0,390.0,1
50000.0,2,1,2,23,1,2,0,0,0,0,50638.0,49484.0,45095.0,9299.0,3054.0,0.0,0.0,2155.0,1000.0,1500.0,0.0,3294.0,1
150000.0,2,1,2,26,2,2,2,2,2,2,75373.0,76865.0,78214.0,76363.0,79893.0,48052.0,3300.0,3200.0,0.0,5137.0,0.0,2200.0,1
280000.0,2,1,1,63,-2,-2,-2,-2,-2,-2,-200.0,-200.0,-200.0,-200.0,-200.0,-200.0,0.0,0.0,0.0,0.0,0.0,200.0,1
20000.0,1,2,2,30,2,2,2,0,0,0,20586.0,20568.0,20185.0,20016.0,20044.0,20172.0,1300.0,700.0,700.0,1700.0,1600.0,700.0,1
10000.0,2,3,2,22,2,0,0,0,-1,0,7720.0,10063.0,9272.0,-8758.0,8989.0,9202.0,2500.0,1000.0,0.0,30000.0,500.0,953.0,1
50000.0,1,1,1,41,2,0,0,0,0,0,39159.0,40194.0,41209.0,42125.0,43443.0,44476.0,1669.0,1684.0,1600.0,2000.0,1753.0,1696.0,1
110000.0,1,2,2,51,0,0,0,0,0,0,25707.0,26740.0,27871.0,28858.0,29541.0,27977.0,1400.0,1500.0,1400.0,1000.0,1000.0,760.0,1
70000.0,1,3,1,51,2,2,0,0,0,0,54968.0,51384.0,49734.0,50361.0,49185.0,47245.0,0.0,2100.0,1950.0,1900.0,2219.0,2100.0,1
20000.0,1,3,1,53,0,0,2,0,0,0,17614.0,19323.0,19694.0,20004.0,20159.0,20059.0,2000.0,1000.0,1000.0,1000.0,1000.0,800.0,1
170000.0,2,2,2,32,0,0,0,0,-1,0,10928.0,8400.0,5654.0,6285.0,4417.0,740.0,6151.0,4110.0,6920.0,6637.0,0.0,16744.0,1
120000.0,2,2,2,27,2,2,2,2,2,2,120649.0,123203.0,119820.0,124755.0,99423.0,101718.0,6000.0,0.0,8500.0,0.0,11345.0,3700.0,1
140000.0,2,2,2,24,2,2,2,2,2,2,50643.0,51916.0,52903.0,53652.0,52201.0,55497.0,2400.0,2400.0,2200.0,0.0,4300.0,2200.0,1
40000.0,1,2,2,26,1,2,2,2,2,2,11318.0,10845.0,12655.0,12156.0,20897.0,20411.0,0.0,2000.0,0.0,9000.0,0.0,1850.0,1
60000.0,1,2,2,25,2,2,2,0,0,0,36090.0,22083.0,15444.0,13695.0,17598.0,17472.0,2017.0,5.0,1000.0,5000.0,1000.0,603.0,1
260000.0,1,2,1,64,2,2,2,2,2,2,2500.0,2500.0,2500.0,2500.0,2500.0,2500.0,0.0,0.0,0.0,0.0,0.0,0.0,1
30000.0,1,3,2,42,5,4,3,2,0,0,32755.0,31973.0,30937.0,29999.0,29214.0,29846.0,0.0,0.0,6.0,1054.0,1111.0,0.0,1
60000.0,1,3,2,31,2,2,2,2,0,0,31649.0,30841.0,34336.0,33489.0,35615.0,38027.0,0.0,4000.0,0.0,3000.0,3000.0,2000.0,1
340000.0,2,2,2,31,4,3,2,-1,-1,-1,581775.0,572677.0,384060.0,304508.0,247178.0,228349.0,0.0,0.0,1000.0,4320.0,287982.0,8007.0,1
20000.0,2,2,2,30,3,2,0,0,0,0,20226.0,18702.0,18331.0,19111.0,15211.0,13562.0,0.0,2346.0,1400.0,304.0,271.0,0.0,1
50000.0,1,3,1,41,2,2,2,2,-2,-2,20186.0,15773.0,13555.0,0.0,0.0,0.0,2700.0,103.0,0.0,0.0,0.0,0.0,1
180000.0,2,1,2,27,1,2,2,2,0,0,5892.0,4824.0,3784.0,3089.0,2715.0,1821.0,0.0,3089.0,0.0,1521.0,0.0,347.0,1
110000.0,2,2,2,29,3,2,2,4,4,3,600.0,600.0,600.0,600.0,600.0,300.0,0.0,0.0,0.0,0.0,0.0,0.0,1
210000.0,1,2,1,45,0,0,0,0,0,0,56024.0,57148.0,58338.0,59529.0,60720.0,61980.0,1836.0,1897.0,1936.0,1952.0,2013.0,9062.0,1
50000.0,1,1,2,32,1,2,2,2,2,2,45997.0,47003.0,46468.0,47198.0,49634.0,48708.0,2064.0,500.0,1800.0,3528.0,0.0,3000.0,1
50000.0,2,2,2,22,2,2,2,0,0,0,49559.0,49548.0,50148.0,48910.0,29848.0,26159.0,1100.0,1700.0,1500.0,1000.0,1000.0,1300.0,1
250000.0,2,2,2,29,2,2,2,0,0,0,252354.0,258503.0,252087.0,246649.0,177663.0,125960.0,11783.0,0.0,8065.0,5404.0,5000.0,5000.0,1
320000.0,2,1,2,30,-1,-1,-1,-2,-2,-1,1663.0,7025.0,1189.0,0.0,2701.0,2043.0,7025.0,1189.0,0.0,2701.0,2043.0,0.0,1
130000.0,2,3,1,43,3,2,2,2,2,2,19085.0,18491.0,20579.0,19950.0,21625.0,21129.0,0.0,2400.0,0.0,2000.0,0.0,1800.0,1
50000.0,2,1,2,31,3,3,4,3,2,5,27166.0,30190.0,29421.0,28652.0,34032.0,32913.0,3769.0,0.0,0.0,6000.0,0.0,0.0,1
260000.0,2,3,2,42,-1,-1,-2,-2,-2,-2,6783.0,0.0,0.0,0.0,0.0,0.0,0.0,0.0,0.0,0.0,0.0,0.0,1
350000.0,2,3,2,28,-2,-2,-2,-2,-2,-2,0.0,0.0,0.0,0.0,0.0,0.0,0.0,0.0,0.0,0.0,0.0,0.0,1
120000.0,2,1,2,24,-1,-1,-1,-1,-1,-1,2946.0,384.0,1914.0,390.0,0.0,780.0,384.0,1920.0,390.0,0.0,780.0,0.0,1
20000.0,1,2,2,26,0,0,0,0,0,0,18626.0,20296.0,18902.0,38250.0,19709.0,19774.0,2000.0,1308.0,683.0,1472.0,714.0,357.0,1
200000.0,1,1,2,42,0,0,0,0,0,0,161514.0,163340.0,168701.0,172074.0,173907.0,184067.0,6000.0,8000.0,8000.0,6500.0,13500.0,0.0,1
130000.0,1,1,2,49,2,2,2,2,2,2,68739.0,70024.0,68345.0,72487.0,73591.0,75161.0,3000.0,0.0,5900.0,2900.0,2900.0,2900.0,1
500000.0,1,1,1,39,2,0,0,2,2,2,15776.0,17467.0,120972.0,117088.0,121283.0,117583.0,3004.0,106000.0,0.0,8008.0,78.0,10549.0,1
300000.0,1,1,1,45,-1,-1,-1,-1,-1,-1,999.0,-7334.0,8333.0,6666.0,8333.0,8333.0,0.0,24000.0,6666.0,10000.0,8333.0,15449.0,1
130000.0,1,1,2,33,1,-2,-2,-1,0,0,0.0,0.0,0.0,8495.0,6480.0,0.0,0.0,0.0,8495.0,0.0,0.0,0.0,1
50000.0,1,3,1,51,0,0,0,0,0,0,5703.0,7596.0,8511.0,10361.0,11039.0,11107.0,2000.0,1200.0,2000.0,1000.0,400.0,1000.0,1
60000.0,1,3,2,30,0,0,0,0,0,0,26324.0,27471.0,28108.0,21993.0,19899.0,19771.0,1576.0,1213.0,648.0,768.0,1140.0,0.0,1
150000.0,2,1,1,38,-1,-1,-1,-1,-1,-1,110.0,564.0,13347.0,13155.0,10610.0,8394.0,567.0,13504.0,13221.0,10663.0,8436.0,2468.0,1
20000.0,1,3,2,55,0,0,0,0,0,0,19978.0,18910.0,18962.0,19886.0,18978.0,17124.0,1594.0,1476.0,1400.0,380.0,342.0,672.0,1
20000.0,2,2,2,24,1,2,2,2,2,-2,4697.0,3800.0,5989.0,5761.0,0.0,0.0,0.0,2266.0,38.0,0.0,0.0,0.0,1
190000.0,2,2,2,39,0,0,0,0,2,0,70396.0,65185.0,53691.0,56997.0,55956.0,58020.0,5000.0,2000.0,4200.0,0.0,3000.0,9000.0,1
310000.0,1,1,2,29,2,0,0,0,0,0,45153.0,36123.0,26113.0,22661.0,20351.0,16639.0,2904.0,1500.0,1000.0,2000.0,1000.0,2000.0,1
30000.0,2,1,1,30,2,2,2,3,2,2,12109.0,12917.0,13909.0,13394.0,13036.0,15019.0,1300.0,1500.0,0.0,0.0,2200.0,0.0,1
30000.0,2,3,2,29,2,0,0,2,2,2,23136.0,24205.0,28318.0,28755.0,29442.0,30003.0,1744.0,4857.0,1200.0,1300.0,1200.0,1100.0,1
100000.0,2,2,2,27,2,3,3,2,2,3,97156.0,97634.0,96461.0,96975.0,101280.0,101935.0,2900.0,1300.0,3000.0,5450.0,2000.0,0.0,1
50000.0,1,2,2,23,2,2,0,0,0,0,52156.0,51041.0,50205.0,20218.0,20263.0,19864.0,0.0,1310.0,705.0,750.0,730.0,700.0,1
410000.0,1,2,1,46,2,2,2,2,2,0,71532.0,73643.0,72083.0,76603.0,74964.0,76370.0,3700.0,0.0,6147.0,0.0,2577.0,2747.0,1
300000.0,1,2,2,36,2,2,2,2,2,2,285177.0,291282.0,293497.0,293046.0,291883.0,297169.0,13003.0,9003.0,8114.0,4403.0,8838.0,604.0,1
100000.0,1,3,2,44,0,0,0,0,0,0,90128.0,91542.0,92686.0,94122.0,53720.0,54866.0,4200.0,3900.0,3854.0,2000.0,2000.0,2000.0,1
120000.0,1,1,2,33,2,2,2,2,2,2,87310.0,89273.0,91057.0,91981.0,89605.0,95245.0,4300.0,4100.0,3300.0,0.0,7100.0,0.0,1
120000.0,1,2,1,51,0,0,0,0,0,2,115771.0,118818.0,119395.0,108802.0,99988.0,84253.0,5829.0,5900.0,4100.0,7100.0,0.0,17400.0,1
160000.0,1,2,1,37,2,-1,-1,-1,-1,-1,833.0,833.0,833.0,833.0,833.0,833.0,833.0,833.0,833.0,833.0,833.0,833.0,1
190000.0,1,2,2,36,0,0,0,0,0,0,154456.0,142409.0,119290.0,99767.0,101761.0,105150.0,6176.0,5000.0,3815.0,3614.0,5000.0,5000.0,1
20000.0,2,1,2,23,2,0,0,0,0,0,17476.0,18807.0,15784.0,19062.0,19444.0,20004.0,2000.0,1500.0,4300.0,624.0,800.0,600.0,1
10000.0,1,2,2,23,2,2,7,7,7,7,2400.0,2400.0,2400.0,2400.0,2400.0,2400.0,0.0,0.0,0.0,0.0,0.0,0.0,1
100000.0,1,2,2,44,0,0,0,-1,-1,0,20439.0,6882.0,2456.0,1537.0,1642.0,110.0,1068.0,1007.0,1741.0,1646.0,100.0,0.0,1
20000.0,1,2,1,32,0,0,0,0,2,2,8768.0,9622.0,10974.0,14963.0,15123.0,14741.0,1159.0,1511.0,4500.0,700.0,0.0,1000.0,1
310000.0,1,1,1,43,0,0,0,0,2,0,250708.0,256157.0,261550.0,285233.0,280905.0,272240.0,11000.0,11300.0,29841.0,69.0,9980.0,9546.0,1
30000.0,1,2,1,39,0,0,0,0,0,0,29493.0,30346.0,28777.0,27962.0,26306.0,28994.0,2006.0,1500.0,3000.0,3000.0,9000.0,2000.0,1
30000.0,1,4,1,53,-2,-2,-2,-2,-2,-2,1780.0,0.0,0.0,0.0,0.0,0.0,24437.0,0.0,0.0,0.0,0.0,0.0,1
20000.0,1,2,2,22,4,3,2,0,0,2,16226.0,15682.0,15146.0,15856.0,17090.0,16677.0,0.0,0.0,1266.0,1500.0,0.0,1915.0,1
300000.0,1,2,1,35,0,0,0,2,0,0,142378.0,146621.0,153217.0,154879.0,156692.0,154911.0,8000.0,10800.0,6000.0,6000.0,6000.0,6000.0,1
50000.0,2,3,1,57,0,0,0,0,0,0,50990.0,49123.0,50820.0,50706.0,30636.0,30501.0,2100.0,2500.0,3820.0,1636.0,1501.0,1700.0,1
20000.0,1,3,2,25,3,2,2,4,4,4,1650.0,1650.0,1650.0,1650.0,1650.0,1650.0,0.0,0.0,0.0,0.0,0.0,0.0,1
20000.0,2,2,1,40,0,0,0,0,0,0,14492.0,15304.0,16035.0,16517.0,16781.0,17142.0,1349.0,1080.0,562.0,500.0,456.0,218.0,1
150000.0,2,2,1,29,2,0,0,0,2,2,123248.0,126311.0,130388.0,138246.0,140513.0,118464.0,5000.0,6000.0,10500.0,5015.0,173.0,102.0,1
50000.0,1,3,1,72,2,0,0,0,2,2,35417.0,36453.0,37166.0,39710.0,40519.0,41324.0,1908.0,1621.0,3165.0,1600.0,1620.0,0.0,1
50000.0,1,2,2,28,1,2,2,2,0,0,9500.0,7913.0,9572.0,9281.0,8835.0,9038.0,0.0,1800.0,0.0,400.0,350.0,400.0,1
20000.0,1,1,2,23,2,2,2,2,2,2,5996.0,7040.0,7897.0,7622.0,8294.0,8016.0,1300.0,1128.0,0.0,800.0,0.0,1500.0,1
80000.0,2,2,2,39,2,2,2,0,0,0,129966.0,123747.0,106582.0,94318.0,113474.0,57324.0,9685.0,0.0,3659.0,13500.0,2078.0,2152.0,1
160000.0,2,2,2,39,0,0,2,2,2,0,30633.0,37119.0,36263.0,43481.0,43515.0,49619.0,7000.0,0.0,7847.0,1026.0,7000.0,7968.0,1
20000.0,1,2,2,33,3,2,8,7,6,5,14513.0,22232.0,21936.0,21631.0,21026.0,20130.0,8000.0,0.0,0.0,0.0,0.0,0.0,1
80000.0,1,3,1,34,1,2,2,2,2,2,71104.0,72737.0,73987.0,72199.0,76621.0,78451.0,3400.0,3000.0,0.0,5637.0,3200.0,0.0,1
10000.0,2,2,1,32,0,0,0,0,0,0,4695.0,5719.0,6733.0,7616.0,7779.0,8646.0,1103.0,1117.0,1000.0,286.0,1000.0,200.0,1
50000.0,1,2,1,36,0,0,0,0,0,0,47599.0,48542.0,49691.0,49172.0,9957.0,10044.0,2000.0,2200.0,1148.0,500.0,500.0,376.0,1
120000.0,2,2,1,30,2,0,0,0,2,2,87199.0,89008.0,90834.0,95499.0,93857.0,99504.0,4110.0,4203.0,7100.0,0.0,7396.0,3700.0,1
200000.0,2,2,1,48,-2,-1,2,2,-1,-1,-1123.0,2711.0,3030.0,1695.0,10569.0,9777.0,4165.0,1700.0,5.0,10624.0,9816.0,9208.0,1
30000.0,2,2,1,42,1,2,2,2,4,3,16484.0,17709.0,17141.0,20730.0,20116.0,19512.0,1800.0,0.0,4200.0,0.0,0.0,0.0,1
20000.0,2,2,1,24,2,2,-1,-1,-2,-2,3913.0,3102.0,689.0,0.0,0.0,0.0,0.0,689.0,0.0,0.0,0.0,0.0,1
50000.0,1,2,2,29,1,2,2,2,2,2,38916.0,37990.0,42382.0,43190.0,42198.0,46572.0,0.0,5000.0,1800.0,0.0,5232.0,1800.0,1
20000.0,1,2,2,23,2,2,7,7,6,5,2400.0,2400.0,2400.0,2400.0,1800.0,1200.0,0.0,0.0,0.0,0.0,0.0,0.0,1
320000.0,1,1,1,35,1,-2,-2,-2,-2,-2,291.0,2594.0,2691.0,291.0,291.0,291.0,2594.0,2691.0,291.0,291.0,291.0,3124.0,1
60000.0,2,3,1,32,0,0,0,0,0,0,63354.0,65299.0,67087.0,27121.0,26316.0,26476.0,3000.0,3490.0,1794.0,1311.0,953.0,1390.0,1
100000.0,1,1,2,29,-1,0,-1,-1,0,-1,711.0,1141.0,210.0,780.0,390.0,930.0,1000.0,780.0,1930.0,0.0,930.0,0.0,1
150000.0,2,1,2,30,0,0,2,0,0,2,44795.0,43700.0,19543.0,34648.0,24241.0,19339.0,10000.0,20.0,30000.0,19800.0,0.0,5000.0,1
240000.0,2,2,2,26,0,0,0,0,0,0,138859.0,136521.0,135459.0,117308.0,107928.0,103799.0,5308.0,4915.0,4100.0,4000.0,4002.0,4000.0,1
20000.0,1,2,2,36,3,2,2,7,7,7,2400.0,2400.0,2400.0,2400.0,2400.0,2400.0,0.0,0.0,0.0,0.0,0.0,0.0,1
70000.0,1,1,2,28,1,-1,-1,2,2,2,-47.0,653.0,3455.0,3245.0,1686.0,1681.0,700.0,3000.0,0.0,0.0,0.0,4000.0,1
140000.0,2,4,2,28,0,0,-1,0,0,0,108018.0,6500.0,6327.0,138485.0,140492.0,141006.0,1000.0,6327.0,135000.0,4700.0,5000.0,5000.0,1
50000.0,1,2,2,28,0,0,0,0,0,0,35277.0,34627.0,35096.0,9657.0,9617.0,9404.0,1800.0,1600.0,500.0,500.0,341.0,500.0,1
30000.0,2,1,2,27,0,0,0,0,0,0,23447.0,24563.0,25650.0,26222.0,26800.0,27554.0,1500.0,1500.0,1000.0,1000.0,1200.0,4271.0,1
50000.0,2,1,2,27,1,2,2,-2,-2,-2,4040.0,3800.0,0.0,0.0,0.0,0.0,0.0,0.0,0.0,0.0,0.0,0.0,1
70000.0,1,2,1,33,-1,-1,0,0,0,0,390.0,4924.0,5566.0,6139.0,5868.0,6399.0,4924.0,1113.0,1076.0,195.0,1000.0,235.0,1
200000.0,2,1,1,37,-1,-1,-1,0,0,0,3660.0,16991.0,19200.0,18856.0,14301.0,913.0,17302.0,20891.0,7377.0,2000.0,0.0,127188.0,1
140000.0,2,1,1,33,2,0,0,0,0,0,55563.0,55222.0,54293.0,53294.0,51558.0,52800.0,2520.0,2510.0,2450.0,1676.0,1900.0,1826.0,1
150000.0,1,2,2,26,1,2,0,0,0,0,156387.0,148656.0,150963.0,152607.0,103113.0,96518.0,0.0,6000.0,10000.0,4000.0,4000.0,7000.0,1
100000.0,2,3,1,40,2,2,0,0,0,0,13278.0,12773.0,16179.0,17597.0,18499.0,20531.0,0.0,3950.0,2000.0,1500.0,2500.0,4800.0,1
100000.0,2,2,1,36,1,2,2,2,0,0,79695.0,77855.0,83945.0,81702.0,83232.0,84947.0,0.0,7400.0,0.0,3000.0,3100.0,3400.0,1
50000.0,1,2,2,25,3,3,2,2,2,0,26798.0,27274.0,27529.0,28280.0,27691.0,28278.0,1200.0,1000.0,1500.0,0.0,1200.0,1200.0,1
150000.0,2,3,1,43,-1,-1,2,0,-1,-1,264.0,948.0,632.0,316.0,316.0,1414.0,1000.0,0.0,0.0,316.0,1414.0,0.0,1
50000.0,2,2,2,28,0,0,0,0,0,0,28457.0,29491.0,30508.0,31599.0,32262.0,32904.0,1492.0,1509.0,1600.0,1170.0,1177.0,1217.0,1
30000.0,2,3,2,42,0,0,0,0,0,0,26012.0,27175.0,27822.0,28481.0,28265.0,28852.0,2000.0,1577.0,1626.0,800.0,814.0,629.0,1
60000.0,2,3,1,25,0,0,0,0,0,0,60340.0,58556.0,57251.0,57826.0,22544.0,26675.0,2200.0,2600.0,2300.0,3000.0,5000.0,2000.0,1
110000.0,2,1,1,33,2,2,2,2,2,2,24178.0,25270.0,24669.0,26738.0,27201.0,26723.0,1700.0,0.0,2700.0,1100.0,0.0,875.0,1
240000.0,2,1,2,31,2,0,0,0,0,0,179483.0,183151.0,185490.0,189351.0,193115.0,197445.0,8151.0,6790.0,6951.0,6915.0,7445.0,7248.0,1
160000.0,2,2,1,50,-1,-1,-1,-1,-1,-1,1261.0,2261.0,1390.0,390.0,390.0,0.0,2261.0,1390.0,390.0,390.0,0.0,780.0,1
120000.0,2,2,1,29,-1,-1,-1,-1,-1,-1,7778.0,3157.0,5456.0,0.0,2777.0,0.0,3179.0,5463.0,0.0,2777.0,0.0,0.0,1
30000.0,1,1,1,52,0,0,0,0,0,-2,14476.0,15297.0,8531.0,8020.0,-620.0,-620.0,1129.0,1152.0,1081.0,0.0,0.0,0.0,1
100000.0,2,1,1,40,2,2,0,0,2,0,97229.0,94777.0,95634.0,65828.0,61621.0,62756.0,0.0,2924.0,5226.0,0.0,2278.0,2292.0,1
20000.0,1,2,2,39,0,0,0,0,0,0,13231.0,14306.0,15370.0,16411.0,16839.0,17267.0,1300.0,1300.0,1300.0,700.0,700.0,700.0,1
30000.0,2,1,2,23,0,0,0,0,0,0,14790.0,19563.0,16671.0,13353.0,13232.0,9601.0,12037.0,10038.0,8057.0,6000.0,4221.0,3258.0,1
60000.0,1,2,2,51,-1,0,0,0,0,0,10304.0,11330.0,12334.0,13319.0,14447.0,15549.0,1500.0,1500.0,1500.0,1500.0,1500.0,1500.0,1
240000.0,2,1,2,38,-1,-1,-1,-1,-1,-1,6916.0,2098.0,9927.0,3633.0,3603.0,926.0,2106.0,9951.0,3633.0,3603.0,926.0,7199.0,1
50000.0,1,3,2,37,2,2,2,3,2,2,46004.0,45976.0,48953.0,48851.0,49318.0,51143.0,1000.0,4035.0,1000.0,1400.0,2800.0,0.0,1
140000.0,1,1,2,27,0,0,0,2,0,0,19484.0,20114.0,16606.0,9609.0,5429.0,9763.0,2000.0,10063.0,0.0,2000.0,5000.0,5000.0,1
50000.0,1,2,2,54,1,-2,-2,-2,-2,-2,0.0,0.0,0.0,0.0,0.0,0.0,0.0,0.0,0.0,0.0,0.0,0.0,1
110000.0,1,1,2,35,3,2,2,3,3,2,450.0,450.0,450.0,450.0,450.0,300.0,0.0,0.0,0.0,0.0,0.0,288.0,1
30000.0,1,3,1,33,2,0,0,0,0,0,29742.0,30266.0,45414.0,21331.0,21987.0,22452.0,1406.0,1366.0,1000.0,1000.0,980.0,1000.0,1
30000.0,1,2,2,25,0,0,0,2,0,0,7298.0,8322.0,9826.0,9519.0,10362.0,11187.0,1147.0,1651.0,0.0,1000.0,1000.0,1000.0,1
30000.0,1,2,2,24,1,2,2,2,0,0,27262.0,26545.0,28590.0,27831.0,28433.0,30257.0,0.0,2800.0,0.0,1050.0,2300.0,0.0,1
50000.0,1,1,2,35,2,0,0,0,0,0,50481.0,48264.0,19142.0,18188.0,18397.0,18161.0,3183.0,1565.0,7240.0,795.0,1000.0,673.0,1
80000.0,2,3,2,40,2,2,0,0,0,0,81428.0,78041.0,75945.0,61740.0,29089.0,28267.0,4.0,3716.0,2000.0,1000.0,1000.0,2000.0,1
100000.0,1,2,1,35,4,4,3,2,2,2,82348.0,82156.0,83318.0,81380.0,83710.0,88057.0,1700.0,3100.0,0.0,3800.0,5900.0,3200.0,1
140000.0,1,2,1,34,-1,-1,-1,-1,-1,-1,711.0,711.0,711.0,10976.0,711.0,711.0,711.0,711.0,10976.0,711.0,711.0,291.0,1
360000.0,2,1,2,56,-2,-2,-2,-2,-2,-2,437.0,241.0,0.0,0.0,0.0,2628.0,241.0,0.0,0.0,0.0,2628.0,163.0,1
20000.0,1,2,2,34,2,2,2,0,0,0,17497.0,20690.0,20075.0,19492.0,19859.0,19232.0,3500.0,0.0,1500.0,805.0,7000.0,542.0,1
50000.0,2,2,1,38,0,0,-2,-2,-2,-2,51400.0,0.0,0.0,0.0,0.0,0.0,0.0,0.0,0.0,0.0,0.0,0.0,1
360000.0,1,2,1,30,3,2,2,2,2,2,2500.0,2500.0,2500.0,2500.0,2500.0,0.0,0.0,0.0,0.0,0.0,0.0,0.0,1
360000.0,2,2,1,35,2,2,2,2,0,0,360996.0,370722.0,380523.0,372735.0,290210.0,290551.0,16500.0,16500.0,6.0,10306.0,10876.0,10323.0,1
80000.0,2,1,1,34,-1,2,2,2,2,3,4269.0,4057.0,5326.0,5092.0,6008.0,5618.0,0.0,1500.0,0.0,1000.0,0.0,1000.0,1
20000.0,2,3,1,43,2,0,0,0,0,0,18310.0,18739.0,19411.0,20209.0,19880.0,4341.0,1300.0,1500.0,1257.0,456.0,149.0,191.0,1
10000.0,1,2,2,36,0,0,2,0,0,-1,7393.0,9400.0,7226.0,5733.0,5755.0,1600.0,2329.0,0.0,1007.0,2200.0,1600.0,3883.0,1
20000.0,2,3,2,50,2,0,0,0,2,2,11545.0,12945.0,13972.0,15730.0,15183.0,16182.0,1600.0,1542.0,2300.0,0.0,1400.0,800.0,1
280000.0,2,1,1,39,-1,0,-1,-1,-1,-1,7791.0,5851.0,430.0,2041.0,775.0,580.0,1000.0,430.0,2041.0,775.0,580.0,1029.0,1
20000.0,1,3,2,23,0,0,0,-1,-1,-1,2331.0,3544.0,3064.0,1587.0,-193.0,3107.0,2700.0,2300.0,2100.0,0.0,5000.0,0.0,1
120000.0,2,2,2,25,3,3,2,2,2,2,87057.0,84821.0,85194.0,76326.0,75122.0,75011.0,0.0,2700.0,2500.0,3200.0,2500.0,0.0,1
110000.0,2,1,2,28,0,0,2,2,-2,-2,101138.0,69449.0,34983.0,-18.0,-18.0,-18.0,3400.0,0.0,0.0,0.0,0.0,0.0,1
30000.0,2,3,1,39,0,0,0,0,-1,0,14517.0,3670.0,3280.0,2890.0,15839.0,13680.0,2500.0,2500.0,2500.0,15839.0,666.0,0.0,1
340000.0,1,1,2,29,0,0,0,0,0,0,277140.0,272579.0,271986.0,227152.0,221218.0,159462.0,10000.0,13012.0,8008.0,8343.0,9463.0,196000.0,1
20000.0,1,2,2,37,2,2,2,-1,0,-1,3254.0,2522.0,0.0,780.0,390.0,390.0,2000.0,0.0,780.0,0.0,390.0,1680.0,1
450000.0,1,1,1,40,1,-2,-2,-2,-2,-2,0.0,0.0,0.0,0.0,0.0,0.0,0.0,0.0,0.0,0.0,0.0,0.0,1
80000.0,2,2,1,51,1,-2,-2,-1,-1,-1,-12.0,-12.0,-12.0,17691.0,4599.0,4134.0,0.0,0.0,17703.0,4599.0,4134.0,0.0,1
140000.0,1,2,1,38,2,2,2,2,2,2,53797.0,55007.0,56128.0,56713.0,55796.0,56251.0,2700.0,2600.0,2100.0,600.0,1500.0,4545.0,1
200000.0,1,2,1,42,1,2,0,0,2,2,38187.0,35827.0,19208.0,20023.0,19572.0,19652.0,44.0,1303.0,1522.0,0.0,1099.0,1339.0,1
100000.0,2,1,1,45,1,-1,-1,-2,-2,-2,0.0,5220.0,0.0,0.0,0.0,0.0,5220.0,0.0,0.0,0.0,0.0,0.0,1
120000.0,1,3,2,28,-1,3,2,-1,-1,-1,1835.0,1651.0,390.0,390.0,282.0,-108.0,0.0,0.0,390.0,282.0,0.0,3087.0,1
360000.0,2,1,2,43,1,-1,-1,-1,-1,-1,0.0,10121.0,390.0,2809.0,390.0,390.0,10121.0,780.0,2809.0,390.0,390.0,390.0,1
30000.0,1,2,2,24,0,0,2,0,0,0,22885.0,25886.0,25172.0,27239.0,57036.0,28789.0,3700.0,0.0,2500.0,2100.0,3000.0,1700.0,1
80000.0,2,2,1,27,0,0,0,0,0,0,77039.0,78746.0,79757.0,40498.0,29212.0,29621.0,2984.0,2449.0,1612.0,798.0,1307.0,359.0,1
50000.0,1,2,2,43,0,0,0,0,0,0,50665.0,50854.0,47862.0,20246.0,20321.0,20387.0,1940.0,1407.0,704.0,730.0,796.0,520.0,1
500000.0,2,3,1,49,-1,-1,-1,2,-1,0,396.0,396.0,5792.0,396.0,792.0,396.0,396.0,5792.0,0.0,792.0,0.0,5857.0,1
70000.0,2,1,2,31,2,2,7,7,7,7,2400.0,2400.0,2400.0,2400.0,2400.0,2400.0,0.0,0.0,0.0,0.0,0.0,0.0,1
50000.0,2,3,1,34,2,2,2,2,2,2,28289.0,32783.0,33714.0,32250.0,34245.0,19719.0,5000.0,3000.0,0.0,5000.0,0.0,3000.0,1
130000.0,2,2,1,48,-1,-1,-1,2,0,-1,390.0,390.0,1170.0,780.0,390.0,390.0,390.0,1170.0,0.0,0.0,390.0,390.0,1
140000.0,2,1,2,28,0,0,0,0,0,0,138036.0,140922.0,144072.0,142381.0,142807.0,141635.0,6600.0,7000.0,5300.0,6000.0,5500.0,5500.0,1
80000.0,1,3,2,44,2,0,0,0,-2,-2,78950.0,79788.0,70319.0,0.0,0.0,0.0,2815.0,1858.0,0.0,0.0,0.0,0.0,1
20000.0,1,3,2,24,1,3,2,0,0,3,14665.0,14146.0,13634.0,14401.0,16257.0,15713.0,0.0,0.0,1300.0,2101.0,0.0,0.0,1
20000.0,1,2,2,22,1,4,3,2,0,0,17456.0,16896.0,16345.0,15785.0,17018.0,18736.0,0.0,0.0,0.0,1500.0,2000.0,2000.0,1
220000.0,1,2,1,60,-1,-1,-1,-1,-1,-1,1994.0,1598.0,6944.0,7161.0,1534.0,11248.0,1606.0,6978.0,7196.0,1541.0,11304.0,483.0,1
220000.0,1,1,2,29,1,2,2,2,2,2,31012.0,30215.0,33117.0,32286.0,34320.0,33634.0,0.0,3400.0,0.0,2576.0,0.0,2671.0,1
140000.0,2,1,2,28,1,2,0,0,0,2,99215.0,96776.0,98949.0,100673.0,106935.0,104427.0,0.0,3932.0,3717.0,8000.0,0.0,4000.0,1
160000.0,2,1,2,33,-1,-1,-2,-2,-2,-2,699.0,0.0,26808.0,0.0,0.0,0.0,0.0,26808.0,0.0,0.0,0.0,0.0,1
30000.0,2,2,1,56,2,2,2,2,2,2,14909.0,15565.0,16620.0,16056.0,17386.0,16968.0,1200.0,1600.0,0.0,1600.0,0.0,700.0,1
30000.0,1,2,1,39,1,2,2,0,0,2,22595.0,24928.0,24230.0,26811.0,28702.0,28092.0,3000.0,0.0,3000.0,2327.0,0.0,1200.0,1
30000.0,2,1,2,24,0,-1,-1,0,0,0,30900.0,410.0,28883.0,24291.0,27503.0,28142.0,410.0,28883.0,1710.0,6000.0,1200.0,1175.0,1
80000.0,1,3,1,52,1,2,2,2,2,2,13701.0,13034.0,4119.0,2705.0,2855.0,1411.0,0.0,1200.0,0.0,1411.0,0.0,390.0,1
30000.0,2,2,1,47,2,2,2,0,0,0,25893.0,30628.0,29368.0,27769.0,25999.0,26924.0,5501.0,22.0,2000.0,1000.0,2000.0,2039.0,1
220000.0,2,1,1,49,-2,-2,-2,-2,-2,-2,0.0,0.0,0.0,0.0,4488.0,540.0,0.0,0.0,0.0,4488.0,540.0,0.0,1
80000.0,2,3,1,34,0,0,2,2,2,0,43321.0,47586.0,48525.0,49423.0,46132.0,47233.0,5000.0,2000.0,2000.0,0.0,2000.0,2000.0,1
300000.0,2,1,2,30,-2,-2,-2,-2,-2,-2,0.0,0.0,0.0,0.0,0.0,0.0,0.0,0.0,0.0,0.0,0.0,0.0,1
90000.0,2,2,2,25,-1,0,0,2,3,2,23662.0,25970.0,28531.0,30072.0,29323.0,28709.0,3000.0,3000.0,2300.0,0.0,0.0,4860.0,1
190000.0,2,1,2,28,2,2,2,2,2,2,159438.0,163684.0,166163.0,168592.0,171923.0,169165.0,8150.0,6500.0,6500.0,6000.0,0.0,6200.0,1
120000.0,2,1,2,31,1,-1,-1,0,-1,-1,0.0,1730.0,2457.0,2192.0,2655.0,0.0,1730.0,2459.0,0.0,2655.0,0.0,0.0,1
50000.0,2,2,2,37,1,2,2,2,2,2,14008.0,13493.0,17259.0,16684.0,18017.0,17581.0,0.0,4000.0,0.0,1600.0,0.0,3000.0,1
180000.0,2,2,2,28,8,7,6,5,4,3,197231.0,194309.0,189981.0,185559.0,181137.0,184009.0,0.0,0.0,0.0,0.0,6000.0,0.0,1
30000.0,2,2,2,23,0,0,0,0,0,0,28420.0,27929.0,28920.0,27997.0,28378.0,29321.0,1482.0,1703.0,1001.0,1500.0,1845.0,1001.0,1
80000.0,2,1,2,26,0,0,0,0,0,0,78128.0,71083.0,58715.0,39389.0,12012.0,2900.0,3362.0,1389.0,889.0,900.0,58.0,0.0,1
210000.0,2,1,1,50,-1,-1,-1,-1,-1,-1,90.0,90.0,90.0,90.0,180.0,90.0,90.0,90.0,90.0,180.0,0.0,90.0,1
370000.0,1,1,2,36,0,0,0,0,0,0,297678.0,306455.0,307734.0,225974.0,231720.0,222733.0,12033.0,12015.0,7035.0,15037.0,7066.0,8000.0,1
100000.0,1,2,2,31,1,2,2,2,3,2,24377.0,25167.0,24541.0,27304.0,26669.0,26172.0,1400.0,0.0,3100.0,0.0,0.0,2000.0,1
10000.0,1,2,1,29,0,0,0,0,0,0,8275.0,8409.0,8600.0,9470.0,6690.0,9690.0,2800.0,2000.0,1500.0,900.0,3000.0,0.0,1
50000.0,2,1,1,38,0,0,-1,-1,-1,-1,19926.0,21658.0,3445.0,99.0,949.0,137.0,4158.0,3500.0,1000.0,1000.0,200.0,900.0,1
340000.0,2,3,1,44,3,3,2,0,0,0,160596.0,155508.0,149627.0,150733.0,140171.0,134203.0,6.0,8.0,5117.0,5008.0,5021.0,6026.0,1
30000.0,2,2,1,22,-1,-1,-2,-1,0,0,4476.0,5814.0,5254.0,15570.0,10117.0,1875.0,5841.0,5280.0,15587.0,325.0,0.0,1400.0,1
50000.0,2,2,2,42,5,4,3,2,0,0,20235.0,19635.0,19045.0,18300.0,17900.0,17900.0,0.0,0.0,0.0,0.0,0.0,0.0,1
20000.0,2,2,2,46,1,2,2,2,0,0,16626.0,16071.0,19205.0,19712.0,19249.0,38900.0,0.0,3473.0,1000.0,727.0,1100.0,1100.0,1
220000.0,1,1,1,35,-1,-1,-1,-1,0,-1,753.0,6213.0,762.0,5106.0,700.0,1364.0,6220.0,762.0,5806.0,0.0,1364.0,500.0,1
160000.0,2,2,1,36,-2,-2,-2,-2,-2,-2,-20.0,-20.0,3640.0,2935.0,1603.0,14129.0,0.0,3660.0,3135.0,1650.0,14200.0,1500.0,1
50000.0,1,2,1,39,2,2,2,2,2,2,31476.0,30676.0,33261.0,32427.0,34579.0,35476.0,0.0,3400.0,0.0,2700.0,1600.0,1500.0,1
80000.0,1,2,1,54,0,0,0,0,0,0,80449.0,77652.0,77980.0,79938.0,50209.0,49762.0,2779.0,3075.0,5000.0,1750.0,1810.0,3000.0,1
30000.0,2,1,2,24,2,2,2,0,0,0,31202.0,32801.0,30092.0,30148.0,30222.0,28949.0,2415.0,0.0,1045.0,915.0,1063.0,409.0,1
220000.0,1,3,1,30,0,0,0,0,2,0,162105.0,170592.0,173969.0,183030.0,181385.0,174107.0,10000.0,5013.0,10626.0,52.0,5255.0,4222.0,1
210000.0,1,2,1,41,2,2,2,2,2,2,85639.0,87705.0,90376.0,90687.0,91888.0,93852.0,4200.0,4800.0,2500.0,3900.0,3400.0,3400.0,1
80000.0,2,2,1,40,2,0,0,-2,-2,-2,80934.0,82150.0,0.0,0.0,0.0,0.0,3800.0,0.0,0.0,0.0,0.0,0.0,1
30000.0,2,2,1,30,1,5,4,3,2,2,28534.0,27805.0,27090.0,26361.0,26831.0,27552.0,0.0,0.0,0.0,1200.0,1300.0,985.0,1
70000.0,2,1,2,23,0,0,0,0,0,0,7531.0,8545.0,9588.0,10900.0,46462.0,47599.0,1145.0,1188.0,1500.0,36000.0,2000.0,1668.0,1
100000.0,2,2,2,31,2,2,2,2,2,2,41052.0,42081.0,41131.0,43637.0,42635.0,45440.0,2000.0,0.0,3500.0,0.0,3500.0,2000.0,1
50000.0,1,2,1,31,0,0,0,2,2,2,42159.0,43172.0,46450.0,45402.0,48677.0,47740.0,2000.0,4000.0,0.0,4000.0,0.0,2300.0,1
150000.0,2,2,2,28,2,0,0,0,0,0,89336.0,90337.0,84905.0,86814.0,73827.0,60284.0,4027.0,4004.0,5016.0,5004.0,3000.0,5005.0,1
140000.0,2,1,2,27,2,2,2,2,2,2,94903.0,96912.0,98015.0,99155.0,100979.0,99251.0,4400.0,3600.0,3600.0,3500.0,0.0,3470.0,1
100000.0,1,1,2,35,-1,2,0,0,-1,0,1818.0,1644.0,2449.0,-571.0,40342.0,41113.0,0.0,1020.0,0.0,41113.0,1000.0,1400.0,1
20000.0,2,1,2,24,-1,-1,-1,2,2,2,390.0,707.0,1320.0,930.0,780.0,240.0,1097.0,1003.0,0.0,240.0,0.0,780.0,1
360000.0,1,1,2,65,1,-2,-2,-2,-2,-2,0.0,0.0,0.0,0.0,0.0,0.0,0.0,0.0,0.0,0.0,0.0,0.0,1
150000.0,1,2,1,51,2,2,0,0,2,2,17307.0,16736.0,17491.0,24882.0,25229.0,24688.0,0.0,1329.0,7720.0,1051.0,0.0,1987.0,1
30000.0,2,3,1,23,1,2,0,0,0,2,30380.0,25839.0,25963.0,27030.0,29079.0,29865.0,1.0,1433.0,1500.0,2500.0,1400.0,1400.0,1
50000.0,1,2,2,31,0,0,0,0,2,0,48548.0,49579.0,27496.0,20414.0,19978.0,18547.0,2032.0,1304.0,1500.0,0.0,868.0,1000.0,1
280000.0,1,1,1,60,-1,2,2,-2,-1,-1,495.0,109.0,-780.0,-1170.0,1473.0,558.0,4.0,390.0,0.0,3033.0,558.0,1320.0,1
90000.0,2,1,2,42,2,0,0,0,0,0,88346.0,85975.0,86302.0,67592.0,69518.0,68228.0,3500.0,3500.0,3000.0,3000.0,3000.0,2800.0,1
200000.0,2,2,1,51,0,0,0,0,0,2,128208.0,131152.0,133976.0,136646.0,145147.0,142651.0,5000.0,5000.0,4888.0,10700.0,0.0,10100.0,1
160000.0,1,1,2,48,-1,2,2,-2,-2,-2,23037.0,22260.0,0.0,0.0,0.0,0.0,0.0,0.0,0.0,0.0,0.0,0.0,1
210000.0,2,2,2,25,0,0,0,0,0,0,79453.0,61742.0,65068.0,73934.0,74752.0,82638.0,3000.0,5000.0,10000.0,2800.0,10000.0,5000.0,1
440000.0,2,2,1,45,-1,-1,-1,3,2,2,600.0,-420.0,417.0,2217.0,1321.0,8879.0,0.0,1937.0,1800.0,0.0,8480.0,0.0,1
230000.0,2,1,1,31,-2,-2,-2,-2,-2,-2,0.0,0.0,0.0,0.0,0.0,0.0,0.0,0.0,0.0,0.0,0.0,0.0,1
200000.0,1,2,2,30,-2,-2,-2,-2,-2,-2,48492.0,49934.0,24753.0,123439.0,132269.0,129224.0,20294.0,24891.0,125171.0,17816.0,26269.0,4349.0,1
20000.0,1,2,2,49,2,0,0,0,0,0,7823.0,8691.0,9701.0,9894.0,10102.0,10534.0,1151.0,1161.0,354.0,367.0,600.0,600.0,1
200000.0,2,2,1,35,2,0,0,0,0,0,51609.0,53165.0,55285.0,57370.0,59454.0,63461.0,3000.0,3000.0,3000.0,3000.0,5000.0,0.0,1
20000.0,1,3,1,49,0,0,0,-2,-2,-2,10823.0,11180.0,0.0,0.0,0.0,0.0,1400.0,0.0,0.0,0.0,0.0,0.0,1
30000.0,1,2,2,37,4,3,2,-1,0,0,3565.0,3356.0,2758.0,20878.0,20582.0,19357.0,0.0,0.0,22000.0,4200.0,2000.0,3100.0,1
200000.0,1,2,2,29,-1,0,0,2,0,0,10538.0,16201.0,20926.0,20260.0,24754.0,29383.0,6201.0,5000.0,0.0,5000.0,5054.0,5054.0,1
180000.0,1,1,2,29,-1,-1,-1,-1,-1,-1,996.0,1593.0,2597.0,998.0,847.0,1912.0,1597.0,2604.0,1001.0,849.0,1915.0,4055.0,1
150000.0,2,2,1,50,0,0,0,0,0,0,145268.0,111500.0,101996.0,56503.0,38650.0,28775.0,6005.0,4450.0,3243.0,2000.0,2000.0,1000.0,1
180000.0,1,1,2,30,1,-1,-1,-2,-2,-2,0.0,1186.0,0.0,0.0,0.0,0.0,1186.0,0.0,0.0,0.0,0.0,0.0,1
120000.0,2,3,1,46,-1,-1,-2,-2,-2,-2,4940.0,0.0,0.0,0.0,0.0,0.0,0.0,0.0,0.0,0.0,0.0,0.0,1
30000.0,1,2,2,28,2,2,2,2,0,0,35991.0,35751.0,34639.0,32493.0,32001.0,33064.0,2000.0,1200.0,0.0,1500.0,3100.0,0.0,1
30000.0,2,3,2,48,-1,-1,-1,-1,-1,-1,2946.0,0.0,390.0,390.0,390.0,0.0,0.0,390.0,390.0,390.0,0.0,780.0,1
80000.0,1,1,1,36,1,2,3,2,-1,-1,8415.0,10305.0,9979.0,1261.0,1261.0,1261.0,2181.0,0.0,0.0,1261.0,1261.0,1261.0,1
50000.0,2,2,2,29,2,2,2,2,2,0,43629.0,46376.0,45354.0,49086.0,48027.0,49037.0,3790.0,0.0,4500.0,0.0,1751.0,1736.0,1
40000.0,1,1,2,26,2,0,0,2,2,0,36460.0,37549.0,40527.0,41036.0,39103.0,38945.0,2000.0,3900.0,1500.0,0.0,1600.0,1600.0,1
80000.0,1,2,1,61,0,0,0,0,0,0,81647.0,65470.0,73855.0,41003.0,29690.0,27596.0,5500.0,10000.0,7003.0,4700.0,3600.0,3500.0,1
100000.0,2,1,2,27,1,2,0,0,0,0,53213.0,50842.0,48205.0,47324.0,45723.0,46708.0,6.0,2031.0,1800.0,2000.0,1900.0,2000.0,1
330000.0,2,2,1,27,1,-2,-2,-2,-2,-2,0.0,0.0,0.0,0.0,0.0,0.0,0.0,0.0,0.0,0.0,0.0,0.0,1
70000.0,1,2,2,31,0,0,0,0,2,0,46079.0,47232.0,48618.0,51134.0,50222.0,48874.0,2200.0,2500.0,3600.0,0.0,1754.0,1892.0,1
620000.0,2,2,1,45,2,2,0,0,0,0,160837.0,156839.0,160440.0,163781.0,167159.0,170894.0,0.0,6200.0,6000.0,6000.0,6500.0,6000.0,1
130000.0,1,1,2,34,2,2,2,0,0,2,72996.0,75241.0,73442.0,75115.0,79230.0,81278.0,4000.0,0.0,3500.0,5500.0,3500.0,0.0,1
360000.0,2,2,1,28,-2,2,0,-1,-1,-1,9278.0,6198.0,5154.0,2453.0,570.0,0.0,6213.0,1025.0,2465.0,572.0,0.0,0.0,1
200000.0,2,2,1,29,-2,-2,-2,-2,-2,-2,8350.0,14139.0,3580.0,6386.0,868.0,10415.0,14185.0,7425.0,6386.0,868.0,10647.0,4320.0,1
120000.0,2,2,2,35,-1,-1,-1,-1,-1,-1,240.0,240.0,240.0,240.0,240.0,240.0,240.0,240.0,240.0,240.0,240.0,240.0,1
160000.0,2,2,1,34,-1,-1,-1,-1,-1,-1,2734.0,0.0,625.0,406.0,338.0,0.0,0.0,625.0,406.0,338.0,0.0,0.0,1
20000.0,1,3,2,48,3,2,2,7,7,7,250.0,250.0,250.0,250.0,250.0,250.0,0.0,0.0,0.0,0.0,0.0,0.0,1
450000.0,2,1,1,42,1,-2,-2,-1,-1,-2,-200.0,-200.0,0.0,42000.0,0.0,0.0,0.0,200.0,42000.0,0.0,0.0,0.0,1
50000.0,2,2,3,30,1,3,2,0,0,0,52515.0,51424.0,49967.0,20036.0,20076.0,37615.0,0.0,0.0,2000.0,1000.0,1000.0,1600.0,1
20000.0,2,1,2,24,0,0,0,0,2,0,15451.0,16789.0,18203.0,19602.0,16121.0,15321.0,1600.0,2000.0,4000.0,0.0,1500.0,2000.0,1
120000.0,2,2,2,31,-2,-2,-2,-2,-2,-2,140.0,140.0,4836.0,3780.0,7501.0,3300.0,140.0,4836.0,4034.0,7501.0,3300.0,0.0,1
110000.0,1,2,1,30,0,0,2,0,0,0,100908.0,105371.0,52113.0,53317.0,54040.0,54805.0,7000.0,0.0,2053.0,2500.0,2200.0,2156.0,1
70000.0,1,2,1,37,2,2,2,2,2,2,60514.0,61923.0,62740.0,63090.0,64470.0,65828.0,3000.0,2400.0,2000.0,3000.0,2508.0,0.0,1
230000.0,1,3,1,61,1,-2,-2,-2,-2,-2,0.0,0.0,0.0,0.0,0.0,0.0,0.0,0.0,0.0,0.0,0.0,0.0,1
30000.0,2,2,1,26,2,0,0,0,0,2,25369.0,23073.0,21520.0,18669.0,15710.0,15308.0,1700.0,1600.0,700.0,1401.0,0.0,600.0,1
210000.0,1,2,1,31,-1,-1,-1,-1,-1,0,326.0,326.0,326.0,326.0,652.0,326.0,326.0,326.0,326.0,652.0,0.0,326.0,1
20000.0,1,2,2,23,0,0,0,0,0,0,18963.0,19904.0,18038.0,19032.0,17372.0,17893.0,1300.0,1400.0,1300.0,700.0,800.0,1000.0,1
380000.0,2,1,2,40,0,-1,-1,-1,-1,0,4366.0,2566.0,4174.0,-192.0,15011.0,12990.0,2566.0,4174.0,192.0,16350.0,2000.0,55500.0,1
30000.0,1,2,2,29,7,6,5,4,3,2,33666.0,32875.0,32101.0,31071.0,30136.0,28496.0,0.0,0.0,0.0,0.0,0.0,1642.0,1
230000.0,2,1,2,35,-1,-1,-2,-2,-2,-2,2630.0,0.0,0.0,0.0,0.0,0.0,0.0,0.0,0.0,0.0,0.0,0.0,1
70000.0,1,1,2,33,0,0,0,0,0,0,66874.0,132127.0,52335.0,27374.0,27133.0,10721.0,2423.0,4136.0,1024.0,1215.0,435.0,186.0,1
50000.0,2,3,1,26,1,2,0,0,0,0,48421.0,42779.0,34992.0,25916.0,27207.0,26192.0,0.0,1424.0,1500.0,1677.0,1500.0,1500.0,1
30000.0,2,2,1,37,3,3,3,2,0,0,27672.0,28911.0,29163.0,28380.0,28636.0,30290.0,2000.0,1000.0,0.0,1000.0,2100.0,1500.0,1
50000.0,1,2,1,48,2,2,2,2,2,2,44489.0,45470.0,46424.0,45377.0,48441.0,47511.0,2000.0,2000.0,0.0,3800.0,0.0,1800.0,1
50000.0,2,3,1,40,0,0,0,0,0,0,48489.0,49495.0,50866.0,48390.0,17953.0,23.0,1813.0,2184.0,1248.0,359.0,0.0,20706.0,1
420000.0,2,1,2,33,-2,-2,-2,-2,-2,-2,6135.0,-2314.0,-3859.0,172.0,3859.0,8274.0,51.0,0.0,4031.0,3859.0,5000.0,0.0,1
400000.0,1,2,2,29,0,0,0,0,0,0,41008.0,42351.0,43146.0,44227.0,45062.0,46012.0,2005.0,1800.0,1800.0,1700.0,1700.0,1800.0,1
440000.0,1,1,2,52,2,0,0,0,0,0,424606.0,418158.0,410821.0,403658.0,412248.0,456264.0,15010.0,14660.0,14500.0,15089.0,51000.0,27000.0,1
20000.0,1,1,1,24,-1,-1,-1,-1,-1,-1,625.0,702.0,316.0,316.0,316.0,316.0,709.0,316.0,316.0,316.0,316.0,316.0,1
150000.0,1,2,1,57,2,2,2,2,2,2,14496.0,15546.0,16303.0,15744.0,16582.0,17166.0,1600.0,1300.0,0.0,1100.0,1000.0,1000.0,1
100000.0,1,1,2,27,-1,-1,-1,2,-1,0,194.0,678.0,1032.0,516.0,998.0,482.0,1000.0,1032.0,0.0,998.0,0.0,800.0,1
20000.0,1,3,2,26,2,0,0,0,0,0,14081.0,15835.0,16985.0,19985.0,9421.0,9764.0,2000.0,2000.0,3000.0,1000.0,500.0,1000.0,1
20000.0,2,2,1,25,-1,-1,-1,-1,-1,-1,3454.0,6875.0,13936.0,2816.0,7419.0,165.0,6885.0,14523.0,2816.0,7419.0,0.0,16963.0,1
100000.0,2,3,1,50,2,2,2,2,-1,0,117517.0,110537.0,99734.0,99973.0,71008.0,66735.0,4700.0,0.0,3000.0,103000.0,2500.0,3000.0,1
390000.0,2,2,1,45,1,-2,-2,-2,-2,-2,0.0,0.0,0.0,0.0,0.0,0.0,0.0,0.0,0.0,0.0,0.0,3971.0,1
310000.0,1,1,2,37,-2,-2,-2,-2,-2,-2,0.0,0.0,0.0,0.0,0.0,0.0,0.0,0.0,0.0,0.0,0.0,0.0,1
60000.0,1,2,1,47,0,0,0,0,0,2,29324.0,30333.0,31835.0,33602.0,38127.0,37382.0,1500.0,2000.0,2300.0,5100.0,0.0,2000.0,1
160000.0,2,2,1,40,-2,-2,-2,-2,-2,-2,766.0,766.0,766.0,766.0,0.0,27547.0,766.0,766.0,766.0,0.0,27547.0,20238.0,1
180000.0,1,1,1,35,1,2,2,2,2,2,133424.0,134835.0,131176.0,139976.0,138325.0,146136.0,5000.0,0.0,11000.0,700.0,10300.0,0.0,1
300000.0,2,1,1,34,2,0,0,2,0,0,74917.0,70878.0,68463.0,52987.0,46867.0,16335.0,3028.0,4560.0,78.0,3171.0,5015.0,5047.0,1
90000.0,2,2,1,40,2,2,2,2,2,0,4918.0,4694.0,6547.0,7481.0,7212.0,7595.0,0.0,2100.0,1200.0,0.0,500.0,1000.0,1
70000.0,1,3,1,50,2,3,2,2,2,0,56781.0,55327.0,52927.0,30432.0,16546.0,16722.0,2.0,3.0,2214.0,0.0,600.0,800.0,1
500000.0,1,1,1,45,-1,-1,-1,-1,-1,-1,5307.0,6583.0,5650.0,4472.0,67798.0,65653.0,6616.0,5678.0,4495.0,67969.0,65814.0,38464.0,1
80000.0,2,2,2,36,2,2,2,0,0,0,82177.0,89893.0,80774.0,80082.0,78545.0,76742.0,10096.0,0.0,3800.0,3125.0,2783.0,3000.0,1
80000.0,2,3,2,26,2,2,2,2,2,0,41586.0,44690.0,43671.0,49683.0,48757.0,49782.0,3775.0,0.0,6768.0,0.0,1834.0,1744.0,1
60000.0,2,2,2,27,0,0,0,0,0,0,57697.0,48934.0,44653.0,44056.0,42210.0,41796.0,2200.0,5000.0,2000.0,1500.0,2000.0,1600.0,1
230000.0,2,2,1,46,-1,-1,-1,-1,-1,-1,4328.0,1518.0,1958.0,368.0,1613.0,1371.0,1518.0,1972.0,368.0,1613.0,1371.0,752.0,1
90000.0,1,4,2,26,-2,-2,-2,-2,-2,-2,2862.0,0.0,0.0,1000.0,326.0,326.0,0.0,0.0,1000.0,326.0,326.0,1178.0,1
90000.0,2,2,1,27,2,2,2,0,0,0,85753.0,87510.0,85188.0,87112.0,169533.0,90316.0,4000.0,0.0,4200.0,3285.0,7787.0,4000.0,1
70000.0,2,2,1,27,2,2,2,0,0,2,25773.0,28943.0,28184.0,28449.0,30379.0,30931.0,3600.0,0.0,1030.0,2400.0,1200.0,0.0,1
60000.0,2,2,1,47,0,0,0,2,-1,2,27970.0,28004.0,31688.0,30448.0,452.0,302.0,1456.0,4140.0,0.0,904.0,0.0,12985.0,1
80000.0,2,3,1,40,-1,2,-1,-1,-1,-1,780.0,390.0,390.0,25190.0,390.0,390.0,0.0,390.0,25190.0,390.0,390.0,9278.0,1
90000.0,2,3,1,47,2,2,2,0,0,0,92454.0,94156.0,91710.0,79884.0,49810.0,51012.0,4100.0,0.0,3424.0,1790.0,2012.0,1814.0,1
140000.0,1,1,2,32,0,0,0,0,2,0,46134.0,50890.0,59395.0,73225.0,56999.0,61050.0,5890.0,9395.0,15000.0,0.0,5000.0,7086.0,1
100000.0,2,2,2,24,1,-1,-1,-2,-2,-1,0.0,670.0,0.0,0.0,0.0,150.0,670.0,0.0,0.0,0.0,150.0,477.0,1
260000.0,2,3,1,44,0,0,0,0,0,0,259346.0,234428.0,176632.0,129022.0,131447.0,135699.0,9428.0,6729.0,5022.0,4447.0,5699.0,5498.0,1
50000.0,2,2,2,23,0,0,0,2,0,0,16370.0,15373.0,12065.0,10199.0,9261.0,6816.0,1524.0,2588.0,0.0,284.0,1000.0,1000.0,1
170000.0,2,2,1,32,1,2,-1,-1,0,0,9990.0,4647.0,1399.0,6548.0,1399.0,0.0,0.0,1399.0,6548.0,0.0,0.0,0.0,1
80000.0,2,2,1,38,-1,-1,-1,-1,-1,-1,1894.0,316.0,316.0,514.0,316.0,1605.0,316.0,316.0,514.0,316.0,1605.0,316.0,1
310000.0,1,2,2,42,0,0,0,0,0,0,169749.0,172685.0,176630.0,180315.0,184072.0,188194.0,7000.0,6630.0,6379.0,6586.0,7086.0,7522.0,1
200000.0,2,2,1,36,2,0,0,0,0,0,197810.0,201362.0,164183.0,136199.0,139209.0,135742.0,9051.0,7000.0,5000.0,5000.0,5000.0,5000.0,1
40000.0,2,2,2,24,0,0,0,2,2,0,33370.0,34413.0,37644.0,38026.0,36519.0,36724.0,1600.0,3800.0,1300.0,0.0,1400.0,1400.0,1
250000.0,2,1,2,48,1,-2,-2,-2,-2,-2,0.0,0.0,0.0,0.0,0.0,0.0,0.0,0.0,0.0,0.0,0.0,0.0,1
70000.0,2,3,1,35,3,2,2,2,0,0,69852.0,67531.0,28650.0,27590.0,27850.0,28085.0,0.0,2708.0,0.0,1010.0,1013.0,2000.0,1
50000.0,1,2,2,22,2,2,2,0,0,0,13752.0,17945.0,17807.0,17430.0,18262.0,14224.0,4448.0,1003.0,1000.0,1014.0,1004.0,1468.0,1
180000.0,1,1,1,36,0,0,0,0,0,0,163736.0,116422.0,99278.0,95766.0,97753.0,95927.0,4655.0,2690.0,2067.0,2142.0,2217.0,1000.0,1
350000.0,2,1,2,44,1,2,2,2,2,-1,8651.0,8890.0,1772.0,1957.0,1807.0,11811.0,1871.0,7.0,1807.0,0.0,11811.0,5628.0,1
210000.0,2,1,1,23,-2,-2,-2,-1,0,0,0.0,0.0,0.0,29337.0,30362.0,31356.0,0.0,0.0,29337.0,1500.0,1500.0,1500.0,1
260000.0,2,1,1,38,-2,-2,-1,-1,-2,-2,629.0,622.0,3074.0,0.0,688.0,2605.0,625.0,3084.0,691.0,0.0,2613.0,378.0,1
20000.0,2,2,2,22,-1,-1,2,0,0,-1,631.0,1170.0,780.0,390.0,0.0,780.0,1800.0,0.0,0.0,0.0,2000.0,0.0,1
300000.0,1,1,1,54,-1,-1,-1,-1,-1,-1,206.0,555.0,0.0,718.0,468.0,366.0,555.0,0.0,718.0,468.0,366.0,0.0,1
50000.0,1,2,1,38,3,2,3,2,2,2,33759.0,36388.0,35527.0,36247.0,35367.0,37537.0,3500.0,0.0,1600.0,0.0,2900.0,0.0,1
330000.0,2,1,2,38,-2,-2,-2,-2,-2,-2,0.0,0.0,0.0,0.0,0.0,0.0,0.0,0.0,0.0,0.0,0.0,0.0,1
210000.0,2,1,2,31,2,2,2,2,0,0,131297.0,128743.0,129104.0,125887.0,112439.0,104537.0,9735.0,4000.0,0.0,4000.0,3850.0,12203.0,1
230000.0,1,1,2,42,-2,-2,-2,-2,-2,-2,380.0,380.0,380.0,380.0,380.0,380.0,380.0,380.0,380.0,380.0,380.0,380.0,1
390000.0,2,1,2,27,0,0,0,0,0,0,304867.0,299998.0,300426.0,292869.0,292885.0,281826.0,13007.0,10612.0,10041.0,11000.0,10512.0,7000.0,1
160000.0,2,2,2,27,1,-1,-1,-2,-2,-2,0.0,418.0,0.0,0.0,0.0,0.0,418.0,0.0,0.0,0.0,0.0,0.0,1
50000.0,1,3,1,36,1,3,2,5,4,3,21031.0,20411.0,23766.0,23114.0,22173.0,21521.0,0.0,4000.0,0.0,0.0,0.0,1250.0,1
200000.0,1,1,1,46,1,2,2,2,2,2,73537.0,71796.0,80453.0,58257.0,97180.0,95531.0,0.0,10000.0,0.0,40000.0,0.0,15000.0,1
80000.0,2,2,2,27,-1,0,0,0,0,0,45198.0,45572.0,40910.0,40969.0,41275.0,41637.0,2000.0,2000.0,1600.0,1500.0,1550.0,1600.0,1
20000.0,1,1,2,25,2,2,4,4,3,2,2902.0,6888.0,7638.0,7388.0,6991.0,33327.0,4200.0,1000.0,0.0,0.0,27150.0,900.0,1
140000.0,2,2,1,36,-1,-1,-1,-1,0,-1,165.0,341.0,165.0,1031.0,487.0,863.0,341.0,165.0,1031.0,0.0,863.0,487.0,1
20000.0,1,3,2,24,3,3,2,2,2,2,15846.0,16283.0,17325.0,17542.0,17756.0,18023.0,1000.0,1600.0,800.0,800.0,700.0,800.0,1
90000.0,2,2,2,24,2,0,0,2,0,0,89346.0,89466.0,93755.0,89706.0,89221.0,91596.0,4100.0,8245.0,0.0,3450.0,7200.0,0.0,1
60000.0,2,2,1,50,2,0,0,0,0,0,60199.0,60742.0,60841.0,58902.0,19352.0,19523.0,2800.0,2600.0,2107.0,1000.0,1000.0,705.0,1
60000.0,2,2,2,24,2,2,2,2,2,2,27583.0,26860.0,28601.0,29819.0,30192.0,31045.0,0.0,2500.0,2000.0,1000.0,1500.0,0.0,1
20000.0,2,2,2,22,3,4,3,2,0,0,22353.0,21720.0,21098.0,20334.0,19943.0,19956.0,0.0,0.0,0.0,458.0,463.0,235.0,1
500000.0,2,1,2,35,-2,-2,-2,-2,-2,-2,-73.0,-73.0,-73.0,-73.0,-73.0,-73.0,0.0,0.0,0.0,0.0,0.0,0.0,1
10000.0,1,3,1,42,2,2,0,0,2,0,9013.0,8714.0,9121.0,9926.0,8898.0,7667.0,0.0,1200.0,1500.0,0.0,1000.0,3000.0,1
140000.0,1,2,1,30,0,0,0,0,0,0,134203.0,127319.0,107496.0,69218.0,70702.0,72267.0,5000.0,3500.0,2700.0,2600.0,2742.0,2700.0,1
120000.0,2,2,2,27,1,1,-2,-2,-2,-2,11238.0,0.0,0.0,0.0,0.0,0.0,0.0,0.0,0.0,0.0,0.0,0.0,1
20000.0,1,2,1,31,-1,-1,-1,0,-1,-1,836.0,390.0,780.0,390.0,390.0,0.0,390.0,780.0,0.0,390.0,0.0,780.0,1
500000.0,1,1,1,37,-2,-2,-2,-2,-2,-2,0.0,0.0,0.0,0.0,0.0,0.0,0.0,0.0,0.0,0.0,0.0,0.0,1
50000.0,1,1,2,29,2,2,2,2,0,0,45728.0,48772.0,50614.0,49009.0,45856.0,47891.0,3800.0,3000.0,5.0,1800.0,3600.0,0.0,1
160000.0,2,1,1,34,1,-2,-2,-1,0,-1,-49.0,-375.0,-1027.0,603.0,277.0,1451.0,0.0,0.0,1630.0,0.0,1500.0,0.0,1
110000.0,1,2,2,29,1,2,2,0,0,0,58362.0,56598.0,51908.0,48647.0,47862.0,47969.0,2500.0,0.0,2000.0,2000.0,1854.0,2000.0,1
30000.0,1,3,2,50,2,2,0,0,0,0,53237.0,46868.0,42397.0,38569.0,33570.0,19895.0,0.0,1800.0,2200.0,1400.0,2000.0,30000.0,1
50000.0,1,3,1,47,2,2,2,0,0,0,39892.0,42704.0,34909.0,33528.0,16205.0,16593.0,3600.0,5.0,1309.0,800.0,800.0,750.0,1
130000.0,1,2,2,31,0,0,0,0,0,0,122486.0,116437.0,112881.0,96191.0,88934.0,90633.0,6013.0,4911.0,3533.0,3301.0,3607.0,5516.0,1
150000.0,1,2,1,39,2,2,0,0,0,2,117485.0,114166.0,116491.0,118839.0,126102.0,123914.0,0.0,4225.0,4282.0,9207.0,0.0,4679.0,1
280000.0,2,1,2,62,2,2,2,2,2,2,2500.0,2500.0,2500.0,2500.0,2500.0,2500.0,0.0,0.0,0.0,0.0,0.0,0.0,1
50000.0,1,3,1,38,2,0,0,2,2,0,37501.0,34942.0,37502.0,34653.0,31352.0,29605.0,2000.0,3455.0,1007.0,8.0,2002.0,2029.0,1
30000.0,2,1,2,25,0,0,0,0,0,-2,25115.0,26287.0,26602.0,21000.0,0.0,0.0,1886.0,1620.0,0.0,0.0,0.0,0.0,1
180000.0,2,2,2,24,1,2,2,2,2,2,108580.0,105403.0,112073.0,111345.0,98404.0,102460.0,0.0,8564.0,4000.0,0.0,7414.0,0.0,1
200000.0,2,1,1,41,1,-1,0,-1,2,0,2217.0,61328.0,2877.0,160944.0,156864.0,160066.0,61634.0,2877.0,160944.0,0.0,5900.0,13000.0,1
390000.0,2,3,1,38,-2,-2,-2,-2,-1,-1,241.0,0.0,0.0,0.0,739.0,0.0,0.0,0.0,0.0,739.0,0.0,0.0,1
200000.0,2,2,1,34,1,-1,-1,-1,0,0,2500.0,9814.0,0.0,4379.0,1699.0,0.0,9814.0,0.0,4379.0,0.0,0.0,0.0,1
30000.0,1,2,1,39,2,0,0,0,0,2,18557.0,19643.0,20721.0,21867.0,24291.0,23766.0,1700.0,1700.0,1800.0,3100.0,0.0,565.0,1
20000.0,2,3,2,45,0,0,0,0,0,0,14381.0,15701.0,17137.0,18541.0,18909.0,19464.0,1564.0,2000.0,2000.0,677.0,860.0,1000.0,1
30000.0,1,2,1,33,2,2,0,0,0,0,42646.0,30060.0,28391.0,26156.0,25377.0,27422.0,2159.0,1500.0,1000.0,1000.0,3800.0,0.0,1
50000.0,2,3,1,32,0,0,0,0,0,0,33231.0,34544.0,35976.0,15996.0,32714.0,16720.0,1868.0,2300.0,1239.0,600.0,600.0,600.0,1
20000.0,1,2,2,47,1,2,2,2,0,0,8557.0,8271.0,11127.0,10657.0,11178.0,11840.0,0.0,3000.0,0.0,1000.0,1000.0,1900.0,1
340000.0,2,2,2,33,0,0,0,0,0,0,336190.0,301626.0,306575.0,311784.0,318320.0,325028.0,10300.0,10302.0,10365.0,10750.0,11150.0,11271.0,1
470000.0,1,3,2,37,2,2,0,0,0,0,519901.0,499024.0,494290.0,470617.0,398523.0,389927.0,0.0,20600.0,19000.0,14000.0,13600.0,13600.0,1
100000.0,2,1,1,49,1,2,0,0,0,2,103307.0,97590.0,99560.0,95952.0,98744.0,97896.0,0.0,4700.0,4400.0,6000.0,2000.0,4000.0,1
70000.0,1,2,2,30,0,0,2,2,2,2,17526.0,20235.0,19612.0,22170.0,22612.0,22101.0,3000.0,0.0,2900.0,942.0,0.0,1000.0,1
30000.0,2,2,1,38,0,0,2,0,0,2,2433.0,4772.0,2897.0,3236.0,3575.0,1764.0,4000.0,0.0,2000.0,2000.0,0.0,1900.0,1
150000.0,1,1,2,31,2,2,2,2,2,3,57504.0,58590.0,64813.0,63048.0,120660.0,122762.0,2500.0,7628.0,0.0,61923.0,4500.0,3900.0,1
210000.0,2,2,2,44,0,0,0,0,0,0,308361.0,314507.0,320167.0,327871.0,34285.0,30900.0,9408.0,10300.0,11642.0,1602.0,1500.0,0.0,1
30000.0,2,2,1,45,1,2,2,2,2,2,23155.0,22490.0,26789.0,26065.0,27408.0,26831.0,0.0,5000.0,0.0,2084.0,0.0,2305.0,1
60000.0,2,2,2,23,0,0,0,0,0,0,55765.0,56619.0,54636.0,18293.0,18107.0,18803.0,2600.0,1500.0,1000.0,1000.0,1000.0,3000.0,1
30000.0,2,3,1,41,0,0,0,0,0,0,39230.0,37737.0,36619.0,34752.0,33229.0,32211.0,1618.0,2000.0,1500.0,1500.0,2000.0,1248.0,1
30000.0,2,2,1,29,1,2,2,2,0,0,27371.0,26632.0,29703.0,28700.0,28300.0,25520.0,0.0,3500.0,0.0,0.0,1000.0,0.0,1
150000.0,1,2,1,36,2,0,0,0,0,0,86333.0,88931.0,92441.0,102903.0,105240.0,109479.0,4000.0,5000.0,12000.0,4000.0,6000.0,50000.0,1
130000.0,1,2,1,42,1,-2,-2,-2,-2,-2,-52.0,-52.0,-52.0,-52.0,-52.0,-52.0,0.0,0.0,0.0,0.0,0.0,1000.0,1
420000.0,2,3,2,27,-2,-2,-1,0,0,0,1486.0,-3341.0,116659.0,119808.0,122181.0,130976.0,2679.0,120000.0,5003.0,5000.0,10979.0,5016.0,1
180000.0,1,1,1,31,-1,-1,0,0,-1,-1,1100.0,860.0,1480.0,380.0,740.0,1100.0,860.0,1000.0,0.0,740.0,1100.0,380.0,1
210000.0,2,1,1,39,-1,-1,-1,-1,-1,-1,4443.0,3569.0,1737.0,2433.0,3115.0,3899.0,3569.0,1737.0,2433.0,3115.0,3899.0,2460.0,1
290000.0,1,1,2,28,0,0,0,2,2,2,6395.0,7330.0,8711.0,9409.0,10153.0,9846.0,1200.0,1500.0,1000.0,900.0,0.0,800.0,1
70000.0,1,2,2,44,2,2,2,2,2,2,43314.0,44325.0,45375.0,44350.0,46996.0,47951.0,2025.0,2051.0,0.0,3697.0,1853.0,1910.0,1
180000.0,2,2,1,34,1,2,2,2,2,2,142024.0,144790.0,146552.0,142714.0,152219.0,149618.0,6500.0,5600.0,0.0,12000.0,0.0,11800.0,1
60000.0,2,2,2,24,2,2,2,0,0,2,60270.0,65005.0,63309.0,62369.0,64603.0,66584.0,5706.0,0.0,2250.0,5000.0,4800.0,0.0,1
50000.0,2,3,1,27,2,0,0,0,2,0,11275.0,37651.0,38498.0,40644.0,39731.0,35657.0,27234.0,1754.0,2900.0,0.0,1265.0,832.0,1
60000.0,2,2,1,24,2,0,0,0,2,0,61434.0,59358.0,57781.0,62309.0,60435.0,55468.0,2850.0,2130.0,7050.0,0.0,3190.0,2100.0,1
200000.0,2,3,1,46,-1,-1,-1,-1,-2,-2,1207.0,5590.0,2500.0,0.0,0.0,0.0,5590.0,2500.0,0.0,0.0,0.0,0.0,1
150000.0,2,1,1,26,2,2,2,2,2,0,69716.0,72156.0,70507.0,59123.0,39386.0,20561.0,5211.0,111.0,2371.0,0.0,702.0,341.0,1
80000.0,2,2,2,22,-1,-1,-1,-1,-2,-2,1247.0,0.0,32320.0,0.0,0.0,0.0,0.0,32320.0,0.0,0.0,0.0,0.0,1
50000.0,2,3,1,27,-1,0,0,0,3,2,29321.0,30048.0,31396.0,35045.0,34203.0,34743.0,1503.0,1851.0,4500.0,0.0,1250.0,0.0,1
30000.0,1,2,2,25,2,0,0,0,0,0,24279.0,25281.0,26568.0,29872.0,23504.0,25724.0,1713.0,2000.0,4000.0,0.0,3000.0,1000.0,1
20000.0,1,1,2,24,-1,-1,-1,-1,-2,-2,10283.0,0.0,750.0,0.0,0.0,0.0,0.0,750.0,0.0,0.0,0.0,0.0,1
220000.0,1,1,2,32,0,0,0,0,0,0,203689.0,204943.0,172926.0,104747.0,180458.0,182435.0,10000.0,8000.0,6000.0,107000.0,13000.0,8000.0,1
30000.0,2,2,2,24,0,0,2,2,2,0,24238.0,26996.0,26269.0,27734.0,27151.0,28199.0,3462.0,0.0,2200.0,0.0,1500.0,1500.0,1
50000.0,1,2,2,27,2,2,2,2,2,2,48655.0,45570.0,44015.0,36724.0,45751.0,46497.0,460.0,5021.0,0.0,10000.0,2005.0,37.0,1
90000.0,2,2,2,25,0,0,0,-1,-1,2,88822.0,76400.0,0.0,2757.0,3060.0,2864.0,1588.0,0.0,2757.0,500.0,0.0,475.0,1
330000.0,2,1,2,42,-2,-2,-2,-2,-2,-2,565.0,20650.0,15360.0,0.0,12923.0,1816.0,20650.0,15360.0,0.0,12923.0,1816.0,17050.0,1
220000.0,2,2,1,35,2,2,2,2,0,0,29202.0,30420.0,32222.0,32983.0,34031.0,36321.0,2000.0,2600.0,1600.0,1600.0,3000.0,0.0,1
50000.0,2,2,2,32,0,0,0,0,0,0,49138.0,49718.0,49437.0,40186.0,19179.0,16043.0,2250.0,1900.0,1800.0,700.0,1000.0,1000.0,1
160000.0,2,1,1,33,-1,2,2,-2,-2,-1,7845.0,2956.0,3161.0,600.0,65000.0,2206.0,0.0,3161.0,0.0,65000.0,2206.0,339.0,1
110000.0,2,2,1,32,1,2,0,0,0,0,75505.0,73740.0,75231.0,76265.0,77860.0,79251.0,0.0,3313.0,2879.0,2976.0,2839.0,2935.0,1
10000.0,1,2,1,26,0,0,-2,-2,-2,-2,1198.0,0.0,0.0,0.0,0.0,0.0,0.0,0.0,0.0,0.0,0.0,0.0,1
20000.0,2,3,1,43,1,-2,-2,-2,-2,-2,0.0,0.0,0.0,0.0,0.0,0.0,0.0,0.0,0.0,0.0,0.0,0.0,1
160000.0,1,1,2,37,2,2,2,2,0,0,63043.0,67460.0,68554.0,66841.0,74763.0,87692.0,6079.0,3064.0,0.0,10000.0,15000.0,0.0,1
20000.0,1,1,2,29,2,2,3,2,2,2,10512.0,12044.0,11562.0,11080.0,11700.0,12357.0,2000.0,0.0,0.0,800.0,1000.0,500.0,1
260000.0,2,2,2,33,2,2,2,0,0,0,258150.0,265961.0,258903.0,131150.0,214180.0,153755.0,20485.0,27.0,2914.0,159658.0,5592.0,5837.0,1
260000.0,2,2,2,41,0,0,0,0,0,0,252582.0,253302.0,254767.0,190432.0,105466.0,2312.0,9725.0,10617.0,8555.0,4722.0,2146.0,199485.0,1
50000.0,2,2,2,22,2,0,0,0,0,0,47076.0,48628.0,48524.0,8411.0,8587.0,8758.0,2617.0,2463.0,350.0,311.0,313.0,324.0,1
200000.0,2,1,2,30,0,0,0,0,-2,-2,199229.0,132458.0,59153.0,0.0,0.0,0.0,6101.0,3500.0,0.0,0.0,0.0,0.0,1
80000.0,2,3,1,42,2,2,2,2,0,0,17511.0,20503.0,25917.0,19081.0,15200.0,13039.0,3600.0,6142.0,0.0,0.0,0.0,6439.0,1
280000.0,1,1,1,42,0,0,0,0,0,0,173092.0,160948.0,146106.0,97334.0,91671.0,81030.0,5853.0,4422.0,3138.0,2817.0,2927.0,2334.0,1
200000.0,2,4,1,25,0,0,0,0,0,0,149886.0,140541.0,96253.0,76131.0,37282.0,24421.0,5388.0,3300.0,2124.0,912.0,1000.0,10847.0,1
190000.0,2,2,2,40,0,0,0,0,0,0,182923.0,183436.0,162537.0,157497.0,155297.0,153594.0,8059.0,7741.0,7201.0,4815.0,4927.0,5380.0,1
220000.0,2,2,1,34,-1,-1,-1,-1,-1,-1,51565.0,15683.0,1381.0,3300.0,2452.0,2728.0,15683.0,1381.0,3300.0,2452.0,2728.0,0.0,1
30000.0,2,2,2,47,2,2,2,2,2,2,15089.0,16039.0,17080.0,17302.0,17521.0,17893.0,1500.0,1600.0,800.0,800.0,800.0,800.0,1
290000.0,2,2,1,37,-1,0,0,0,0,0,1428.0,2741.0,4029.0,5451.0,6357.0,7246.0,1500.0,1500.0,1500.0,1000.0,1000.0,1000.0,1
50000.0,1,2,1,51,0,0,0,0,0,0,40197.0,41240.0,37093.0,32925.0,26640.0,22247.0,2044.0,2000.0,1547.0,2388.0,944.0,1000.0,1
50000.0,2,2,2,44,0,0,2,3,2,0,16094.0,18961.0,20857.0,20229.0,19623.0,19878.0,3155.0,2500.0,0.0,0.0,707.0,713.0,1
90000.0,1,2,1,37,1,2,2,0,0,-2,61584.0,62983.0,61107.0,61976.0,326.0,476.0,3000.0,0.0,3000.0,326.0,476.0,476.0,1
50000.0,1,2,2,33,0,0,0,0,0,0,18844.0,20039.0,21076.0,20578.0,19046.0,18998.0,1500.0,1371.0,2000.0,2000.0,1000.0,1000.0,1
60000.0,2,1,2,27,0,0,2,2,0,0,4262.0,7169.0,8396.0,8113.0,8971.0,10824.0,3000.0,1500.0,0.0,1000.0,2000.0,1000.0,1
250000.0,1,1,2,41,-1,-1,-1,0,-1,-1,1338.0,-24.0,8324.0,5872.0,23020.0,2367.0,0.0,8348.0,0.0,23020.0,2367.0,3117.0,1
100000.0,2,1,2,38,2,2,2,2,2,2,37566.0,37160.0,39750.0,40298.0,40835.0,41529.0,500.0,3500.0,1500.0,1500.0,1500.0,2000.0,1
30000.0,2,2,1,55,0,0,0,0,-2,-2,13532.0,14647.0,15525.0,0.0,0.0,0.0,1647.0,1525.0,0.0,0.0,0.0,0.0,1
20000.0,2,2,2,23,3,2,2,2,2,2,12508.0,12015.0,14459.0,14498.0,14029.0,15179.0,0.0,2955.0,597.0,0.0,1473.0,0.0,1
10000.0,1,3,2,36,-1,-1,-1,-1,0,0,576.0,3100.0,3629.0,6260.0,5990.0,6520.0,4009.0,4011.0,6260.0,120.0,2000.0,2000.0,1
50000.0,2,3,2,52,0,0,0,0,0,0,34781.0,34458.0,33311.0,18033.0,18740.0,19408.0,1725.0,1800.0,3000.0,1000.0,1000.0,657.0,1
200000.0,1,1,2,32,-1,-1,-1,-1,-1,2,5494.0,19614.0,628.0,628.0,1604.0,668.0,19614.0,628.0,628.0,1604.0,0.0,168.0,1
60000.0,1,2,1,36,3,2,2,7,7,6,2400.0,2400.0,2400.0,2400.0,2400.0,1800.0,0.0,0.0,0.0,0.0,0.0,0.0,1
50000.0,2,1,2,28,2,0,0,0,0,0,34018.0,35165.0,36076.0,37478.0,38173.0,39012.0,2000.0,1800.0,2000.0,1000.0,1000.0,1000.0,1
140000.0,2,1,1,41,0,0,0,0,0,0,142129.0,130705.0,99736.0,80445.0,81005.0,79387.0,15126.0,9064.0,4009.0,5014.0,5011.0,7006.0,1
160000.0,1,3,2,27,2,2,2,-1,0,0,70373.0,80166.0,34775.0,34073.0,15676.0,99436.0,11450.0,0.0,142848.0,1800.0,90000.0,3300.0,1
210000.0,2,1,1,36,1,-1,-1,-2,-1,-1,0.0,799.0,0.0,0.0,4150.0,0.0,799.0,0.0,0.0,4150.0,0.0,0.0,1
30000.0,2,3,1,43,2,0,0,0,0,0,30346.0,29885.0,20453.0,16076.0,15844.0,15785.0,1702.0,1531.0,1544.0,702.0,724.0,557.0,1
80000.0,1,2,1,36,2,2,4,4,3,2,600.0,600.0,600.0,600.0,300.0,150.0,0.0,0.0,0.0,0.0,0.0,1000.0,1
240000.0,2,1,2,30,1,1,-2,-2,-2,-2,9028.0,-1868.0,-1868.0,-1868.0,-1868.0,-1868.0,0.0,0.0,0.0,0.0,0.0,0.0,1
50000.0,2,2,2,24,0,0,0,0,0,0,39083.0,40150.0,41181.0,41996.0,43021.0,45700.0,1700.0,1700.0,1501.0,1700.0,3400.0,0.0,1
80000.0,2,3,2,30,2,0,0,-1,-1,-2,4794.0,4989.0,2065.0,1000.0,0.0,0.0,1074.0,1000.0,1000.0,0.0,0.0,0.0,1
80000.0,1,2,2,32,0,0,0,0,0,0,78239.0,80426.0,81767.0,78340.0,36895.0,39079.0,4500.0,5009.0,5000.0,2000.0,4000.0,1500.0,1
50000.0,1,3,2,34,2,2,2,2,3,2,44951.0,45906.0,46872.0,49974.0,50023.0,53367.0,2000.0,2000.0,4200.0,1170.0,4300.0,0.0,1
360000.0,2,1,1,46,-1,-1,2,2,-2,-2,600.0,2462.0,2274.0,0.0,0.0,0.0,2462.0,0.0,0.0,0.0,0.0,0.0,1
210000.0,1,1,1,40,-1,-1,-1,-1,-1,-1,1582.0,326.0,3632.0,1967.0,3952.0,10330.0,326.0,3632.0,1967.0,3985.0,10330.0,8000.0,1
110000.0,1,2,2,28,2,2,2,2,0,0,111541.0,113676.0,114223.0,110876.0,107710.0,90071.0,5400.0,4000.0,0.0,4000.0,3700.0,4000.0,1
30000.0,2,1,2,22,0,0,0,2,3,2,8679.0,9570.0,11238.0,9453.0,9022.0,8237.0,1190.0,1858.0,800.0,0.0,0.0,500.0,1
50000.0,2,3,2,24,2,0,0,0,0,0,57396.0,58941.0,60630.0,53662.0,20229.0,19044.0,2500.0,3000.0,5064.0,1000.0,840.0,1000.0,1
360000.0,1,1,1,32,1,-2,-2,-2,-2,-2,0.0,0.0,0.0,0.0,-5.0,-5.0,0.0,0.0,0.0,0.0,0.0,0.0,1
50000.0,2,2,2,33,0,0,0,0,0,0,14720.0,15743.0,16756.0,17089.0,17446.0,17825.0,1265.0,1278.0,611.0,632.0,668.0,591.0,1
140000.0,2,2,2,30,0,0,0,0,0,0,97288.0,98068.0,98098.0,97055.0,97035.0,101525.0,4400.0,4500.0,3500.0,3500.0,8000.0,500.0,1
160000.0,2,1,1,29,-1,-1,-2,-1,-1,-1,1778.0,0.0,0.0,150.0,150.0,989.0,0.0,0.0,150.0,150.0,989.0,0.0,1
140000.0,2,2,1,28,-1,2,-1,-1,-1,-1,1953.0,1366.0,464.0,337.0,548.0,395.0,0.0,464.0,337.0,548.0,395.0,681.0,1
130000.0,2,1,2,33,1,-2,-2,-2,-2,-2,0.0,0.0,0.0,0.0,0.0,0.0,0.0,0.0,0.0,0.0,0.0,0.0,1
260000.0,2,2,1,36,0,0,0,0,0,0,200593.0,206178.0,208601.0,213025.0,214931.0,219001.0,8500.0,7000.0,7508.0,7500.0,7595.0,7000.0,1
20000.0,1,3,1,51,-1,-1,-2,-2,-2,-2,2300.0,0.0,0.0,0.0,0.0,0.0,0.0,0.0,0.0,0.0,0.0,0.0,1
370000.0,1,2,1,38,2,0,0,0,0,0,376014.0,377594.0,355120.0,315740.0,322540.0,319195.0,16000.0,13217.0,12000.0,12000.0,12000.0,15000.0,1
80000.0,1,3,1,73,-1,0,0,2,2,2,63144.0,65631.0,68875.0,70646.0,72870.0,75018.0,3500.0,4330.0,3500.0,3500.0,3500.0,5100.0,1
80000.0,2,1,2,24,2,2,0,0,0,0,48597.0,49259.0,46209.0,46574.0,47230.0,48282.0,1800.0,1800.0,1800.0,1800.0,1800.0,2000.0,1
50000.0,2,2,2,25,0,0,0,0,0,0,45688.0,47122.0,48888.0,37264.0,17486.0,18348.0,2500.0,3000.0,2000.0,1000.0,1000.0,1000.0,1
230000.0,2,2,1,43,2,2,2,0,0,0,222819.0,232264.0,227054.0,196356.0,199525.0,201836.0,14300.0,158.0,7100.0,7400.0,7500.0,7820.0,1
160000.0,2,1,1,38,-1,-1,-1,-1,-1,-1,316.0,873.0,1392.0,0.0,696.0,696.0,873.0,1392.0,0.0,696.0,696.0,696.0,1
10000.0,1,1,2,24,0,0,2,0,0,0,4216.0,6476.0,6224.0,6347.0,12856.0,8078.0,2500.0,0.0,227.0,239.0,3412.0,0.0,1
410000.0,2,2,1,41,2,0,0,0,0,0,348559.0,354506.0,363666.0,369776.0,368779.0,369358.0,13000.0,14600.0,15500.0,14000.0,13580.0,14000.0,1
50000.0,1,2,2,49,0,0,0,0,0,0,59236.0,53689.0,48551.0,34656.0,18077.0,18815.0,2000.0,2124.0,2047.0,5618.0,1000.0,2000.0,1
40000.0,2,2,2,25,0,0,0,2,0,0,39092.0,39816.0,40817.0,39082.0,38091.0,40159.0,1967.0,3300.0,0.0,1400.0,3100.0,0.0,1
20000.0,1,3,2,27,0,0,0,0,0,0,13384.0,14153.0,15417.0,16944.0,18992.0,15888.0,1300.0,1500.0,2000.0,2048.0,0.0,4500.0,1
180000.0,2,1,2,33,-1,-1,-1,-1,-1,-1,2196.0,1634.0,1586.0,1758.0,480.0,1918.0,1640.0,1586.0,1758.0,480.0,1918.0,2799.0,1
90000.0,2,3,1,40,1,2,2,3,2,2,78976.0,84566.0,89609.0,87282.0,88261.0,90029.0,7500.0,7300.0,0.0,3300.0,3300.0,0.0,1
20000.0,2,2,1,23,0,0,2,0,0,0,12483.0,15032.0,14506.0,15516.0,15561.0,15910.0,3071.0,0.0,1555.0,600.0,600.0,700.0,1
50000.0,1,1,2,26,1,2,2,2,2,2,38160.0,40213.0,41167.0,41890.0,42605.0,41792.0,3000.0,1900.0,1700.0,1700.0,0.0,2500.0,1
230000.0,1,3,2,29,1,-1,-1,-1,-1,-1,-4.0,1496.0,4872.0,0.0,1241.0,-383.0,1500.0,5000.0,0.0,1241.0,0.0,2000.0,1
50000.0,1,2,1,44,0,0,-1,-1,-2,-2,3201.0,0.0,5701.0,0.0,0.0,0.0,0.0,5701.0,0.0,0.0,0.0,0.0,1
200000.0,2,1,2,43,-2,-2,-2,-2,-2,-2,-109.0,-109.0,-109.0,-109.0,-109.0,-109.0,0.0,0.0,0.0,0.0,0.0,0.0,1
140000.0,1,2,1,52,1,2,0,0,2,0,31511.0,30705.0,31809.0,34374.0,33522.0,34481.0,0.0,1600.0,3100.0,0.0,1500.0,1500.0,1
50000.0,2,2,2,23,0,0,2,0,0,0,17313.0,20019.0,19399.0,19785.0,20465.0,20877.0,3000.0,0.0,709.0,1000.0,750.0,1000.0,1
10000.0,2,2,2,22,1,2,0,0,0,-2,7194.0,6934.0,8786.0,8014.0,0.0,0.0,0.0,2000.0,430.0,0.0,0.0,0.0,1
200000.0,1,1,1,67,1,-2,-2,-2,-2,-2,0.0,0.0,0.0,0.0,0.0,0.0,0.0,0.0,0.0,0.0,0.0,0.0,1
360000.0,2,2,2,28,3,2,2,-2,-2,-2,2500.0,2500.0,0.0,0.0,0.0,0.0,0.0,0.0,0.0,0.0,0.0,0.0,1
140000.0,1,1,2,32,1,-2,-1,0,0,0,-4.0,-680.0,1824.0,1508.0,300.0,-206.0,0.0,3000.0,0.0,0.0,0.0,2000.0,1
30000.0,2,2,2,23,0,0,0,2,0,0,10550.0,11670.0,13469.0,14045.0,14509.0,16962.0,1300.0,2000.0,1100.0,1000.0,2700.0,500.0,1
120000.0,2,3,1,36,0,0,0,0,0,0,9826.0,10838.0,11876.0,12853.0,13109.0,13015.0,1181.0,1219.0,1196.0,452.0,460.0,463.0,1
110000.0,2,3,3,44,2,2,2,2,2,2,38639.0,39694.0,40752.0,41476.0,42090.0,43059.0,2000.0,2000.0,1700.0,1600.0,1800.0,1800.0,1
20000.0,2,2,2,24,3,2,2,2,2,2,322.0,322.0,322.0,322.0,322.0,322.0,0.0,0.0,0.0,0.0,0.0,0.0,1
130000.0,1,3,1,56,-1,-1,-1,0,-1,-1,582.0,0.0,582.0,291.0,441.0,441.0,0.0,582.0,0.0,441.0,441.0,291.0,1
40000.0,1,2,2,27,1,3,2,0,0,0,41520.0,40568.0,39620.0,38464.0,38569.0,70659.0,0.0,7.0,2500.0,1500.0,1500.0,2976.0,1
30000.0,1,2,2,30,0,0,0,0,0,0,6933.0,9640.0,10094.0,10300.0,10300.0,0.0,3000.0,1000.0,206.0,0.0,0.0,0.0,1
100000.0,1,2,1,46,2,0,0,0,0,0,100000.0,99774.0,102237.0,98452.0,99423.0,101548.0,4500.0,5000.0,4500.0,3800.0,3900.0,4000.0,1
30000.0,2,2,1,29,2,2,2,0,0,2,15361.0,18274.0,17697.0,18416.0,20099.0,21631.0,3175.0,0.0,1317.0,2000.0,2000.0,0.0,1
500000.0,2,3,2,35,-1,-1,-1,-1,-1,-1,1900.0,1489.0,1989.0,1200.0,1451.0,548.0,1489.0,1989.0,1200.0,1451.0,548.0,1048.0,1
360000.0,1,1,1,34,1,-2,-2,-2,-1,-1,-130.0,-130.0,-130.0,-130.0,25619.0,-395.0,0.0,0.0,0.0,25749.0,0.0,0.0,1
80000.0,1,1,2,56,0,0,0,0,0,0,89088.0,83558.0,84848.0,63373.0,20324.0,23749.0,3400.0,2983.0,1501.0,5000.0,5000.0,5000.0,1
100000.0,2,2,1,38,0,0,0,0,0,0,88231.0,91090.0,95935.0,78939.0,28667.0,29549.0,4326.0,7400.0,2914.0,1500.0,1500.0,1500.0,1
50000.0,1,2,1,46,0,0,0,0,-2,-2,48677.0,39756.0,30000.0,0.0,0.0,0.0,2000.0,3000.0,0.0,0.0,0.0,0.0,1
180000.0,2,3,2,26,0,0,0,0,0,0,71702.0,66234.0,57253.0,53736.0,46213.0,39701.0,2950.0,2200.0,2000.0,5000.0,2000.0,2300.0,1
90000.0,2,3,3,42,0,0,2,0,0,0,12174.0,15035.0,14509.0,15518.0,15563.0,18289.0,3072.0,0.0,1555.0,600.0,3000.0,2000.0,1
30000.0,2,2,1,34,2,2,2,2,0,0,31746.0,32743.0,32931.0,30727.0,29679.0,30088.0,1800.0,1100.0,0.0,1000.0,2327.0,0.0,1
180000.0,1,1,1,49,-1,-1,2,2,-2,-2,1092.0,1733.0,1405.0,-434.0,-434.0,-434.0,1733.0,0.0,0.0,0.0,0.0,0.0,1
360000.0,2,1,2,29,-1,-1,-1,0,0,0,357.0,3050.0,9118.0,19183.0,36842.0,10621.0,3050.0,9118.0,11000.0,30000.0,428.0,3166.0,1
20000.0,2,2,2,22,-1,0,0,-1,-1,-2,11999.0,3617.0,4165.0,6323.0,0.0,0.0,1062.0,1000.0,10488.0,0.0,0.0,0.0,1
240000.0,2,1,2,28,-1,2,2,-1,-1,-2,5018.0,2300.0,0.0,2500.0,0.0,0.0,0.0,200.0,2500.0,0.0,0.0,0.0,1
120000.0,1,1,1,51,1,-2,-2,-1,0,-1,0.0,-416.0,-1248.0,832.0,416.0,1398.0,0.0,0.0,2080.0,0.0,1398.0,0.0,1
140000.0,2,2,1,35,1,2,0,0,2,2,130215.0,126720.0,128116.0,136956.0,134665.0,142199.0,0.0,5000.0,11000.0,0.0,10000.0,0.0,1
210000.0,1,2,2,41,0,0,0,2,0,0,114953.0,88428.0,96993.0,94537.0,97968.0,100387.0,5000.0,10000.0,0.0,5000.0,4000.0,5000.0,1
500000.0,1,1,1,41,2,0,0,0,0,0,564757.0,572834.0,430774.0,437950.0,447203.0,456453.0,19850.0,17200.0,15853.0,17000.0,17000.0,15740.0,1
260000.0,1,2,2,35,0,0,0,0,0,0,493411.0,400108.0,297313.0,276948.0,2378.0,-2709.0,12325.0,6633.0,6889.0,1025.0,2047.0,194102.0,1
80000.0,2,2,2,37,2,0,0,-2,-2,-2,52052.0,51407.0,0.0,0.0,0.0,0.0,2000.0,0.0,0.0,0.0,0.0,0.0,1
50000.0,1,1,2,27,2,2,2,2,2,2,6291.0,6045.0,7487.0,7218.0,7800.0,7526.0,0.0,1550.0,0.0,700.0,0.0,800.0,1
110000.0,2,2,1,54,2,2,2,0,0,2,95090.0,94938.0,91453.0,92097.0,96509.0,93773.0,3400.0,0.0,3290.0,7000.0,0.0,3500.0,1
140000.0,1,2,1,46,0,0,0,0,0,-1,133899.0,137171.0,139414.0,97268.0,99960.0,86728.0,5425.0,4979.0,3715.0,4498.0,86728.0,2412.0,1
210000.0,2,1,2,48,1,-2,-2,-1,-1,0,0.0,0.0,0.0,486.0,836.0,836.0,0.0,0.0,486.0,836.0,0.0,0.0,1
20000.0,2,2,2,25,2,0,0,0,0,-2,18696.0,20086.0,20285.0,16530.0,0.0,0.0,1705.0,1418.0,2011.0,0.0,0.0,0.0,1
300000.0,1,2,2,38,1,-1,3,2,-1,-1,0.0,780.0,780.0,390.0,390.0,390.0,1560.0,0.0,0.0,390.0,390.0,540.0,1
150000.0,2,1,1,52,-1,3,2,0,0,-1,3391.0,3227.0,1129.0,2034.0,2140.0,6731.0,20.0,802.0,1705.0,1806.0,6427.0,16.0,1
20000.0,1,3,2,32,1,2,0,0,0,0,20450.0,17861.0,18967.0,19633.0,18187.0,18568.0,0.0,1700.0,1300.0,651.0,674.0,756.0,1
20000.0,2,2,2,22,1,-1,-1,-2,-2,-2,3843.0,396.0,0.0,0.0,0.0,0.0,2000.0,0.0,0.0,0.0,0.0,0.0,1
80000.0,2,1,2,23,2,2,2,0,0,0,84052.0,84787.0,77572.0,77123.0,49823.0,50680.0,7100.0,0.0,3500.0,2500.0,2000.0,2000.0,1
120000.0,2,1,2,28,-1,-1,2,0,0,-1,200.0,1986.0,1117.0,425.0,-267.0,1451.0,1986.0,0.0,0.0,0.0,2210.0,0.0,1
370000.0,2,3,1,37,-2,-2,-2,-2,-2,-2,0.0,0.0,0.0,0.0,0.0,0.0,0.0,0.0,0.0,0.0,0.0,0.0,1
140000.0,2,3,1,54,1,-2,-2,-2,-2,-2,-150.0,-150.0,-150.0,-150.0,-150.0,-150.0,0.0,0.0,0.0,0.0,0.0,0.0,1
200000.0,1,2,1,36,1,-2,-2,-2,-2,-2,0.0,0.0,0.0,0.0,0.0,0.0,0.0,0.0,0.0,0.0,0.0,0.0,1
200000.0,1,1,1,41,1,2,0,0,2,2,150406.0,151415.0,156476.0,163330.0,162163.0,170867.0,5000.0,7500.0,11000.0,3000.0,11365.0,7000.0,1
90000.0,2,2,2,25,0,0,0,2,0,0,103541.0,100190.0,99522.0,89674.0,10874.0,0.0,5000.0,8500.0,0.0,217.0,0.0,10610.0,1
10000.0,2,3,2,22,0,0,0,0,-2,-2,8109.0,9778.0,8259.0,0.0,0.0,0.0,2000.0,1036.0,0.0,0.0,0.0,0.0,1
70000.0,1,1,2,49,1,2,0,0,2,2,38228.0,37318.0,38061.0,42545.0,43346.0,44105.0,0.0,1649.0,5133.0,1800.0,1600.0,1900.0,1
90000.0,1,3,2,27,2,2,2,2,0,0,90221.0,91898.0,91334.0,59253.0,58519.0,58443.0,4000.0,2090.0,0.0,2078.0,2900.0,2000.0,1
20000.0,2,2,2,23,2,0,0,0,0,0,16235.0,17857.0,18862.0,18931.0,19624.0,20049.0,2200.0,1610.0,679.0,1000.0,900.0,599.0,1
50000.0,2,3,1,50,2,0,0,0,2,0,48381.0,47810.0,48123.0,51060.0,50162.0,48209.0,2200.0,2100.0,4000.0,0.0,2000.0,2000.0,1
180000.0,1,2,1,41,-1,-1,-1,-1,-1,-1,859.0,1811.0,1335.0,366.0,1811.0,1828.0,1811.0,1335.0,366.0,1811.0,1828.0,366.0,1
20000.0,1,2,1,35,0,0,0,0,0,-1,20139.0,19067.0,19787.0,19682.0,7468.0,2312.0,1480.0,1200.0,394.0,210.0,5546.0,0.0,1
100000.0,1,3,3,48,2,-1,0,0,0,0,10514.0,8408.0,5250.0,9360.0,4098.0,800.0,13008.0,1119.0,7110.0,110.0,102.0,0.0,1
500000.0,2,1,2,28,2,0,0,2,0,0,98541.0,102052.0,111690.0,78070.0,78376.0,80912.0,6000.0,13151.0,0.0,3000.0,5000.0,10000.0,1
30000.0,1,2,3,50,2,0,0,0,0,0,11479.0,12981.0,14450.0,14903.0,16500.0,18715.0,2000.0,2000.0,693.0,2000.0,2500.0,668.0,1
190000.0,1,2,1,51,0,0,0,0,0,0,86713.0,75143.0,43487.0,34904.0,108419.0,75455.0,3359.0,13487.0,1414.0,40710.0,43406.0,2773.0,1
10000.0,2,3,1,51,2,2,-2,-2,-2,-1,103.0,-677.0,-677.0,-1067.0,-747.0,71.0,0.0,0.0,0.0,1100.0,818.0,1418.0,1
130000.0,1,1,2,27,-1,-1,-1,-1,0,-1,326.0,326.0,326.0,2400.0,1075.0,1650.0,326.0,326.0,2400.0,0.0,1650.0,652.0,1
60000.0,1,2,2,28,0,0,2,2,2,2,37788.0,39366.0,41531.0,42048.0,41241.0,44056.0,2500.0,3114.0,1496.0,0.0,3500.0,0.0,1
110000.0,2,1,1,44,0,0,2,2,2,2,87418.0,93862.0,91505.0,98566.0,99700.0,97833.0,7900.0,0.0,8600.0,3800.0,0.0,3700.0,1
50000.0,1,2,1,49,0,0,0,0,0,-1,48481.0,48526.0,50056.0,49735.0,14240.0,890.0,2313.0,2313.0,2082.0,677.0,890.0,14441.0,1
320000.0,2,1,2,28,1,-2,-1,-1,-1,-1,0.0,0.0,1200.0,0.0,600.0,5937.0,0.0,1200.0,0.0,600.0,5937.0,470.0,1
180000.0,2,2,1,62,1,-2,-2,-2,-2,-2,0.0,0.0,0.0,0.0,0.0,0.0,0.0,0.0,0.0,0.0,0.0,0.0,1
50000.0,2,3,3,37,2,2,2,2,2,2,47676.0,48896.0,49325.0,48033.0,27019.0,26450.0,2300.0,1500.0,0.0,3400.0,0.0,1200.0,1
290000.0,1,1,2,35,-2,-2,-2,-2,-2,-2,184910.0,118701.0,97606.0,76053.0,53994.0,31812.0,4166.0,3400.0,2588.0,1696.0,1113.0,1647.0,1
500000.0,1,1,1,42,-2,-2,-2,-2,-1,0,38525.0,6281.0,12855.0,18041.0,286939.0,286836.0,6283.0,12859.0,18041.0,292462.0,10593.0,12200.0,1
140000.0,2,2,1,60,2,2,0,0,0,0,113079.0,109796.0,112144.0,114789.0,115590.0,118221.0,0.0,5600.0,6000.0,4200.0,4500.0,4600.0,1
80000.0,1,2,1,30,2,0,0,0,2,2,38370.0,39448.0,58788.0,62814.0,61682.0,65644.0,2000.0,20000.0,5000.0,0.0,5010.0,2500.0,1
550000.0,2,2,1,32,2,0,0,0,0,0,548551.0,546741.0,535509.0,548020.0,530672.0,155083.0,21094.0,22863.0,167622.0,14000.0,4300.0,158064.0,1
200000.0,2,1,2,42,-1,-1,2,-1,-1,-1,660.0,1320.0,660.0,1320.0,1320.0,1710.0,1320.0,0.0,1320.0,1320.0,1710.0,27077.0,1
230000.0,2,2,2,30,-1,-1,-1,2,-1,-1,3948.0,5899.0,4080.0,1935.0,1656.0,2351.0,5899.0,4080.0,0.0,1656.0,2351.0,3312.0,1
50000.0,2,2,1,36,2,0,0,0,0,0,50922.0,50367.0,41627.0,42297.0,43031.0,45837.0,1715.0,1991.0,1661.0,1566.0,3526.0,0.0,1
400000.0,2,2,2,39,1,-2,-2,-2,-2,-2,0.0,0.0,0.0,0.0,0.0,0.0,0.0,0.0,0.0,0.0,0.0,0.0,1
170000.0,2,3,1,40,1,2,0,0,0,0,179399.0,41265.0,20619.0,19520.0,5200.0,0.0,0.0,2000.0,1136.0,1000.0,0.0,36679.0,1
200000.0,2,2,2,22,0,0,0,0,0,2,205736.0,199379.0,132963.0,145115.0,153040.0,155636.0,7758.0,5001.0,15000.0,10800.0,5600.0,0.0,1
50000.0,2,2,2,29,1,2,2,2,0,0,46376.0,45354.0,49086.0,48027.0,49037.0,48032.0,0.0,4500.0,0.0,1751.0,1736.0,2971.0,1
170000.0,1,1,1,60,0,0,0,0,0,0,170359.0,178514.0,98196.0,100108.0,95629.0,89472.0,11700.0,3600.0,3500.0,3500.0,3300.0,3500.0,1
100000.0,1,1,2,33,2,0,0,0,0,0,101329.0,103532.0,100485.0,101552.0,100752.0,100652.0,3900.0,6000.0,3900.0,4100.0,17000.0,3750.0,1
20000.0,2,2,1,25,-1,2,0,0,0,0,19744.0,19137.0,19476.0,16911.0,11893.0,9583.0,0.0,1200.0,0.0,5000.0,1000.0,0.0,1
220000.0,2,1,1,43,-1,-1,-1,-1,-1,-1,4009.0,1689.0,12370.0,12095.0,1832.0,4691.0,1689.0,12373.0,12099.0,1832.0,5001.0,10311.0,1
110000.0,2,2,2,33,0,0,0,0,0,0,103195.0,102713.0,103034.0,103112.0,94403.0,96072.0,5200.0,3804.0,4500.0,3400.0,3500.0,7700.0,1
30000.0,2,2,1,67,2,2,0,0,2,2,30374.0,29038.0,27737.0,29499.0,30124.0,26855.0,0.0,1500.0,2182.0,1200.0,0.0,2302.0,1
300000.0,1,2,1,45,1,-1,0,0,0,0,114324.0,238058.0,236220.0,233586.0,234661.0,233304.0,244500.0,8613.0,8000.0,11000.0,8093.0,6399.0,1
130000.0,2,3,1,42,2,2,0,0,0,0,95564.0,92809.0,95477.0,95334.0,96066.0,97413.0,0.0,4500.0,3500.0,3400.0,4000.0,4000.0,1
220000.0,2,1,2,36,0,0,0,0,0,0,222598.0,222168.0,217900.0,221193.0,181859.0,184605.0,10000.0,8018.0,10121.0,6006.0,10987.0,143779.0,1
120000.0,1,1,1,45,1,-1,0,0,0,0,0.0,106257.0,108360.0,109121.0,109061.0,112079.0,106257.0,5400.0,4000.0,3944.0,4817.0,8892.0,1
230000.0,2,1,2,31,2,0,0,0,0,0,125270.0,129588.0,115066.0,87021.0,82460.0,64818.0,6531.0,5091.0,3307.0,3316.0,2316.0,2500.0,1
20000.0,1,2,2,22,1,2,2,0,0,0,17336.0,17751.0,18113.0,14885.0,14975.0,15311.0,1000.0,1003.0,1300.0,900.0,700.0,4700.0,1
150000.0,2,2,1,34,2,2,2,0,0,0,39465.0,42829.0,41845.0,42844.0,43999.0,45110.0,4000.0,0.0,2000.0,2000.0,2000.0,2000.0,1
70000.0,2,2,2,26,3,2,2,2,2,2,49201.0,48134.0,52431.0,52479.0,53345.0,52333.0,0.0,5100.0,2000.0,2000.0,0.0,4046.0,1
220000.0,1,1,2,38,0,0,0,0,0,0,212795.0,211043.0,212759.0,218541.0,167743.0,165300.0,8909.0,7500.0,9000.0,6729.0,6000.0,7009.0,1
30000.0,1,1,2,29,1,2,2,2,2,2,25264.0,24560.0,29128.0,29845.0,30257.0,30779.0,0.0,5000.0,1500.0,1200.0,1300.0,0.0,1
290000.0,1,1,2,29,1,-2,-2,-2,-2,-2,0.0,0.0,0.0,0.0,0.0,0.0,0.0,0.0,0.0,0.0,0.0,0.0,1
120000.0,2,1,2,33,2,0,0,0,0,0,18653.0,19844.0,20908.0,21560.0,22214.0,22845.0,1500.0,1400.0,1000.0,1000.0,1000.0,2000.0,1
20000.0,1,2,1,40,1,2,0,0,0,2,8201.0,8912.0,10110.0,10817.0,11637.0,11307.0,1000.0,1500.0,1180.0,1000.0,0.0,1000.0,1
40000.0,2,3,1,42,0,0,0,0,0,0,40285.0,40024.0,39706.0,36431.0,37154.0,37306.0,1658.0,1601.0,1587.0,1310.0,1510.0,2000.0,1
150000.0,1,2,1,34,1,2,2,2,2,2,52692.0,54229.0,55768.0,56266.0,54764.0,58862.0,3000.0,3000.0,2000.0,0.0,5000.0,3000.0,1
80000.0,2,1,1,32,-1,3,2,-1,0,0,4927.0,4693.0,3342.0,4844.0,3728.0,2612.0,0.0,0.0,4844.0,0.0,0.0,0.0,1
320000.0,2,2,2,28,1,2,2,0,0,0,23595.0,23906.0,22035.0,22015.0,21163.0,25806.0,2000.0,0.0,2007.0,1000.0,5000.0,2000.0,1
90000.0,1,2,1,36,4,3,2,0,0,0,62737.0,61413.0,59823.0,29526.0,25903.0,26563.0,0.0,0.0,1300.0,1000.0,1000.0,1500.0,1
180000.0,1,3,1,27,0,0,0,0,0,0,12303.0,11757.0,11695.0,5891.0,753.0,21753.0,2000.0,1700.0,300.0,0.0,21000.0,1000.0,1
220000.0,2,1,1,43,-1,3,2,0,0,0,1090.0,1257.0,1090.0,1090.0,1090.0,0.0,167.0,0.0,0.0,0.0,0.0,0.0,1
220000.0,2,1,1,36,1,2,-1,2,-1,3,4086.0,3855.0,3055.0,1375.0,3338.0,3032.0,0.0,4000.0,0.0,3338.0,0.0,0.0,1
260000.0,1,3,1,52,0,0,0,0,0,0,187581.0,184144.0,140829.0,117445.0,114581.0,111726.0,7299.0,5375.0,4227.0,4052.0,3941.0,3626.0,1
70000.0,2,1,2,26,1,2,2,2,2,2,52204.0,53250.0,53799.0,52330.0,55666.0,56839.0,2500.0,1983.0,0.0,4206.0,2200.0,0.0,1
60000.0,2,2,1,41,2,0,0,2,0,0,56483.0,55643.0,54941.0,50291.0,35829.0,36602.0,2203.0,4687.0,11.0,1500.0,1500.0,2000.0,1
80000.0,1,2,1,53,0,0,0,-2,-2,-2,5800.0,6666.0,0.0,0.0,0.0,0.0,1000.0,0.0,0.0,0.0,0.0,0.0,1
30000.0,2,2,2,23,2,-1,-1,-1,0,0,729.0,479.0,859.0,755.0,755.0,220.0,483.0,859.0,755.0,0.0,0.0,0.0,1
380000.0,2,3,1,38,0,0,0,0,0,0,379080.0,374137.0,371624.0,362191.0,322148.0,309689.0,13501.0,14152.0,12270.0,11031.0,10207.0,10910.0,1
100000.0,2,1,2,28,2,0,0,0,0,0,96193.0,82342.0,81967.0,82177.0,78840.0,79261.0,3600.0,3800.0,3000.0,3000.0,3023.0,3000.0,1
210000.0,1,2,1,33,-2,-2,-1,-1,-1,-1,0.0,0.0,106669.0,13333.0,12780.0,18472.0,0.0,106669.0,13333.0,12780.0,19136.0,18660.0,1
50000.0,1,1,2,23,1,-2,-2,-2,-2,-2,0.0,0.0,0.0,0.0,0.0,0.0,0.0,0.0,0.0,0.0,0.0,0.0,1
50000.0,2,2,2,49,2,0,-1,-1,-1,0,38947.0,37799.0,3.0,18080.0,12227.0,13296.0,2000.0,1000.0,19000.0,12500.0,2000.0,2000.0,1
200000.0,2,1,1,38,2,-1,2,2,-2,-1,166.0,1694.0,1519.0,0.0,0.0,600.0,1694.0,0.0,0.0,0.0,600.0,0.0,1
80000.0,2,2,2,23,1,2,2,2,2,2,21775.0,21127.0,23772.0,23092.0,24806.0,24272.0,0.0,3000.0,0.0,2100.0,0.0,1500.0,1
150000.0,1,3,1,35,2,2,2,0,0,0,135215.0,137863.0,130622.0,126063.0,118836.0,116865.0,6000.0,30.0,5050.0,5025.0,5000.0,3000.0,1
50000.0,2,2,1,32,-1,-1,-1,-1,-1,2,390.0,390.0,390.0,390.0,930.0,390.0,390.0,390.0,390.0,930.0,0.0,780.0,1
30000.0,2,2,2,24,2,2,7,7,7,7,2550.0,2550.0,2550.0,2550.0,2550.0,2550.0,0.0,0.0,0.0,0.0,0.0,0.0,1
210000.0,1,1,1,40,2,2,2,2,2,0,151258.0,141669.0,134301.0,124218.0,110114.0,101559.0,5000.0,7000.0,4200.0,0.0,4000.0,6500.0,1
80000.0,2,3,1,43,2,2,2,3,3,2,66852.0,68152.0,71459.0,73690.0,71908.0,76294.0,3000.0,5000.0,4000.0,0.0,5700.0,0.0,1
50000.0,2,1,2,24,4,3,2,2,2,2,38965.0,38063.0,38838.0,39598.0,40313.0,41293.0,0.0,1700.0,1700.0,1500.0,1800.0,1700.0,1
160000.0,2,2,2,24,0,0,0,0,0,0,52373.0,51839.0,39847.0,39114.0,39935.0,41269.0,1676.0,1940.0,1400.0,1451.0,2000.0,1533.0,1
100000.0,2,2,2,24,2,2,2,2,2,3,93330.0,95285.0,96674.0,97983.0,102803.0,100960.0,4400.0,3800.0,3800.0,7300.0,0.0,679.0,1
140000.0,2,3,1,60,0,0,0,0,0,0,137730.0,137498.0,137187.0,136807.0,136631.0,136080.0,4990.0,4975.0,4897.0,5029.0,4792.0,4987.0,1
20000.0,2,3,2,34,-2,-2,-2,-2,-2,-2,0.0,0.0,0.0,0.0,0.0,0.0,0.0,0.0,0.0,0.0,0.0,0.0,1
320000.0,2,2,1,35,-1,-1,-1,-1,0,0,2276.0,6626.0,11131.0,13824.0,17992.0,15250.0,6626.0,12446.0,17746.0,6000.0,5749.0,928.0,1
30000.0,2,2,1,23,0,0,0,0,2,2,29336.0,30047.0,29904.0,32025.0,32479.0,30894.0,1800.0,1470.0,3500.0,2000.0,0.0,1400.0,1
170000.0,1,1,1,37,0,0,0,0,0,0,187146.0,175347.0,181490.0,169608.0,163255.0,168395.0,6500.0,9000.0,7000.0,3500.0,7000.0,5000.0,1
130000.0,2,4,1,44,2,2,2,2,0,0,112570.0,109131.0,118539.0,115029.0,115793.0,118335.0,0.0,11323.0,0.0,4294.0,4700.0,4260.0,1
260000.0,2,2,1,35,0,0,0,0,0,0,425349.0,435873.0,445129.0,452162.0,258010.0,221780.0,14347.0,15000.0,12406.0,9279.0,6078.0,0.0,1
50000.0,1,3,1,53,1,-1,-1,0,0,-1,0.0,484.0,929.0,474.0,0.0,1288.0,484.0,1000.0,0.0,0.0,1288.0,334.0,1
90000.0,2,1,2,24,2,2,2,2,0,0,14085.0,13558.0,12193.0,12986.0,11831.0,12488.0,0.0,2000.0,1300.0,700.0,1000.0,3500.0,1
20000.0,1,3,2,22,0,0,0,0,0,0,18535.0,18541.0,18270.0,16992.0,19025.0,35744.0,5109.0,1600.0,2400.0,3800.0,739.0,2000.0,1
200000.0,2,2,1,36,-1,0,0,0,0,0,136286.0,183615.0,184792.0,195062.0,195156.0,192436.0,50000.0,7000.0,15000.0,7500.0,7500.0,10000.0,1
160000.0,1,1,1,51,0,0,0,2,2,2,1380.0,1481.0,2623.0,2457.0,4912.0,3669.0,1331.0,2473.0,0.0,2500.0,0.0,0.0,1
50000.0,2,2,1,55,2,0,0,0,0,0,41696.0,41768.0,42561.0,42871.0,7606.0,11267.0,1674.0,2079.0,2001.0,500.0,4423.0,4000.0,1
180000.0,2,3,1,46,-1,2,-1,0,0,0,10456.0,7326.0,8469.0,6591.0,5244.0,2174.0,357.0,8510.0,5244.0,2174.0,0.0,3371.0,1
50000.0,2,1,2,27,1,2,2,0,0,2,12884.0,14382.0,13859.0,14032.0,14852.0,14464.0,2000.0,0.0,700.0,1200.0,0.0,1365.0,1
200000.0,2,1,1,43,1,-1,-1,-2,-2,-1,0.0,601.0,0.0,0.0,0.0,259.0,601.0,0.0,0.0,0.0,259.0,150.0,1
20000.0,1,2,2,25,0,0,0,0,0,0,13896.0,12906.0,13983.0,10983.0,5400.0,0.0,2000.0,2500.0,2000.0,0.0,0.0,0.0,1
390000.0,1,1,1,36,1,-1,-1,-1,-1,-1,0.0,250.0,79.0,79.0,290.0,106.0,250.0,79.0,0.0,290.0,106.0,66.0,1
50000.0,2,2,2,24,2,0,0,2,2,2,20632.0,21994.0,23914.0,23231.0,24851.0,24301.0,1700.0,2600.0,0.0,2000.0,0.0,2200.0,1
60000.0,2,1,2,28,0,0,2,0,0,0,6393.0,10540.0,10232.0,11237.0,11427.0,20973.0,4278.0,0.0,1483.0,673.0,10000.0,11540.0,1
10000.0,2,2,1,29,0,0,0,0,0,0,7170.0,8158.0,9593.0,10104.0,9923.0,8032.0,1500.0,2000.0,1000.0,313.0,356.0,3000.0,1
120000.0,2,2,2,27,1,-2,-2,-2,-1,-1,0.0,0.0,0.0,0.0,940.0,170.0,0.0,0.0,0.0,940.0,170.0,2018.0,1
450000.0,1,2,2,36,-2,-2,-2,-2,-2,-2,8012.0,4009.0,5226.0,4715.0,3275.0,6422.0,4021.0,5241.0,4729.0,3284.0,6441.0,4285.0,1
20000.0,2,3,1,58,2,2,2,2,0,0,8287.0,10978.0,11207.0,11227.0,12042.0,12850.0,3000.0,700.0,500.0,1000.0,1000.0,1000.0,1
50000.0,2,1,2,24,1,2,2,2,2,2,36166.0,37188.0,37680.0,38462.0,39228.0,40035.0,1900.0,1400.0,1700.0,1532.0,1600.0,0.0,1
80000.0,2,3,1,37,0,0,0,0,0,0,77480.0,75329.0,64228.0,49103.0,48649.0,49701.0,3000.0,2500.0,1800.0,2000.0,1800.0,2000.0,1
140000.0,2,1,2,34,0,0,2,0,0,0,30996.0,33690.0,33430.0,32768.0,29701.0,24377.0,3200.0,1500.0,1800.0,2000.0,2000.0,1000.0,1
20000.0,1,2,2,25,0,0,0,0,0,0,19791.0,19591.0,15788.0,14911.0,11699.0,12224.0,1917.0,1000.0,1000.0,1000.0,1068.0,0.0,1
180000.0,1,2,1,53,-1,-1,-1,-1,-1,-1,316.0,316.0,316.0,316.0,316.0,316.0,316.0,316.0,316.0,316.0,316.0,466.0,1
40000.0,1,1,2,25,-1,-1,-1,0,0,-1,511.0,513.0,1531.0,1017.0,506.0,499.0,513.0,1531.0,0.0,0.0,499.0,0.0,1
210000.0,1,2,1,66,-1,2,-1,-1,-1,0,780.0,390.0,390.0,390.0,780.0,390.0,0.0,780.0,390.0,780.0,0.0,390.0,1
30000.0,1,2,2,22,3,2,2,3,3,3,1050.0,1050.0,1050.0,1050.0,1050.0,1050.0,0.0,0.0,0.0,0.0,0.0,0.0,1
20000.0,1,1,2,33,2,0,0,-2,-2,-2,16339.0,20650.0,0.0,0.0,0.0,0.0,5000.0,0.0,0.0,0.0,0.0,0.0,1
50000.0,1,2,1,28,2,2,2,0,0,0,47237.0,50632.0,49546.0,49448.0,19887.0,38212.0,4500.0,0.0,1713.0,1003.0,699.0,800.0,1
380000.0,2,3,1,56,-2,-2,-2,-2,-2,-2,0.0,1349.0,5947.0,16735.0,6444.0,0.0,1349.0,5957.0,16735.0,6444.0,0.0,7699.0,1
140000.0,2,1,2,25,1,-2,-2,-1,-1,-1,-74.0,-770.0,-1466.0,522.0,142.0,-554.0,0.0,0.0,3000.0,0.0,0.0,0.0,1
100000.0,2,3,1,28,3,4,3,2,0,-1,110946.0,106423.0,101256.0,48876.0,28468.0,3875.0,0.0,0.0,0.0,1603.0,3875.0,55.0,1
30000.0,2,2,1,25,1,2,0,0,0,0,29304.0,28534.0,29906.0,30524.0,28915.0,29524.0,0.0,1831.0,1449.0,1100.0,1051.0,1281.0,1
430000.0,2,2,1,42,2,2,2,2,2,2,289358.0,296219.0,300873.0,294527.0,308523.0,318274.0,13000.0,11000.0,0.0,19000.0,15000.0,0.0,1
130000.0,1,2,2,27,0,0,0,0,-1,0,131406.0,125858.0,118536.0,34394.0,66701.0,58437.0,5000.0,3572.0,3153.0,69200.0,2500.0,10000.0,1
30000.0,1,2,2,51,5,4,3,2,3,2,26551.0,25855.0,25146.0,26549.0,25849.0,25285.0,0.0,0.0,2113.0,0.0,0.0,2191.0,1
100000.0,2,2,1,35,3,3,2,2,0,0,61089.0,59556.0,60486.0,58296.0,33247.0,34118.0,0.0,2525.0,0.0,1206.0,1423.0,3400.0,1
290000.0,2,2,1,39,0,0,0,0,2,2,296002.0,284025.0,278422.0,283034.0,284430.0,294131.0,12000.0,11600.0,12628.0,8000.0,16600.0,4000.0,1
50000.0,2,1,2,26,0,-1,-1,-1,-2,-2,4197.0,934.0,252.0,-570.0,-570.0,-1000.0,1000.0,252.0,0.0,0.0,0.0,0.0,1
220000.0,2,3,1,37,-1,-1,2,-1,-1,-1,200.0,400.0,200.0,200.0,350.0,350.0,400.0,0.0,200.0,350.0,350.0,200.0,1
240000.0,1,1,1,35,0,0,0,0,0,0,160161.0,159484.0,162231.0,163255.0,165436.0,168178.0,7405.0,8005.0,6005.0,30912.0,5000.0,5150.0,1
20000.0,2,3,1,49,1,2,3,2,0,0,18769.0,21349.0,20732.0,19946.0,19546.0,19546.0,3186.0,0.0,0.0,0.0,0.0,0.0,1
140000.0,1,2,2,26,0,0,2,2,2,2,131367.0,146193.0,140202.0,144035.0,140419.0,130271.0,17000.0,0.0,11400.0,550.0,5300.0,5400.0,1
30000.0,2,2,2,22,0,0,0,0,0,0,30123.0,30299.0,27758.0,22720.0,19136.0,14452.0,1600.0,2000.0,2000.0,614.0,924.0,0.0,1
20000.0,1,2,1,32,0,0,2,0,0,0,19468.0,20844.0,19362.0,19402.0,19607.0,19821.0,3000.0,0.0,850.0,920.0,750.0,300.0,1
270000.0,2,1,2,30,2,2,2,0,0,0,172933.0,184761.0,164009.0,161843.0,151862.0,0.0,19028.0,0.0,3451.0,5004.0,0.0,0.0,1
200000.0,2,2,2,49,2,2,2,2,2,2,91140.0,93011.0,90634.0,95464.0,99894.0,98171.0,4200.0,0.0,7260.0,6100.0,0.0,3800.0,1
70000.0,1,2,1,37,0,0,0,2,2,2,67573.0,68884.0,70511.0,48772.0,27026.0,26056.0,3000.0,3500.0,0.0,2200.0,0.0,1000.0,1
30000.0,2,2,1,28,2,2,2,2,0,0,21588.0,20942.0,23691.0,23012.0,26105.0,30500.0,0.0,3100.0,0.0,3500.0,5000.0,1000.0,1
90000.0,1,2,1,47,0,0,-1,-1,-2,-1,54268.0,52500.0,2888.0,0.0,0.0,300.0,2425.0,2888.0,0.0,0.0,300.0,0.0,1
10000.0,2,2,2,21,0,0,0,-1,-1,-2,8660.0,9756.0,8560.0,780.0,0.0,0.0,1800.0,1300.0,800.0,0.0,1900.0,0.0,1
30000.0,1,2,3,44,0,0,0,0,0,0,6289.0,9331.0,12380.0,15158.0,15760.0,18985.0,3173.0,3222.0,3000.0,1000.0,3500.0,2000.0,1
70000.0,2,2,2,26,2,2,2,0,0,0,71862.0,73594.0,71851.0,68539.0,49027.0,48969.0,3500.0,0.0,3100.0,1900.0,2000.0,1865.0,1
30000.0,1,3,2,28,2,2,2,0,0,0,22323.0,25961.0,25141.0,22272.0,22844.0,19436.0,4000.0,9.0,1000.0,1013.0,1300.0,10000.0,1
20000.0,1,2,1,47,0,0,0,2,2,2,10628.0,11650.0,14252.0,13678.0,15041.0,14751.0,1200.0,2800.0,0.0,1500.0,0.0,1000.0,1
440000.0,1,3,1,38,2,-1,2,-1,-1,-1,775.0,1550.0,775.0,775.0,925.0,775.0,1551.0,1.0,776.0,926.0,776.0,776.0,1
20000.0,1,1,2,24,2,2,2,2,2,2,1891.0,5680.0,5441.0,6346.0,6099.0,7235.0,4000.0,0.0,1000.0,0.0,1237.0,1000.0,1
230000.0,1,2,1,41,0,0,0,0,0,0,301038.0,305327.0,213058.0,216260.0,215968.0,174195.0,9405.0,7769.0,7757.0,8030.0,6549.0,5226.0,1
20000.0,2,2,1,35,1,2,2,-2,-2,-2,22382.0,20650.0,-15000.0,-15000.0,-15000.0,-15000.0,0.0,0.0,0.0,0.0,0.0,0.0,1
50000.0,2,3,1,33,1,2,0,0,0,0,51421.0,50322.0,49741.0,28442.0,28597.0,29375.0,0.0,1379.0,945.0,2002.0,2008.0,1002.0,1
50000.0,1,2,2,28,0,0,0,0,0,0,48433.0,49608.0,45568.0,9742.0,8790.0,6591.0,2000.0,1500.0,442.0,300.0,238.0,500.0,1
100000.0,1,2,1,39,0,0,0,0,-2,-2,10603.0,11735.0,12460.0,0.0,0.0,0.0,1315.0,1040.0,0.0,0.0,0.0,0.0,1
50000.0,1,2,2,38,1,2,2,2,0,0,15116.0,14876.0,17325.0,16754.0,17175.0,17588.0,300.0,3000.0,0.0,1000.0,690.0,650.0,1
160000.0,1,3,1,51,0,0,0,-2,-1,-1,4042.0,4338.0,-1801.0,-5513.0,743.0,1012.0,1000.0,0.0,0.0,6256.0,1050.0,1000.0,1
220000.0,2,1,1,24,2,3,2,2,2,0,184761.0,178939.0,183158.0,183890.0,179764.0,181627.0,0.0,10000.0,6300.0,0.0,6118.0,6097.0,1
50000.0,1,2,1,43,2,0,0,0,0,0,30106.0,30566.0,30699.0,30038.0,29224.0,29346.0,1878.0,1641.0,1000.0,934.0,1109.0,960.0,1
280000.0,1,2,1,36,1,2,2,2,0,0,168708.0,172528.0,174328.0,170028.0,174281.0,185348.0,8000.0,6100.0,0.0,7000.0,14000.0,7000.0,1
140000.0,1,2,2,36,1,2,2,2,2,2,44570.0,45563.0,46115.0,47053.0,48150.0,49009.0,2000.0,1600.0,2000.0,2000.0,1800.0,0.0,1
100000.0,2,3,1,45,3,2,2,2,-1,-1,94471.0,92058.0,97624.0,94316.0,2065.0,0.0,0.0,8806.0,0.0,2065.0,0.0,0.0,1
200000.0,1,2,1,30,0,0,0,0,0,0,143266.0,113676.0,116355.0,117802.0,116296.0,60792.0,6000.0,6000.0,5000.0,6000.0,3000.0,1611.0,1
200000.0,2,3,1,41,1,-1,-1,-1,0,-1,0.0,340.0,0.0,148.0,148.0,198.0,340.0,0.0,148.0,0.0,198.0,7296.0,1
50000.0,1,3,1,46,1,2,2,2,2,2,10960.0,10487.0,13108.0,12601.0,13391.0,14027.0,0.0,2800.0,0.0,1000.0,1000.0,0.0,1
80000.0,1,3,1,45,2,0,0,0,0,0,75222.0,131966.0,68466.0,68547.0,59339.0,32500.0,2379.0,6036.0,1763.0,1187.0,650.0,0.0,1
90000.0,2,1,2,30,2,2,2,2,2,2,15979.0,17414.0,16846.0,20559.0,19933.0,21454.0,2000.0,0.0,4000.0,0.0,2000.0,0.0,1
140000.0,1,3,1,38,2,2,2,2,2,2,110674.0,131306.0,127701.0,135551.0,135859.0,134687.0,22500.0,0.0,10000.0,2600.0,2300.0,5300.0,1
20000.0,1,1,2,23,2,0,0,2,2,2,3206.0,4093.0,5514.0,5277.0,5791.0,5550.0,1100.0,1500.0,0.0,600.0,0.0,600.0,1
240000.0,2,2,1,35,-1,-1,-1,-1,-1,-1,1473.0,1473.0,1473.0,1473.0,1473.0,1473.0,1473.0,1473.0,1473.0,1473.0,1473.0,390.0,1
10000.0,2,1,2,27,2,0,0,2,0,0,6100.0,7274.0,9596.0,9289.0,9593.0,9795.0,1281.0,2603.0,0.0,1000.0,500.0,421.0,1
160000.0,1,1,1,40,0,0,2,2,-1,2,4024.0,6484.0,3503.0,-473.0,3757.0,3286.0,3000.0,0.0,0.0,4700.0,0.0,3000.0,1
280000.0,2,2,1,37,0,0,0,0,0,0,252814.0,255974.0,110389.0,114874.0,118273.0,114204.0,10610.0,10018.0,10000.0,5038.0,5039.0,5010.0,1
50000.0,2,3,1,26,2,2,2,0,0,0,50002.0,51190.0,47959.0,49099.0,28540.0,29114.0,2330.0,0.0,2470.0,1215.0,1231.0,1000.0,1
120000.0,2,3,1,48,-1,2,-1,-1,0,-1,3845.0,199.0,1823.0,3646.0,1823.0,1823.0,0.0,1823.0,3646.0,0.0,1823.0,1823.0,1
50000.0,2,2,1,34,2,0,0,0,0,0,47993.0,49051.0,39945.0,40254.0,20040.0,3563.0,2010.0,1904.0,2214.0,1000.0,129.0,131.0,1
50000.0,1,2,1,49,1,2,0,0,0,0,16747.0,16181.0,17912.0,19606.0,20969.0,25302.0,0.0,2000.0,2000.0,2000.0,5000.0,0.0,1
90000.0,1,2,2,29,1,-2,-2,-2,-2,-2,0.0,0.0,0.0,0.0,0.0,0.0,0.0,0.0,0.0,0.0,0.0,0.0,1
20000.0,1,2,2,43,0,0,2,0,0,0,13817.0,15398.0,15852.0,16862.0,17197.0,17558.0,1815.0,1000.0,1279.0,614.0,637.0,2350.0,1
150000.0,1,4,2,29,0,0,0,0,0,0,200442.0,206334.0,206221.0,69995.0,60000.0,0.0,8500.0,8000.0,2500.0,1500.0,0.0,0.0,1
90000.0,2,3,3,51,0,0,0,0,2,0,11315.0,12340.0,13349.0,14276.0,13904.0,14184.0,1212.0,1221.0,1148.0,0.0,510.0,525.0,1
50000.0,2,3,2,30,0,0,0,2,-1,-1,16986.0,6929.0,8743.0,1000.0,5557.0,5027.0,1186.0,2000.0,0.0,5557.0,470.0,0.0,1
90000.0,2,2,1,36,-1,-1,-1,-1,-1,-1,685.0,0.0,490.0,850.0,1000.0,1360.0,0.0,490.0,850.0,1000.0,1360.0,0.0,1
360000.0,2,2,1,39,1,-2,-2,-2,-2,-2,0.0,0.0,0.0,0.0,0.0,0.0,0.0,0.0,0.0,0.0,0.0,0.0,1
20000.0,2,1,2,25,1,2,2,2,2,3,8483.0,10186.0,10871.0,10402.0,12077.0,11594.0,2000.0,1000.0,0.0,2000.0,0.0,0.0,1
30000.0,2,2,1,33,4,3,2,0,0,2,31087.0,29545.0,26270.0,24966.0,23834.0,20859.0,0.0,0.0,2000.0,2000.0,0.0,1200.0,1
30000.0,2,1,2,36,0,0,2,0,-1,-1,14254.0,16598.0,15908.0,16029.0,6501.0,0.0,2890.0,0.0,321.0,6501.0,0.0,0.0,1
20000.0,1,2,2,44,1,2,0,0,0,0,6535.0,6285.0,7672.0,8390.0,9101.0,9796.0,0.0,1500.0,1000.0,1000.0,1000.0,1000.0,1
580000.0,2,2,1,34,1,2,0,0,0,0,420115.0,405932.0,437254.0,477809.0,486721.0,498316.0,0.0,38001.0,50000.0,16881.0,18887.0,16846.0,1
500000.0,2,3,2,53,-2,-2,-2,-2,-2,-2,0.0,0.0,0.0,0.0,0.0,1150.0,0.0,0.0,0.0,0.0,1150.0,0.0,1
50000.0,1,2,2,33,1,2,2,2,2,2,40159.0,41323.0,40364.0,42781.0,41966.0,48865.0,2100.0,0.0,3400.0,0.0,7800.0,0.0,1
30000.0,2,2,2,26,2,2,2,2,0,0,30028.0,26208.0,28804.0,22335.0,17448.0,17448.0,0.0,3400.0,0.0,0.0,0.0,0.0,1
50000.0,2,2,2,25,3,3,2,2,2,2,35592.0,36518.0,36822.0,37421.0,38424.0,39035.0,1800.0,1200.0,1500.0,1750.0,1390.0,0.0,1
150000.0,2,2,1,41,2,2,2,2,2,2,68571.0,69845.0,71434.0,72365.0,73377.0,75052.0,3000.0,3300.0,2700.0,2800.0,3000.0,2800.0,1
130000.0,2,1,2,30,2,2,2,2,2,0,124651.0,128263.0,129669.0,131057.0,128857.0,131469.0,7100.0,5000.0,5000.0,0.0,4928.0,4574.0,1
20000.0,1,2,2,25,0,0,0,0,0,2,14989.0,15999.0,17043.0,18236.0,19376.0,18958.0,1263.0,1307.0,1500.0,1408.0,0.0,674.0,1
100000.0,2,2,2,28,2,2,2,2,2,0,72464.0,70710.0,72432.0,74322.0,74496.0,76058.0,0.0,3462.0,3700.0,2000.0,2760.0,2776.0,1
50000.0,2,2,2,24,2,2,2,2,2,2,41500.0,39938.0,41688.0,45625.0,45907.0,44662.0,0.0,2700.0,4960.0,1700.0,0.0,3000.0,1
360000.0,1,1,2,31,-1,-1,-1,-2,-1,-1,509.0,1350.0,0.0,0.0,1713.0,4819.0,1363.0,0.0,0.0,1713.0,4819.0,6439.0,1
20000.0,1,1,1,30,1,2,2,2,2,0,6885.0,8627.0,8340.0,10044.0,9739.0,10571.0,2000.0,0.0,1855.0,0.0,1000.0,397.0,1
60000.0,1,2,2,27,1,2,0,0,2,2,43356.0,42381.0,46663.0,49877.0,50734.0,49764.0,0.0,5000.0,4000.0,1800.0,0.0,2000.0,1
80000.0,1,2,1,60,2,2,2,2,2,2,48463.0,49484.0,50372.0,51246.0,52279.0,53069.0,2100.0,2000.0,2000.0,2000.0,1800.0,1000.0,1
360000.0,2,1,2,34,1,-2,-2,-2,-2,-2,0.0,0.0,0.0,0.0,0.0,0.0,0.0,0.0,0.0,0.0,0.0,0.0,1
20000.0,1,2,1,44,0,0,0,0,0,0,18015.0,18344.0,19672.0,19652.0,780.0,0.0,1400.0,1630.0,1000.0,0.0,0.0,0.0,1
180000.0,1,2,1,30,-1,-1,-1,-1,0,-1,375.0,375.0,375.0,750.0,375.0,399.0,375.0,375.0,750.0,0.0,399.0,399.0,1
60000.0,2,1,1,45,1,2,0,0,2,0,58360.0,56834.0,58322.0,59781.0,8177.0,7757.0,0.0,3000.0,3100.0,0.0,1000.0,500.0,1
200000.0,1,1,2,37,2,2,2,2,2,2,157131.0,166590.0,168386.0,164182.0,169029.0,172084.0,13500.0,6000.0,0.0,7500.0,6000.0,4000.0,1
40000.0,2,2,1,47,2,2,2,2,0,0,31121.0,30343.0,34021.0,33177.0,33870.0,34537.0,0.0,4514.0,0.0,1378.0,1382.0,1427.0,1
50000.0,2,2,2,45,1,3,2,3,2,2,23751.0,23076.0,25004.0,24315.0,23626.0,25370.0,0.0,2600.0,0.0,0.0,2129.0,0.0,1
20000.0,2,1,2,24,2,2,2,0,0,0,7919.0,8637.0,9339.0,10029.0,10615.0,11285.0,1000.0,1000.0,1000.0,900.0,1000.0,500.0,1
100000.0,2,2,1,42,2,2,0,0,0,0,91534.0,88637.0,90169.0,84714.0,69482.0,70226.0,0.0,4458.0,2973.0,2606.0,2696.0,2695.0,1
140000.0,2,1,1,56,0,0,0,0,0,0,136084.0,138468.0,93802.0,94531.0,96264.0,98135.0,6500.0,4300.0,3500.0,3600.0,3881.0,4200.0,1
200000.0,2,1,1,55,0,0,0,0,0,0,110778.0,111431.0,96867.0,77140.0,81849.0,78046.0,3796.0,4262.0,2645.0,5834.0,2771.0,2945.0,1
140000.0,2,2,2,27,2,0,0,0,0,0,136308.0,137077.0,138919.0,138035.0,138857.0,138894.0,5150.0,7750.0,5000.0,5379.0,5200.0,4850.0,1
140000.0,1,3,1,37,-1,-1,-1,-1,-1,-1,13806.0,1003.0,1170.0,1003.0,1003.0,1003.0,1003.0,1170.0,1003.0,1003.0,1003.0,1003.0,1
150000.0,1,1,2,32,2,2,-2,-2,-2,-2,3354.0,-18.0,-18.0,-18.0,-18.0,-18.0,0.0,0.0,0.0,0.0,0.0,0.0,1
100000.0,2,3,1,50,2,0,0,3,3,2,53849.0,55030.0,61574.0,62470.0,61198.0,62524.0,2050.0,7500.0,2500.0,0.0,2500.0,2500.0,1
340000.0,1,1,1,41,-1,-1,-1,-1,-1,-1,624.0,2431.0,595.0,1193.0,25235.0,5868.0,2431.0,595.0,1193.0,25235.0,5868.0,2387.0,1
200000.0,2,2,1,39,3,2,2,2,2,0,117868.0,114483.0,118855.0,125357.0,121853.0,124731.0,0.0,6216.0,10000.0,0.0,5000.0,4552.0,1
260000.0,1,2,2,36,2,0,0,0,0,0,334214.0,310546.0,288566.0,291597.0,214353.0,216238.0,12000.0,11000.0,11000.0,8000.0,8500.0,8300.0,1
150000.0,2,3,1,40,0,0,0,0,0,0,56690.0,58775.0,62769.0,64233.0,65704.0,69835.0,3606.0,5600.0,2500.0,2500.0,5400.0,2600.0,1
310000.0,2,1,2,27,1,-1,-1,-2,-1,-1,0.0,113.0,0.0,0.0,6960.0,6008.0,113.0,200.0,0.0,6960.0,6008.0,0.0,1
30000.0,2,2,1,42,2,2,2,0,0,2,4641.0,7071.0,6811.0,6795.0,7342.0,7075.0,2521.0,0.0,245.0,658.0,0.0,268.0,1
50000.0,1,3,1,41,4,3,2,0,0,-1,52955.0,51847.0,50307.0,27707.0,28479.0,28979.0,0.0,0.0,0.0,974.0,31100.0,1200.0,1
250000.0,1,1,2,33,-1,3,2,-1,-1,-1,441.0,441.0,81.0,1540.0,3088.0,5680.0,0.0,0.0,5000.0,3088.0,3000.0,0.0,1
100000.0,2,1,2,38,2,2,2,2,2,2,37160.0,39750.0,40298.0,40835.0,41529.0,42697.0,3500.0,1500.0,1500.0,1500.0,2000.0,1500.0,1
390000.0,1,1,1,41,2,2,2,2,2,2,167795.0,171245.0,167317.0,175283.0,179140.0,182864.0,7299.0,0.0,12000.0,6500.0,6500.0,0.0,1
140000.0,2,1,2,35,-1,-1,-1,-1,-1,-1,7921.0,9268.0,3943.0,7737.0,2456.0,15507.0,9268.0,3953.0,7737.0,2456.0,15507.0,0.0,1
90000.0,1,1,1,34,2,0,0,0,0,0,54933.0,55460.0,56599.0,58155.0,60058.0,61250.0,2009.0,2057.0,2500.0,3000.0,2189.0,2282.0,1
140000.0,1,2,2,25,2,0,0,0,0,0,142697.0,137269.0,133767.0,120287.0,117183.0,119575.0,5010.0,6377.0,5604.0,4160.0,8239.0,0.0,1
150000.0,2,1,1,33,2,2,2,2,2,2,105610.0,106885.0,108706.0,105470.0,111687.0,113747.0,4500.0,5000.0,0.0,8000.0,4000.0,4700.0,1
110000.0,2,2,2,28,1,2,0,0,0,2,112597.0,107799.0,108464.0,110737.0,114581.0,111219.0,0.0,4000.0,4000.0,8500.0,0.0,4000.0,1
100000.0,1,3,1,41,1,-1,-1,-2,-1,0,0.0,840.0,0.0,0.0,63562.0,66520.0,840.0,0.0,0.0,63562.0,4000.0,3000.0,1
280000.0,1,1,2,31,-2,-2,-2,-2,-2,-2,0.0,0.0,0.0,787.0,1233.0,0.0,0.0,0.0,787.0,1233.0,0.0,0.0,1
80000.0,2,2,1,49,-1,2,-1,-1,-1,0,2222.0,390.0,390.0,390.0,721.0,331.0,0.0,390.0,390.0,721.0,0.0,461.0,1
20000.0,1,2,2,26,2,0,0,0,2,2,6078.0,7015.0,8036.0,9597.0,9294.0,10242.0,1200.0,1140.0,1700.0,0.0,1100.0,0.0,1
170000.0,2,1,2,27,-2,-2,-2,-2,-1,2,6504.0,1046.0,0.0,0.0,910.0,382.0,1046.0,0.0,0.0,910.0,0.0,532.0,1
450000.0,1,2,1,55,2,2,-2,-2,-2,-2,2500.0,0.0,0.0,0.0,0.0,0.0,0.0,0.0,0.0,0.0,0.0,0.0,1
320000.0,2,1,2,35,-2,-2,-2,-2,-2,-2,0.0,0.0,2500.0,0.0,0.0,0.0,0.0,2500.0,0.0,0.0,0.0,0.0,1
100000.0,2,2,2,31,0,0,0,0,0,0,91344.0,92309.0,94421.0,97486.0,97604.0,97241.0,3309.0,4421.0,5486.0,3400.0,3541.0,3894.0,1
260000.0,1,2,1,42,3,3,2,2,0,0,215521.0,210695.0,213758.0,208821.0,213083.0,217340.0,0.0,8000.0,0.0,7800.0,7800.0,8300.0,1
30000.0,2,2,1,48,2,2,3,2,2,2,10509.0,12727.0,12240.0,11747.0,12651.0,12305.0,2700.0,0.0,0.0,1100.0,0.0,1100.0,1
430000.0,2,2,1,42,2,2,2,2,2,2,282880.0,289358.0,296219.0,300873.0,294527.0,308523.0,12700.0,13000.0,11000.0,0.0,19000.0,15000.0,1
30000.0,1,2,2,35,-1,2,2,-1,-1,-2,780.0,390.0,0.0,780.0,0.0,0.0,0.0,0.0,780.0,0.0,0.0,0.0,1
110000.0,1,2,2,28,0,0,2,0,0,2,10817.0,10988.0,8033.0,7262.0,9612.0,6747.0,3000.0,0.0,2000.0,5000.0,0.0,1646.0,1
60000.0,2,1,2,27,2,0,0,0,2,0,19625.0,20347.0,21669.0,23005.0,22499.0,22873.0,1342.0,1664.0,2000.0,0.0,900.0,846.0,1
10000.0,1,3,1,47,0,0,2,0,0,2,6817.0,9119.0,8826.0,8849.0,9567.0,9265.0,2588.0,0.0,318.0,862.0,0.0,502.0,1
360000.0,1,2,1,31,0,0,0,0,0,0,359491.0,354962.0,276310.0,196654.0,186281.0,177587.0,14108.0,11100.0,6992.0,7000.0,6372.0,5845.0,1
30000.0,2,3,1,31,3,2,2,2,2,2,23368.0,24688.0,24988.0,24288.0,26098.0,25530.0,2000.0,1000.0,0.0,2200.0,0.0,1100.0,1
120000.0,2,2,2,25,1,-2,-2,-2,-2,-2,0.0,0.0,0.0,0.0,-10810.0,-15296.0,0.0,0.0,0.0,0.0,0.0,85929.0,1
20000.0,1,3,2,24,0,0,0,0,0,2,12188.0,12904.0,14217.0,14360.0,16140.0,16287.0,1220.0,1533.0,676.0,2177.0,559.0,0.0,1
20000.0,2,2,2,24,3,2,3,2,3,2,17690.0,19102.0,19502.0,20881.0,20266.0,20511.0,2000.0,1000.0,2000.0,0.0,700.0,0.0,1
120000.0,2,3,2,26,1,-1,2,-1,0,-1,0.0,1302.0,651.0,1302.0,651.0,651.0,1953.0,0.0,1302.0,0.0,651.0,651.0,1
110000.0,2,1,2,29,2,2,2,2,2,2,95690.0,105101.0,105676.0,106506.0,103591.0,109276.0,11000.0,3800.0,4000.0,0.0,8800.0,0.0,1
20000.0,1,1,2,35,3,2,2,2,0,0,10216.0,10653.0,11371.0,10906.0,11588.0,12416.0,900.0,1200.0,0.0,1000.0,1400.0,0.0,1
20000.0,1,2,1,45,2,2,0,0,0,0,21136.0,20043.0,20192.0,19459.0,36290.0,19774.0,11.0,2505.0,2000.0,3000.0,1203.0,500.0,1
180000.0,2,3,1,49,0,0,0,0,0,0,162567.0,163900.0,145992.0,124841.0,125596.0,113105.0,5821.0,5000.0,5935.0,4263.0,4200.0,4283.0,1
180000.0,1,1,2,27,-2,-1,2,2,-2,-2,11392.0,14688.0,14040.0,13440.0,13440.0,13080.0,3500.0,0.0,0.0,0.0,0.0,0.0,1
60000.0,2,3,1,43,2,2,-2,-2,-2,-1,4703.0,0.0,0.0,0.0,0.0,992.0,0.0,0.0,0.0,0.0,992.0,14000.0,1
200000.0,2,1,2,28,2,2,2,2,0,0,68398.0,73564.0,73548.0,44234.0,42599.0,46192.0,6900.0,1966.0,12.0,1604.0,5164.0,1104.0,1
60000.0,1,2,2,38,2,0,0,0,0,0,58190.0,59615.0,60379.0,56921.0,18050.0,18385.0,3000.0,3100.0,1409.0,631.0,1000.0,664.0,1
130000.0,1,1,2,27,2,2,2,0,0,0,73561.0,70071.0,68392.0,69435.0,67790.0,69248.0,3500.0,0.0,2798.0,3500.0,2627.0,3000.0,1
170000.0,2,2,2,27,2,0,0,0,0,0,173577.0,171480.0,171794.0,166637.0,169021.0,164531.0,6500.0,7100.0,6100.0,6000.0,5600.0,7700.0,1
70000.0,2,2,2,30,2,0,0,2,0,0,29773.0,30542.0,33033.0,32203.0,32884.0,33587.0,1550.0,3000.0,0.0,1200.0,1250.0,2000.0,1
180000.0,1,1,2,28,-1,-1,-1,-1,-1,-1,2619.0,1839.0,2544.0,1134.0,1313.0,1332.0,1839.0,2544.0,1134.0,1313.0,1332.0,2444.0,1
50000.0,1,3,1,35,0,0,0,0,0,0,50500.0,50181.0,49630.0,50153.0,30914.0,29200.0,2000.0,2200.0,1968.0,1106.0,1040.0,1069.0,1
50000.0,1,3,2,22,2,0,0,-1,0,0,47021.0,48423.0,44450.0,956.0,976.0,1976.0,2543.0,2150.0,956.0,20.0,1000.0,1000.0,1
230000.0,2,1,2,26,-1,-1,-2,-2,-2,-2,3741.0,0.0,0.0,0.0,0.0,0.0,0.0,0.0,0.0,0.0,0.0,1010.0,1
100000.0,1,3,2,26,2,0,0,0,0,0,107643.0,109895.0,93420.0,73119.0,73642.0,71579.0,4048.0,3105.0,2700.0,2510.0,2703.0,2700.0,1
100000.0,2,2,1,55,2,2,2,2,2,2,44400.0,47439.0,48385.0,49285.0,50176.0,51228.0,4100.0,2000.0,2000.0,2000.0,2000.0,0.0,1
250000.0,1,1,1,53,-2,-2,-2,-2,-2,-2,0.0,0.0,0.0,0.0,0.0,0.0,0.0,0.0,0.0,0.0,0.0,0.0,1
230000.0,2,2,1,43,0,0,0,0,0,0,226319.0,230825.0,234832.0,217987.0,169529.0,172143.0,9309.0,8795.0,8337.0,6015.0,6292.0,6080.0,1
180000.0,2,1,2,28,0,0,0,2,0,0,99307.0,104403.0,110366.0,101550.0,98615.0,49730.0,6700.0,10605.0,0.0,4751.0,1754.0,0.0,1
60000.0,1,1,1,49,2,0,0,0,0,0,60289.0,57426.0,25820.0,25793.0,28224.0,28968.0,1580.0,1500.0,1100.0,3000.0,1200.0,1100.0,1
20000.0,1,2,2,28,2,2,2,2,2,2,12762.0,12272.0,14255.0,13729.0,14706.0,14320.0,0.0,2500.0,0.0,1200.0,0.0,1500.0,1
180000.0,2,1,2,28,1,2,2,2,0,0,5930.0,5689.0,8414.0,8062.0,5052.0,2806.0,0.0,3000.0,0.0,200.0,0.0,0.0,1
70000.0,2,3,1,36,0,0,0,2,0,0,28518.0,29558.0,32054.0,31239.0,31935.0,32602.0,1504.0,3000.0,0.0,1200.0,1200.0,1300.0,1
180000.0,2,1,2,27,-1,-1,-1,-1,-1,-1,641.0,1812.0,5307.0,28004.0,957.0,0.0,1812.0,5347.0,28004.0,957.0,0.0,455.0,1
90000.0,2,2,1,55,2,2,2,0,0,0,83040.0,81998.0,83674.0,80890.0,31565.0,33049.0,900.0,4003.0,3000.0,3000.0,3000.0,2000.0,1
600000.0,1,1,1,53,2,2,2,0,0,0,458652.0,467150.0,458862.0,469703.0,447130.0,440982.0,17000.0,0.0,18000.0,16000.0,16000.0,21000.0,1
120000.0,1,1,1,50,2,2,2,0,0,2,38565.0,39997.0,39211.0,39917.0,42268.0,43192.0,2200.0,0.0,1500.0,3000.0,1600.0,1500.0,1
180000.0,1,1,2,27,-1,-1,-1,-1,-1,-1,2658.0,2014.0,536.0,1123.0,536.0,536.0,2014.0,536.0,1123.0,536.0,536.0,629.0,1
30000.0,1,3,2,31,3,2,0,0,0,2,30588.0,26860.0,21165.0,21281.0,22938.0,22422.0,0.0,1646.0,762.0,2000.0,0.0,647.0,1
500000.0,2,1,1,58,1,-1,0,-1,0,0,-1.0,33982.0,37844.0,9441.0,12700.0,19267.0,35436.0,37311.0,9442.0,5001.0,10001.0,95478.0,1
150000.0,2,2,1,33,1,2,2,2,2,2,5607.0,6565.0,6334.0,9058.0,8823.0,7458.0,1200.0,0.0,2823.0,0.0,3530.0,0.0,1
100000.0,2,3,1,36,2,0,0,2,0,0,99298.0,101972.0,115335.0,112016.0,112906.0,120101.0,5220.0,16608.0,0.0,4233.0,9200.0,21000.0,1
30000.0,2,4,2,45,2,0,0,0,0,0,29278.0,30488.0,30900.0,30480.0,31124.0,29333.0,2000.0,1600.0,1500.0,1100.0,1053.0,1320.0,1
80000.0,2,1,2,28,1,-2,-2,-2,-2,-2,0.0,0.0,0.0,0.0,0.0,0.0,0.0,0.0,0.0,0.0,0.0,0.0,1
70000.0,1,2,1,36,2,2,2,2,2,2,30809.0,30015.0,32928.0,32100.0,34557.0,35357.0,0.0,3400.0,0.0,3000.0,1500.0,1500.0,1
240000.0,2,1,2,28,1,-1,-1,-1,-1,-1,0.0,1748.0,0.0,14944.0,968.0,10408.0,1748.0,0.0,14944.0,968.0,10408.0,0.0,1
130000.0,2,2,2,25,0,0,0,0,3,2,107594.0,109896.0,112064.0,130239.0,127980.0,130305.0,4023.0,4030.0,20000.0,0.0,4500.0,0.0,1
80000.0,2,1,1,35,-1,-1,-2,-2,-1,-1,1000.0,0.0,0.0,0.0,490.0,707.0,0.0,0.0,0.0,490.0,707.0,450.0,1
120000.0,2,2,1,42,2,2,3,2,2,3,25809.0,29366.0,28615.0,29347.0,30868.0,30099.0,4300.0,0.0,1500.0,2300.0,0.0,0.0,1
160000.0,1,2,1,39,0,0,0,2,2,0,34171.0,34939.0,38038.0,38683.0,37764.0,39053.0,1639.0,3683.0,1564.0,0.0,2053.0,3228.0,1
80000.0,1,1,2,33,2,2,2,2,2,2,98677.0,89056.0,87525.0,78266.0,74967.0,66512.0,0.0,8000.0,0.0,5000.0,0.0,2428.0,1
130000.0,2,1,2,27,1,-2,-1,0,0,0,-24.0,-350.0,30656.0,29426.0,29100.0,-1410.0,326.0,32100.0,0.0,0.0,0.0,0.0,1
60000.0,1,2,1,49,0,0,0,0,0,0,59578.0,66781.0,65508.0,17677.0,19481.0,19205.0,22000.0,2188.0,2501.0,2512.0,4005.0,2604.0,1
360000.0,1,1,1,49,-1,-1,-1,-1,-1,0,1050.0,390.0,390.0,750.0,930.0,540.0,390.0,390.0,750.0,930.0,150.0,540.0,1
50000.0,2,1,2,23,1,-1,2,0,0,0,-69.0,7721.0,3079.0,7095.0,7237.0,6446.0,7790.0,0.0,4095.0,245.0,234.0,266.0,1
80000.0,2,3,1,52,1,-1,-1,-1,-1,-1,0.0,2583.0,3001.0,21306.0,5051.0,2450.0,2583.0,3001.0,21306.0,5051.0,2450.0,0.0,1
210000.0,2,1,1,37,1,-1,-1,-1,-1,-1,0.0,732.0,873.0,148.0,129.0,292.0,732.0,873.0,148.0,129.0,292.0,0.0,1
60000.0,1,1,2,31,2,2,2,2,2,2,61432.0,57751.0,59200.0,57558.0,52992.0,61325.0,0.0,4770.0,2250.0,0.0,50000.0,0.0,1
200000.0,2,1,2,31,-1,2,2,-2,-2,-2,2500.0,2500.0,0.0,0.0,0.0,0.0,0.0,0.0,0.0,0.0,0.0,0.0,1
240000.0,1,3,1,43,-1,-1,2,2,2,2,2690.0,2500.0,2500.0,2500.0,2500.0,0.0,2500.0,0.0,0.0,0.0,0.0,0.0,1
170000.0,2,2,1,42,-1,-1,-1,-1,-1,-1,1085.0,326.0,326.0,326.0,326.0,326.0,326.0,326.0,326.0,326.0,326.0,326.0,1
70000.0,2,3,1,49,2,2,2,0,0,0,16127.0,20035.0,19416.0,17153.0,17866.0,19413.0,4500.0,0.0,2000.0,1000.0,2000.0,691.0,1
110000.0,2,2,1,46,0,0,0,0,0,0,110950.0,111750.0,111227.0,110849.0,110575.0,110394.0,4088.0,3912.0,3888.0,3975.0,4162.0,3945.0,1
70000.0,1,3,1,47,0,0,2,2,0,0,62080.0,67523.0,68334.0,67132.0,66796.0,67743.0,6874.0,2030.0,0.0,1866.0,1878.0,1909.0,1
200000.0,1,2,2,36,0,0,0,0,0,0,99483.0,97546.0,98897.0,94943.0,96967.0,99016.0,4841.0,4300.0,3300.0,3361.0,3500.0,3206.0,1
280000.0,2,1,1,38,-1,-1,2,0,0,-1,5165.0,8559.0,6455.0,544.0,0.0,4694.0,6455.0,11.0,5.0,0.0,4694.0,5292.0,1
20000.0,2,2,1,24,0,0,2,0,0,2,16505.0,18817.0,18227.0,19632.0,20298.0,20337.0,2905.0,0.0,1720.0,1754.0,893.0,0.0,1
130000.0,2,2,1,28,0,0,0,0,0,2,107216.0,91888.0,83975.0,76842.0,78093.0,67557.0,4000.0,4000.0,8000.0,6000.0,0.0,2500.0,1
500000.0,1,1,1,45,-1,-1,-1,-1,-1,0,1302.0,5230.0,3373.0,14071.0,2915.0,157.0,5308.0,3527.0,14133.0,2928.0,2.0,343.0,1
300000.0,2,1,2,28,-1,-1,-1,-1,-2,-1,14033.0,6500.0,1477.0,0.0,0.0,1346.0,6520.0,1477.0,0.0,0.0,1346.0,0.0,1
20000.0,2,2,1,48,1,-2,-2,-2,-2,-1,0.0,0.0,0.0,0.0,0.0,1473.0,0.0,0.0,0.0,0.0,1473.0,930.0,1
70000.0,1,3,1,44,-1,0,-1,-1,2,-1,5484.0,5221.0,340.0,1430.0,930.0,4110.0,1000.0,340.0,1480.0,0.0,4110.0,0.0,1
130000.0,1,4,1,44,0,0,0,0,0,0,75472.0,75095.0,59335.0,54668.0,22780.0,13417.0,2452.0,2140.0,1093.0,13706.0,500.0,100.0,1
250000.0,2,2,1,29,2,2,2,0,0,2,128413.0,124320.0,108995.0,84196.0,95286.0,93613.0,5300.0,0.0,3100.0,12500.0,0.0,2100.0,1
130000.0,2,2,1,37,1,2,2,2,0,0,67612.0,65997.0,70604.0,68904.0,70369.0,71682.0,0.0,6300.0,0.0,2700.0,2600.0,2800.0,1
50000.0,1,3,3,52,-2,-2,-2,-2,-2,-2,0.0,0.0,0.0,0.0,0.0,0.0,0.0,0.0,0.0,0.0,0.0,0.0,1
50000.0,2,1,2,22,0,0,0,-1,-1,-2,24763.0,33542.0,30455.0,2000.0,0.0,0.0,10000.0,1175.0,2000.0,0.0,0.0,0.0,1
180000.0,2,2,2,28,-1,-1,-1,-1,-1,-1,416.0,416.0,416.0,416.0,416.0,832.0,416.0,416.0,416.0,416.0,832.0,0.0,1
50000.0,2,2,1,27,0,0,0,-1,0,0,48945.0,36467.0,18890.0,30288.0,30003.0,29763.0,1819.0,2664.0,31057.0,1064.0,1073.0,1043.0,1
70000.0,2,2,1,51,2,2,2,2,2,2,42815.0,43913.0,44911.0,45772.0,46611.0,47508.0,2100.0,2000.0,1900.0,1900.0,1800.0,1900.0,1
60000.0,1,2,2,27,1,2,2,2,2,2,10401.0,11770.0,10957.0,11480.0,10851.0,11365.0,2000.0,0.0,1000.0,0.0,1000.0,0.0,1
500000.0,1,1,1,43,0,0,0,0,0,0,403800.0,404640.0,412082.0,417759.0,428608.0,421871.0,17000.0,16500.0,15000.0,19000.0,18032.0,5000.0,1
280000.0,1,2,1,39,-2,-2,-2,-2,-2,-2,2082.0,3557.0,5623.0,5400.0,3866.0,3526.0,3597.0,5672.0,5427.0,3885.0,3543.0,3519.0,1
260000.0,2,2,1,53,1,2,2,2,2,2,118107.0,121763.0,133107.0,133107.0,148107.0,148107.0,3656.0,15000.0,0.0,15000.0,0.0,15000.0,1
20000.0,1,1,2,25,1,2,2,0,0,0,17147.0,19557.0,18935.0,19005.0,17862.0,20393.0,3000.0,0.0,653.0,900.0,3000.0,27.0,1
30000.0,1,3,2,23,2,0,0,0,0,0,29144.0,30419.0,30097.0,25887.0,25707.0,0.0,2033.0,1420.0,0.0,92.0,0.0,0.0,1
160000.0,2,1,2,27,-2,-2,-2,-2,-2,-2,717.0,3265.0,5105.0,3326.0,5482.0,2698.0,3269.0,5109.0,3328.0,5494.0,2864.0,2367.0,1
210000.0,2,2,1,49,1,-2,-2,-2,-2,-2,0.0,0.0,0.0,0.0,0.0,0.0,0.0,0.0,0.0,0.0,0.0,0.0,1
20000.0,1,2,2,46,-1,-1,-1,0,0,-2,780.0,0.0,1170.0,780.0,0.0,0.0,0.0,1170.0,0.0,0.0,0.0,0.0,1
70000.0,2,2,2,28,1,2,2,2,0,0,70736.0,72014.0,72215.0,70779.0,62525.0,71427.0,3000.0,2200.0,0.0,3000.0,10000.0,10000.0,1
230000.0,2,3,2,48,-1,-1,-1,-1,-1,-1,3096.0,518.0,4988.0,3528.0,3642.0,14073.0,518.0,5003.0,3528.0,3642.0,14073.0,1485.0,1
260000.0,1,1,1,30,-1,-1,-1,0,0,-1,1131.0,291.0,582.0,291.0,0.0,291.0,291.0,582.0,0.0,0.0,130291.0,651.0,1
100000.0,2,3,1,46,2,2,2,2,2,0,42674.0,45983.0,46927.0,47759.0,46865.0,47930.0,4000.0,2000.0,1900.0,0.0,2000.0,4000.0,1
50000.0,1,1,2,27,1,-1,2,-1,-1,-1,-45.0,559.0,163.0,267.0,-129.0,325.0,1000.0,0.0,500.0,0.0,1000.0,500.0,1
20000.0,2,3,1,56,0,0,2,2,3,4,6949.0,8823.0,10523.0,12043.0,13542.0,14728.0,2000.0,2000.0,2000.0,2000.0,2000.0,2000.0,1
160000.0,2,1,2,32,-1,-1,-1,-1,-1,-1,1179.0,4042.0,270.0,52.0,0.0,394.0,4042.0,270.0,0.0,0.0,394.0,646.0,1
210000.0,2,3,2,25,0,0,0,0,0,0,118408.0,120176.0,118191.0,104908.0,95946.0,118796.0,8600.0,5000.0,4000.0,3000.0,29066.0,5000.0,1
60000.0,2,3,2,47,-1,-1,-1,-1,-1,-1,696.0,696.0,696.0,696.0,696.0,696.0,696.0,696.0,696.0,696.0,696.0,380.0,1
230000.0,2,2,2,23,-1,-1,2,2,-2,-1,1050.0,2203.0,2005.0,0.0,0.0,780.0,2203.0,0.0,0.0,0.0,780.0,0.0,1
30000.0,1,3,1,45,2,2,2,3,5,4,25161.0,24476.0,28721.0,31262.0,30217.0,29158.0,0.0,5000.0,3300.0,0.0,0.0,0.0,1
20000.0,2,2,1,32,0,0,2,0,0,2,15547.0,18186.0,17606.0,18708.0,20093.0,20721.0,2900.0,0.0,1400.0,1700.0,1100.0,600.0,1
30000.0,1,3,2,25,2,2,2,0,0,2,22440.0,24168.0,23481.0,23950.0,25659.0,25098.0,2390.0,0.0,859.0,2097.0,0.0,1092.0,1
80000.0,2,2,1,50,2,0,-1,0,0,0,89901.0,85406.0,75789.0,77870.0,73601.0,76751.0,6000.0,81789.0,3870.0,4601.0,4751.0,4718.0,1
70000.0,2,2,2,25,2,2,2,2,2,2,67588.0,68983.0,70691.0,71692.0,67740.0,68470.0,3100.0,3400.0,2752.0,0.0,5156.0,0.0,1
240000.0,1,1,1,44,-1,-1,-1,-1,-1,-1,1473.0,1473.0,1473.0,1473.0,1473.0,1473.0,1473.0,1473.0,1473.0,1473.0,1473.0,390.0,1
30000.0,2,2,2,31,1,2,0,0,2,3,27254.0,26531.0,27857.0,29685.0,31260.0,30468.0,0.0,1772.0,2600.0,2200.0,0.0,0.0,1
300000.0,2,2,1,25,1,2,0,0,0,0,237155.0,231932.0,238917.0,230083.0,13862.0,8210.0,102.0,11672.0,9700.0,1053.0,2010.0,13.0,1
40000.0,2,1,2,27,-1,-1,0,0,0,-1,32540.0,14163.0,30107.0,31567.0,32583.0,31309.0,14163.0,20000.0,3000.0,3000.0,31749.0,0.0,1
30000.0,1,3,1,46,1,2,0,0,0,0,19523.0,18917.0,20004.0,21063.0,21416.0,22667.0,0.0,1700.0,1700.0,1000.0,1749.0,0.0,1
230000.0,2,1,2,27,-1,-1,-1,-1,-1,-2,17077.0,22420.0,57255.0,34289.0,0.0,0.0,22437.0,57326.0,34311.0,0.0,0.0,0.0,1
50000.0,2,3,2,43,2,2,7,7,7,7,2400.0,2400.0,2400.0,2400.0,2400.0,2400.0,0.0,0.0,0.0,0.0,0.0,0.0,1
290000.0,1,1,1,63,0,0,0,0,0,2,183800.0,187658.0,193030.0,195356.0,207180.0,211614.0,6820.0,8500.0,7020.0,15000.0,8000.0,0.0,1
30000.0,2,2,2,29,2,2,2,0,0,0,13519.0,16493.0,15545.0,16557.0,16857.0,18121.0,3211.0,0.0,1275.0,575.0,1539.0,700.0,1
250000.0,1,1,1,46,-1,-1,-1,-1,-1,-1,1197.0,-19.0,3121.0,2372.0,502.0,1979.0,0.0,3140.0,2387.0,504.0,1989.0,19150.0,1
70000.0,1,2,2,29,0,0,0,0,0,0,34449.0,35009.0,21307.0,8840.0,8131.0,7535.0,1600.0,1300.0,500.0,1000.0,1000.0,1500.0,1
80000.0,2,3,2,26,1,2,-1,-1,-2,-1,4923.0,3121.0,1551.0,1100.0,0.0,4374.0,0.0,1551.0,1100.0,0.0,4374.0,73.0,1
110000.0,1,1,2,25,2,0,0,0,2,0,109887.0,99030.0,89317.0,80674.0,79311.0,81246.0,3500.0,6748.0,5700.0,0.0,3200.0,5700.0,1
50000.0,1,3,2,22,0,0,0,0,-1,-1,6673.0,5054.0,2340.0,1990.0,1377.0,1080.0,1056.0,1000.0,40.0,1377.0,1080.0,382.0,1
350000.0,2,2,1,50,0,0,0,0,0,0,263390.0,267494.0,205636.0,203844.0,204114.0,207448.0,10532.0,9219.0,8797.0,8004.0,10012.0,10006.0,1
20000.0,1,3,2,24,0,0,0,0,0,0,9249.0,10439.0,11448.0,11561.0,12221.0,12865.0,1500.0,1487.0,600.0,1000.0,1000.0,1000.0,1
180000.0,2,1,1,47,1,-2,-1,-1,-2,-2,-12.0,-12.0,3300.0,0.0,0.0,0.0,0.0,3312.0,0.0,0.0,0.0,0.0,1
260000.0,2,1,2,29,0,0,0,0,0,0,267336.0,264929.0,234214.0,169096.0,117873.0,79782.0,11000.0,9800.0,6000.0,4088.0,3000.0,3000.0,1
280000.0,2,2,1,42,2,0,0,0,0,0,185147.0,132646.0,137109.0,135264.0,133046.0,126155.0,5000.0,10000.0,5000.0,5000.0,5000.0,5000.0,1
450000.0,2,1,1,69,-1,-1,-1,-1,-1,-1,2000.0,0.0,1173.0,0.0,6265.0,2374.0,0.0,1173.0,0.0,6265.0,2374.0,708.0,1
400000.0,2,3,1,46,-1,-1,2,0,0,-1,260.0,58257.0,42948.0,25962.0,15316.0,6813.0,60064.0,42.0,1202.0,9.0,6813.0,4682.0,1
20000.0,1,2,3,49,0,0,0,0,0,0,16336.0,17354.0,18376.0,18253.0,18458.0,19197.0,1294.0,2316.0,1256.0,1000.0,1000.0,800.0,1
30000.0,2,2,1,23,0,0,0,0,2,0,21710.0,23021.0,23851.0,26067.0,25357.0,25887.0,1670.0,1500.0,2609.0,0.0,930.0,946.0,1
360000.0,1,1,2,24,2,0,0,-2,-2,-2,1188.0,1803.0,777.0,-3.0,-3.0,-3.0,1003.0,783.0,0.0,0.0,0.0,0.0,1
90000.0,2,2,2,24,1,2,0,0,0,0,88550.0,78892.0,75808.0,63362.0,65300.0,67248.0,3000.0,3500.0,3000.0,3000.0,3000.0,5000.0,1
50000.0,1,3,2,29,2,2,3,3,3,3,1050.0,1050.0,1050.0,1050.0,1050.0,1050.0,0.0,0.0,0.0,0.0,0.0,0.0,1
490000.0,1,2,2,35,2,2,0,0,0,0,427020.0,370428.0,337432.0,286247.0,256618.0,188154.0,0.0,13932.0,11771.0,10187.0,8013.0,7014.0,1
450000.0,1,1,2,31,-1,-1,-1,-1,-1,-1,10350.0,3629.0,3271.0,6271.0,2135.0,2546.0,3629.0,3271.0,6271.0,2135.0,2546.0,4877.0,1
170000.0,1,1,2,37,-1,-1,-1,-1,-1,-1,4334.0,1343.0,1078.0,1392.0,1606.0,9955.0,1343.0,1078.0,1392.0,1606.0,9955.0,4382.0,1
50000.0,1,2,2,24,0,0,2,2,0,0,20378.0,23346.0,23670.0,22994.0,23473.0,23932.0,3300.0,1000.0,0.0,1000.0,1000.0,962.0,1
20000.0,2,1,2,23,1,2,0,0,-1,0,6081.0,3408.0,4016.0,3282.0,1814.0,2232.0,0.0,1000.0,100.0,1814.0,1000.0,0.0,1
30000.0,1,1,2,36,3,2,0,0,-1,-1,26851.0,26136.0,30391.0,13150.0,18504.0,6699.0,0.0,5334.0,39.0,18559.0,6821.0,26275.0,1
20000.0,2,2,2,23,2,2,0,0,0,0,12492.0,11995.0,13324.0,14029.0,14308.0,14625.0,0.0,1528.0,1233.0,512.0,547.0,3880.0,1
30000.0,2,2,1,25,0,0,0,2,2,2,29883.0,27523.0,31010.0,30207.0,31203.0,30554.0,2000.0,4273.0,0.0,2640.0,0.0,1500.0,1
260000.0,2,1,1,32,-2,-2,-2,-2,-2,-2,0.0,0.0,0.0,0.0,0.0,1150.0,0.0,0.0,0.0,0.0,1150.0,0.0,1
150000.0,1,2,1,35,2,2,2,2,2,2,144194.0,145889.0,146189.0,146838.0,148754.0,150746.0,6600.0,5300.0,5600.0,5500.0,5700.0,5500.0,1
280000.0,1,3,1,52,0,0,0,0,0,0,247868.0,251246.0,258032.0,263163.0,267083.0,272706.0,9000.0,10842.0,10928.0,9700.0,10000.0,10125.0,1
210000.0,2,1,2,30,-1,0,0,0,-1,0,1993.0,2722.0,2753.0,291.0,582.0,291.0,1062.0,1000.0,0.0,582.0,0.0,2682.0,1
70000.0,1,2,1,45,0,0,0,0,0,0,31218.0,32321.0,41713.0,42233.0,43288.0,46001.0,1608.0,10000.0,1511.0,1735.0,3600.0,0.0,1
200000.0,2,1,1,40,2,2,2,2,2,2,80468.0,82874.0,84900.0,85758.0,87003.0,89112.0,4200.0,4100.0,3000.0,3400.0,3500.0,0.0,1
50000.0,2,1,2,36,1,2,2,2,2,2,29003.0,29244.0,30827.0,31224.0,30587.0,32763.0,1000.0,2363.0,1200.0,0.0,2700.0,1157.0,1
20000.0,2,2,1,49,0,0,0,0,0,0,13561.0,14573.0,15290.0,16300.0,16624.0,16974.0,1543.0,1260.0,1270.0,594.0,617.0,1425.0,1
220000.0,1,2,1,47,2,4,3,2,2,2,233756.0,216591.0,197022.0,198088.0,187000.0,179703.0,3000.0,0.0,6000.0,0.0,14004.0,0.0,1
100000.0,2,2,2,28,2,0,0,2,2,2,21117.0,22163.0,26789.0,26065.0,27615.0,28122.0,1400.0,5000.0,0.0,2300.0,1100.0,1300.0,1
100000.0,1,1,2,31,2,2,2,2,2,2,84886.0,86729.0,87706.0,88859.0,90685.0,92736.0,4100.0,3300.0,3500.0,3400.0,3700.0,4000.0,1
70000.0,1,1,2,32,1,2,2,2,2,2,67065.0,68358.0,69670.0,70918.0,72165.0,70755.0,3000.0,3000.0,3000.0,3000.0,0.0,8300.0,1
30000.0,2,2,2,29,2,2,2,2,2,0,18872.0,21734.0,21103.0,22939.0,22273.0,22814.0,3500.0,0.0,2500.0,0.0,900.0,1000.0,1
150000.0,2,2,1,36,2,2,2,2,2,2,100247.0,109909.0,112453.0,113318.0,114268.0,116688.0,12924.0,5800.0,4200.0,4300.0,4400.0,4700.0,1
20000.0,2,2,3,52,0,0,0,0,0,0,19773.0,18459.0,19398.0,18561.0,18949.0,17426.0,1331.0,1270.0,633.0,655.0,759.0,547.0,1
50000.0,2,2,1,41,1,2,2,2,2,2,24540.0,25330.0,26620.0,26889.0,26158.0,27737.0,1500.0,2000.0,1000.0,0.0,2000.0,0.0,1
50000.0,2,2,1,50,2,2,2,2,2,2,27525.0,28669.0,28569.0,30097.0,29858.0,31229.0,1900.0,650.0,2300.0,550.0,2000.0,0.0,1
50000.0,1,2,1,36,2,2,2,2,0,0,49732.0,48658.0,51802.0,50737.0,48763.0,50908.0,0.0,4000.0,7.0,1900.0,3903.0,2.0,1
90000.0,2,2,2,24,2,2,2,0,0,0,124457.0,118666.0,105806.0,98257.0,91442.0,66762.0,6600.0,0.0,2915.0,3154.0,2977.0,90000.0,1
130000.0,2,2,2,39,2,2,2,2,0,0,50033.0,52440.0,52993.0,51546.0,52663.0,53737.0,3500.0,2000.0,0.0,2100.0,2100.0,2200.0,1
30000.0,2,2,2,33,0,0,0,0,0,0,25498.0,26149.0,26716.0,26918.0,27089.0,26277.0,1451.0,1408.0,1000.0,964.0,1136.0,716.0,1
60000.0,2,2,1,34,2,2,2,2,2,0,24898.0,27976.0,27233.0,30184.0,29566.0,30225.0,3800.0,0.0,3720.0,0.0,1300.0,1291.0,1
360000.0,1,3,2,54,-2,-2,-2,-2,-2,-2,0.0,0.0,0.0,0.0,0.0,0.0,0.0,0.0,0.0,0.0,0.0,0.0,1
280000.0,2,1,1,47,4,3,2,2,2,2,127928.0,127530.0,130168.0,131222.0,132758.0,135654.0,3000.0,6000.0,4500.0,5000.0,5000.0,5000.0,1
50000.0,1,2,2,45,0,0,0,0,0,0,48406.0,49880.0,47206.0,19189.0,19008.0,19687.0,2286.0,1302.0,678.0,695.0,1000.0,687.0,1
230000.0,2,1,1,44,-1,-1,-2,-1,0,0,756.0,0.0,0.0,11660.0,11898.0,14898.0,0.0,0.0,11660.0,238.0,3000.0,1252.0,1
210000.0,1,3,1,45,2,3,4,4,5,6,115785.0,122904.0,129847.0,137277.0,145533.0,154105.0,10478.0,10478.0,11078.0,11078.0,11678.0,10478.0,1
30000.0,1,3,1,52,1,2,2,-1,0,0,3997.0,2522.0,0.0,1919.0,2658.0,2497.0,0.0,0.0,1919.0,2000.0,1100.0,201.0,1
20000.0,2,1,2,26,2,2,2,2,2,2,300.0,300.0,300.0,300.0,300.0,300.0,0.0,0.0,0.0,0.0,0.0,0.0,1
130000.0,2,2,2,26,0,0,0,0,-1,0,130318.0,131351.0,131352.0,121931.0,61755.0,61453.0,4700.0,5108.0,3860.0,82367.0,3041.0,2000.0,1
150000.0,1,1,1,40,0,0,0,0,0,-1,133013.0,123548.0,94995.0,52874.0,64269.0,73351.0,4159.0,4221.0,3094.0,30454.0,100049.0,5098.0,1
80000.0,2,2,1,39,1,2,0,-1,-1,-1,38986.0,34931.0,33890.0,2065.0,5215.0,3745.0,6.0,1000.0,2065.0,5215.0,3745.0,1390.0,1
120000.0,2,1,2,25,1,-2,-2,-2,-2,-2,0.0,0.0,0.0,0.0,0.0,0.0,0.0,0.0,0.0,0.0,0.0,0.0,1
50000.0,1,3,1,45,4,3,2,0,0,0,50419.0,49331.0,48268.0,49075.0,49475.0,48575.0,0.0,0.0,2000.0,1000.0,1000.0,2000.0,1
230000.0,2,1,1,45,-1,-1,-1,-1,-1,-1,6348.0,0.0,967.0,0.0,699.0,499.0,0.0,967.0,0.0,699.0,499.0,0.0,1
130000.0,1,1,1,45,2,0,0,2,2,2,53709.0,55244.0,58716.0,57174.0,61240.0,61284.0,3000.0,5000.0,0.0,5000.0,1200.0,3000.0,1
50000.0,1,2,1,41,1,4,3,2,2,2,32141.0,31350.0,30575.0,29784.0,31288.0,32634.0,0.0,0.0,0.0,2000.0,2000.0,0.0,1
230000.0,2,1,1,34,2,2,2,2,2,2,186163.0,190784.0,195724.0,198707.0,201634.0,205949.0,9000.0,9300.0,7500.0,7500.0,7500.0,7500.0,1
150000.0,2,1,1,39,1,2,2,2,2,2,80762.0,77506.0,75239.0,71245.0,69214.0,24036.0,0.0,3700.0,0.0,2000.0,0.0,2000.0,1
30000.0,2,2,2,25,1,2,2,2,2,2,14149.0,15171.0,14635.0,15318.0,14930.0,16562.0,1543.0,0.0,1226.0,0.0,1882.0,0.0,1
240000.0,2,2,1,31,1,2,2,2,0,0,6900.0,6641.0,10495.0,2813.0,3805.0,5730.0,0.0,4000.0,1000.0,1200.0,2000.0,0.0,1
130000.0,1,3,2,24,1,2,0,0,0,0,101767.0,41823.0,33740.0,17009.0,11580.0,0.0,12.0,1407.0,347.0,11.0,0.0,0.0,1
140000.0,1,2,2,26,2,2,2,2,2,2,119424.0,116014.0,133567.0,129953.0,136283.0,139961.0,0.0,19500.0,0.0,10000.0,6000.0,5000.0,1
190000.0,2,1,2,41,-1,-1,-1,-1,-1,-1,28204.0,0.0,16500.0,0.0,26854.0,554.0,0.0,16500.0,0.0,26854.0,500.0,0.0,1
200000.0,1,2,1,43,2,3,2,2,2,2,94529.0,92126.0,94772.0,92368.0,101837.0,103764.0,0.0,5000.0,0.0,12000.0,3700.0,0.0,1
270000.0,1,2,1,48,2,2,2,0,0,0,53624.0,67736.0,63082.0,73568.0,77642.0,73452.0,15018.0,0.0,20000.0,5000.0,10000.0,0.0,1
20000.0,2,1,2,23,0,0,2,0,0,0,6988.0,8310.0,10015.0,9195.0,9539.0,9574.0,1444.0,2000.0,329.0,492.0,342.0,354.0,1
50000.0,1,2,2,52,0,0,0,0,0,0,50557.0,49214.0,50156.0,20186.0,17966.0,19659.0,2283.0,2225.0,1008.0,757.0,2601.0,700.0,1
50000.0,1,1,1,37,2,0,0,0,2,0,48716.0,49504.0,44127.0,22053.0,20129.0,19262.0,2213.0,1804.0,2700.0,0.0,700.0,1000.0,1
30000.0,2,2,1,32,0,0,0,0,-2,-2,17168.0,28655.0,29239.0,9435.0,724.0,724.0,12155.0,2000.0,1920.0,724.0,724.0,3294.0,1
150000.0,2,2,1,35,2,2,2,-1,-1,-1,1846.0,5466.0,3660.0,2415.0,5033.0,803.0,3672.0,0.0,2415.0,5033.0,803.0,2531.0,1
120000.0,1,1,2,32,-1,-1,-1,-1,-1,-1,890.0,390.0,390.0,1480.0,0.0,6477.0,390.0,390.0,1480.0,0.0,6477.0,0.0,1
50000.0,1,1,2,30,1,2,0,0,2,0,49233.0,48146.0,50029.0,50921.0,48809.0,49639.0,0.0,3000.0,5000.0,0.0,1815.0,2000.0,1
70000.0,2,3,3,49,2,0,0,0,0,0,92033.0,79841.0,80149.0,47735.0,48737.0,50225.0,3078.0,13489.0,7000.0,1771.0,2300.0,7600.0,1
150000.0,2,3,1,43,0,0,0,2,2,0,142811.0,139652.0,111868.0,107702.0,103112.0,103246.0,6000.0,10700.0,1600.0,0.0,2800.0,2500.0,1
410000.0,1,2,1,63,0,0,0,0,0,0,429392.0,425895.0,411492.0,371539.0,308888.0,240970.0,15120.0,16284.0,16524.0,10320.0,8525.0,6739.0,1
120000.0,1,2,2,45,1,2,2,2,2,2,63911.0,62286.0,67259.0,67659.0,68937.0,70674.0,0.0,6000.0,2100.0,3000.0,3000.0,2500.0,1
120000.0,1,2,1,47,-1,-1,-1,0,0,-1,2486.0,151.0,2853.0,2896.0,1149.0,1758.0,260.0,5753.0,1153.0,3.0,1759.0,4084.0,1
20000.0,1,2,2,27,1,3,2,2,2,2,19443.0,18851.0,19248.0,18648.0,20040.0,19464.0,0.0,1000.0,0.0,2000.0,0.0,817.0,1
160000.0,2,2,1,36,-1,-1,-1,-1,-1,-1,2511.0,2242.0,6109.0,2500.0,2689.0,0.0,2242.0,6745.0,2500.0,2689.0,0.0,0.0,1
140000.0,1,1,2,29,-2,-2,-2,-2,-2,-2,0.0,0.0,0.0,0.0,0.0,0.0,0.0,0.0,0.0,0.0,0.0,0.0,1
200000.0,1,2,1,42,0,0,0,0,0,0,68670.0,69702.0,70015.0,72073.0,71690.0,73661.0,4000.0,4000.0,5000.0,2563.0,5000.0,5000.0,1
210000.0,2,4,1,40,0,0,0,0,0,-1,206446.0,202462.0,173236.0,84302.0,25876.0,140066.0,8139.0,10007.0,5609.0,2000.0,151139.0,6000.0,1
60000.0,1,1,2,27,0,0,0,0,0,0,57753.0,59186.0,59001.0,27971.0,28619.0,29213.0,2960.0,1628.0,1002.0,1100.0,1100.0,922.0,1
500000.0,1,1,1,40,-2,-2,-2,-2,-2,-2,5255.0,721.0,17252.0,7388.0,6069.0,0.0,721.0,17252.0,7421.0,6069.0,0.0,0.0,1
320000.0,2,1,1,38,1,-2,-2,-2,-2,-2,0.0,0.0,0.0,0.0,0.0,0.0,0.0,0.0,0.0,0.0,0.0,0.0,1
50000.0,2,2,2,22,0,0,0,0,0,0,50635.0,49488.0,48099.0,50021.0,50352.0,50740.0,1760.0,1888.0,3464.0,1717.0,1766.0,2500.0,1
20000.0,1,2,2,23,2,2,2,0,0,0,16771.0,19403.0,18541.0,19254.0,19456.0,19323.0,2919.0,0.0,1298.0,1000.0,692.0,766.0,1
30000.0,1,2,1,47,0,0,0,0,2,0,24422.0,25480.0,26425.0,30525.0,29063.0,29022.0,1455.0,1400.0,4500.0,0.0,1500.0,2000.0,1
90000.0,2,1,2,29,-2,-2,-2,-2,-2,-2,1709.0,2522.0,3426.0,3426.0,2921.0,2197.0,2522.0,3426.0,3426.0,2921.0,2197.0,3087.0,1
180000.0,1,1,1,45,1,-2,-2,-2,-2,-2,0.0,0.0,0.0,0.0,0.0,0.0,0.0,0.0,0.0,0.0,0.0,0.0,1
50000.0,1,2,1,44,1,2,2,2,0,0,49615.0,48552.0,50175.0,12790.0,12743.0,17305.0,0.0,3056.0,0.0,2000.0,5000.0,3000.0,1
180000.0,1,3,1,35,2,0,0,0,0,0,57991.0,58587.0,59497.0,60356.0,60209.0,60522.0,2700.0,3000.0,3000.0,2500.0,2500.0,3000.0,1
30000.0,1,2,1,39,2,2,2,2,2,0,13888.0,16652.0,16087.0,17317.0,16900.0,17465.0,3000.0,0.0,1500.0,0.0,1000.0,3500.0,1
360000.0,2,1,1,32,1,-2,-2,-2,-2,-2,0.0,0.0,0.0,0.0,0.0,0.0,0.0,0.0,0.0,0.0,0.0,0.0,1
260000.0,2,1,2,33,-2,-2,-2,-2,-2,-2,18480.0,3958.0,-86.0,-86.0,17315.0,14961.0,3978.0,0.0,0.0,17401.0,15036.0,18207.0,1
140000.0,2,1,2,27,1,-1,-1,-1,-2,-2,0.0,2051.0,446.0,0.0,0.0,0.0,2051.0,446.0,0.0,0.0,0.0,1593.0,1
20000.0,1,2,1,26,2,2,3,3,3,3,1050.0,1050.0,1050.0,1050.0,1050.0,1050.0,0.0,0.0,0.0,0.0,0.0,0.0,1
200000.0,1,1,1,57,-2,-2,-2,-1,2,2,152519.0,148751.0,144076.0,8174.0,8198.0,7918.0,0.0,0.0,8222.0,300.0,0.0,1000.0,1
150000.0,1,1,2,37,2,2,2,2,2,2,36148.0,36858.0,35985.0,38687.0,37765.0,40352.0,1600.0,0.0,3300.0,0.0,3200.0,1700.0,1
250000.0,2,2,1,29,-1,-1,-1,0,0,0,390.0,0.0,49140.0,32699.0,32949.0,34150.0,0.0,49140.0,1596.0,5000.0,2000.0,1800.0,1
80000.0,2,3,1,29,1,2,0,0,0,0,80867.0,75615.0,77343.0,78883.0,79915.0,80296.0,0.0,3000.0,2744.0,3022.0,6000.0,2800.0,1
30000.0,1,3,1,44,4,3,2,2,-2,-2,7221.0,6962.0,6700.0,0.0,0.0,0.0,0.0,0.0,0.0,0.0,0.0,0.0,1
300000.0,1,3,2,43,0,0,0,0,0,0,303747.0,299685.0,279613.0,286449.0,191187.0,194333.0,11500.0,14000.0,20000.0,6500.0,8000.0,7000.0,1
50000.0,2,2,2,26,2,0,0,0,-1,-1,48510.0,48217.0,25192.0,15741.0,3041.0,0.0,1800.0,3000.0,1000.0,3041.0,0.0,0.0,1
30000.0,1,1,2,26,2,2,0,0,0,0,7510.0,7247.0,8165.0,8529.0,8743.0,8949.0,0.0,1200.0,500.0,500.0,500.0,500.0,1
260000.0,1,1,2,30,-1,-1,-1,-1,-1,-1,399.0,399.0,399.0,399.0,399.0,399.0,399.0,399.0,399.0,399.0,399.0,399.0,1
210000.0,1,2,1,41,2,2,2,2,2,2,87705.0,90376.0,90687.0,91888.0,93852.0,95734.0,4800.0,2500.0,3900.0,3400.0,3400.0,3400.0,1
20000.0,1,2,2,24,-1,-1,2,-1,0,0,390.0,780.0,390.0,780.0,780.0,0.0,780.0,0.0,780.0,0.0,0.0,0.0,1
20000.0,1,3,2,53,-1,0,-1,-1,-1,-1,13561.0,13050.0,390.0,18280.0,2880.0,1600.0,1105.0,390.0,18280.0,2880.0,1600.0,0.0,1
20000.0,2,1,2,24,1,-1,-1,-1,2,2,0.0,20087.0,2110.0,300.0,150.0,650.0,20087.0,2200.0,600.0,0.0,500.0,0.0,1
200000.0,2,1,2,32,-1,-1,-1,-1,-1,-1,326.0,6914.0,2343.0,23834.0,11000.0,1315.0,6914.0,2343.0,23834.0,11000.0,1315.0,1934.0,1
30000.0,2,2,2,23,2,2,2,2,2,2,12376.0,13475.0,12973.0,15144.0,14603.0,15767.0,1600.0,0.0,2700.0,0.0,1400.0,0.0,1
230000.0,1,1,1,46,-1,-1,-1,0,0,0,519.0,518.0,2784.0,2360.0,1908.0,97.0,518.0,2784.0,32.0,0.0,0.0,0.0,1
130000.0,1,2,1,48,3,2,2,2,3,3,120326.0,121877.0,118491.0,131444.0,133248.0,131001.0,5000.0,0.0,15000.0,5327.0,22.0,10.0,1
50000.0,1,2,2,36,1,2,2,2,2,2,19649.0,20526.0,19909.0,22096.0,22438.0,21941.0,1500.0,0.0,2531.0,1000.0,0.0,2000.0,1
20000.0,1,1,2,25,1,2,3,2,0,0,16688.0,18427.0,17843.0,17259.0,17781.0,18034.0,2300.0,0.0,0.0,800.0,700.0,800.0,1
360000.0,2,1,2,26,1,-2,-2,-1,-1,-2,-200.0,-200.0,0.0,3000.0,0.0,0.0,0.0,200.0,3000.0,0.0,0.0,0.0,1
60000.0,1,2,1,56,0,0,0,0,0,0,26344.0,26382.0,27046.0,27187.0,27372.0,27549.0,1446.0,1500.0,960.0,1000.0,1027.0,860.0,1
20000.0,2,3,1,33,1,-2,-2,-2,-2,-2,0.0,0.0,0.0,0.0,0.0,0.0,0.0,0.0,0.0,0.0,0.0,0.0,1
380000.0,1,1,2,30,1,-2,-2,-2,-2,-2,0.0,0.0,0.0,0.0,0.0,0.0,0.0,0.0,0.0,0.0,0.0,0.0,1
70000.0,1,3,2,26,0,0,2,0,0,0,64494.0,69272.0,62196.0,62809.0,48047.0,49110.0,5916.0,0.0,2315.0,1718.0,2000.0,2000.0,1
70000.0,1,3,1,46,1,2,2,2,2,2,11300.0,10822.0,13633.0,13117.0,14096.0,13727.0,0.0,3000.0,0.0,1200.0,0.0,1500.0,1
180000.0,2,1,2,32,-1,-1,2,2,0,0,10831.0,17816.0,18247.0,33230.0,5168.0,0.0,7201.0,1000.0,0.0,103.0,0.0,0.0,1
280000.0,2,3,2,47,2,2,-1,-1,2,-1,1792.0,0.0,2292.0,1153.0,607.0,3076.0,0.0,2292.0,1153.0,0.0,3076.0,4983.0,1
260000.0,2,1,1,35,2,2,-2,-1,0,0,1013.0,0.0,0.0,6895.0,3718.0,0.0,0.0,0.0,6895.0,0.0,0.0,0.0,1
50000.0,1,2,1,36,2,2,2,2,0,0,50808.0,48287.0,47265.0,20840.0,19568.0,19812.0,0.0,3259.0,0.0,844.0,706.0,677.0,1
100000.0,2,2,2,40,2,0,0,2,2,2,40626.0,41945.0,45247.0,45208.0,46160.0,48268.0,2000.0,4000.0,1000.0,2000.0,3000.0,0.0,1
180000.0,1,1,2,38,1,2,0,0,0,0,124233.0,125768.0,126202.0,127677.0,99764.0,0.0,5000.0,4200.0,3000.0,5000.0,2000.0,0.0,1
50000.0,1,2,2,22,0,0,0,0,0,0,34033.0,34622.0,19993.0,18852.0,18020.0,18537.0,1342.0,1500.0,700.0,651.0,1000.0,1000.0,1
200000.0,1,2,2,26,1,2,2,2,2,2,58050.0,2500.0,2500.0,2500.0,2500.0,2500.0,0.0,0.0,0.0,0.0,0.0,0.0,1
180000.0,2,2,2,26,0,0,0,0,0,0,88846.0,89730.0,93682.0,103273.0,104492.0,109818.0,3279.0,6428.0,13669.0,3816.0,8048.0,3501.0,1
230000.0,1,1,1,33,0,0,0,0,0,0,213859.0,218094.0,225070.0,227528.0,121751.0,219354.0,9285.0,12000.0,9100.0,4600.0,4200.0,4100.0,1
20000.0,1,3,1,40,0,0,2,3,2,2,13370.0,16326.0,17963.0,17386.0,16809.0,18137.0,3200.0,2200.0,0.0,0.0,1600.0,900.0,1
210000.0,2,2,1,33,0,0,0,0,0,-1,8770.0,10972.0,22610.0,10161.0,5933.0,4164.0,6000.0,15042.0,5000.0,0.0,4164.0,816.0,1
70000.0,1,2,2,35,1,2,2,0,0,0,44193.0,46168.0,45166.0,36283.0,20861.0,21374.0,3000.0,102.0,2400.0,894.0,1000.0,1000.0,1
260000.0,2,3,1,52,1,2,0,0,0,0,9979.0,9371.0,18488.0,27022.0,28402.0,800.0,0.0,10000.0,11264.0,1580.0,2.0,1098.0,1
20000.0,1,2,2,27,2,0,0,0,0,2,13747.0,15020.0,16059.0,16081.0,17423.0,17695.0,1500.0,1600.0,580.0,1600.0,700.0,0.0,1
260000.0,2,1,2,29,2,0,0,-1,-1,-1,19006.0,19113.0,16376.0,2590.0,390.0,390.0,6005.0,1525.0,2590.0,390.0,390.0,390.0,1
140000.0,1,1,1,45,2,2,2,2,2,2,64393.0,65271.0,66606.0,64940.0,73677.0,75316.0,2500.0,3000.0,0.0,10000.0,3000.0,0.0,1
30000.0,2,2,1,33,2,2,0,0,0,0,29498.0,28718.0,29761.0,30203.0,29803.0,29803.0,1.0,2000.0,1400.0,0.0,0.0,67.0,1
100000.0,1,1,1,40,2,2,0,0,0,0,27002.0,26274.0,27045.0,28598.0,30131.0,32356.0,0.0,1500.0,2000.0,2000.0,2700.0,1300.0,1
130000.0,2,2,2,40,2,0,0,2,0,0,8539.0,9559.0,12394.0,11883.0,9826.0,10167.0,1165.0,3000.0,0.0,500.0,500.0,2700.0,1
50000.0,2,3,1,52,1,2,0,0,2,2,30505.0,29731.0,31062.0,33231.0,33736.0,33042.0,0.0,1831.0,3000.0,1182.0,0.0,1228.0,1
140000.0,1,2,2,26,1,3,2,0,0,0,146023.0,141873.0,137057.0,135046.0,136131.0,135292.0,6.0,233.0,6342.0,4800.0,5100.0,5000.0,1
100000.0,2,1,1,39,2,2,2,2,2,2,94732.0,97284.0,99542.0,99898.0,99786.0,97670.0,5000.0,4700.0,2950.0,3100.0,5.0,6170.0,1
30000.0,1,3,2,42,0,0,0,0,0,0,8185.0,9395.0,10928.0,11445.0,12108.0,12753.0,1500.0,2000.0,1000.0,1000.0,1000.0,1243.0,1
50000.0,2,2,1,27,0,0,-1,-1,-1,-1,7439.0,8280.0,3403.0,1999.0,500.0,0.0,1028.0,3423.0,2005.0,501.0,0.0,0.0,1
50000.0,2,2,1,49,2,0,0,0,0,0,19169.0,20195.0,21207.0,21628.0,22233.0,22519.0,1341.0,1353.0,774.0,953.0,805.0,832.0,1
50000.0,1,3,1,22,0,0,0,0,0,0,45458.0,46450.0,47599.0,48456.0,44546.0,43256.0,2051.0,2200.0,2016.0,2009.0,2092.0,1020.0,1
50000.0,1,2,2,43,1,2,2,0,0,0,44344.0,45363.0,44326.0,44901.0,45844.0,48385.0,2021.0,0.0,1596.0,1655.0,3684.0,0.0,1
10000.0,1,1,2,24,2,0,0,0,0,2,7554.0,8287.0,9580.0,9267.0,10096.0,9415.0,1500.0,2000.0,700.0,1500.0,0.0,1000.0,1
20000.0,1,3,1,27,0,0,2,0,0,0,20184.0,20702.0,20057.0,19583.0,19991.0,20446.0,2950.0,2.0,687.0,709.0,965.0,559.0,1
20000.0,1,2,2,45,0,0,0,0,0,0,19856.0,20007.0,20319.0,20638.0,20025.0,15463.0,1316.0,1458.0,1277.0,494.0,427.0,4000.0,1
20000.0,1,3,2,24,0,0,0,0,2,2,13470.0,14748.0,15761.0,17497.0,17075.0,19777.0,1500.0,1264.0,2000.0,0.0,3000.0,0.0,1
320000.0,1,1,2,33,1,-2,-2,-2,-2,-2,0.0,0.0,0.0,0.0,0.0,0.0,0.0,0.0,0.0,0.0,0.0,0.0,1
10000.0,1,2,2,38,0,0,0,0,0,0,7955.0,7976.0,8985.0,9164.0,9356.0,9593.0,1140.0,1149.0,328.0,340.0,393.0,192.0,1
200000.0,2,3,1,49,-1,2,2,2,0,0,52439.0,51040.0,56205.0,54723.0,58657.0,59983.0,0.0,6000.0,0.0,5000.0,2286.0,3000.0,1
180000.0,2,2,2,24,-1,-1,-1,-1,-1,-1,316.0,316.0,316.0,316.0,316.0,316.0,316.0,316.0,316.0,316.0,316.0,316.0,1
90000.0,2,4,2,23,0,0,0,0,0,0,40145.0,41194.0,42197.0,42726.0,43802.0,42761.0,2000.0,2000.0,1502.0,1737.0,1500.0,5050.0,1
20000.0,1,3,2,45,0,0,0,0,0,0,5250.0,7151.0,9024.0,10865.0,12677.0,14309.0,2000.0,2000.0,2000.0,2000.0,2000.0,2000.0,1
20000.0,1,2,1,55,3,2,2,2,0,0,13139.0,12636.0,15212.0,14675.0,14835.0,15047.0,0.0,3100.0,0.0,700.0,600.0,2000.0,1
90000.0,2,1,2,28,-1,-1,-2,-2,-2,-2,350.0,0.0,0.0,0.0,0.0,0.0,0.0,0.0,0.0,0.0,0.0,0.0,1
50000.0,2,2,2,26,-1,-1,-1,-1,-1,-2,390.0,390.0,0.0,780.0,0.0,0.0,390.0,0.0,780.0,0.0,0.0,0.0,1
450000.0,1,2,2,30,0,0,0,0,0,0,610723.0,555086.0,497132.0,514249.0,462666.0,472480.0,20200.0,18000.0,25135.0,432130.0,17000.0,20000.0,1
80000.0,2,2,2,22,2,2,0,0,0,0,53023.0,76708.0,39701.0,41021.0,41525.0,42394.0,0.0,3320.0,1980.0,1484.0,1536.0,1548.0,1
10000.0,2,2,2,25,1,2,2,2,0,0,8599.0,9695.0,10385.0,9987.0,9987.0,0.0,1400.0,1000.0,0.0,0.0,0.0,0.0,1
40000.0,1,2,2,27,6,5,4,3,2,0,42055.0,41146.0,40114.0,38797.0,38244.0,38478.0,0.0,0.0,0.0,0.0,871.0,116.0,1
160000.0,2,2,1,26,-1,-1,-1,-1,-1,-1,1319.0,3934.0,399.0,690.0,590.0,0.0,3941.0,399.0,690.0,590.0,0.0,1926.0,1
100000.0,1,2,1,30,0,0,0,0,0,0,57998.0,60063.0,63925.0,68058.0,69273.0,56101.0,3000.0,5000.0,5305.0,3000.0,6600.0,0.0,1
80000.0,2,2,1,27,1,2,0,0,0,0,81841.0,79062.0,74722.0,40151.0,28424.0,29059.0,15.0,2876.0,2052.0,625.0,693.0,84.0,1
50000.0,2,2,1,29,2,2,7,7,7,6,2550.0,2550.0,2550.0,2550.0,2550.0,1950.0,0.0,0.0,0.0,0.0,0.0,0.0,1
30000.0,2,2,3,35,0,0,0,0,0,0,25952.0,26657.0,27972.0,28628.0,29005.0,29817.0,1440.0,1750.0,1390.0,764.0,1000.0,850.0,1
150000.0,1,1,2,30,2,2,2,2,2,2,17352.0,21338.0,20304.0,21585.0,20718.0,22813.0,5000.0,0.0,2000.0,0.0,3000.0,0.0,1
60000.0,2,2,1,30,0,0,0,0,0,0,65460.0,64128.0,62736.0,59133.0,57662.0,53059.0,2299.0,2232.0,2152.0,2226.0,1908.0,1933.0,1
10000.0,2,2,1,26,1,2,2,2,0,0,5015.0,4789.0,6199.0,5951.0,6255.0,6401.0,0.0,1500.0,0.0,400.0,400.0,700.0,1
280000.0,2,1,1,46,-1,-1,-1,-1,-1,-1,11967.0,183.0,1699.0,0.0,2722.0,0.0,183.0,1699.0,0.0,2722.0,0.0,1041.0,1
30000.0,2,2,2,23,2,0,0,2,2,2,16089.0,17127.0,19108.0,18503.0,20100.0,19629.0,1300.0,2272.0,0.0,1900.0,0.0,1000.0,1
110000.0,2,2,1,33,2,0,0,0,0,0,87514.0,75394.0,82627.0,57533.0,59289.0,60828.0,4000.0,10090.0,2100.0,3000.0,3000.0,3000.0,1
230000.0,2,1,1,39,1,-2,-2,-2,-2,-2,0.0,0.0,0.0,0.0,0.0,0.0,0.0,0.0,0.0,0.0,0.0,0.0,1
50000.0,1,2,2,44,0,0,0,0,0,0,47505.0,48471.0,44301.0,19052.0,17569.0,17976.0,2100.0,2100.0,800.0,1000.0,700.0,818.0,1
10000.0,1,1,2,23,1,2,0,0,0,2,9020.0,8707.0,8519.0,9505.0,10127.0,9677.0,0.0,1391.0,1300.0,900.0,0.0,500.0,1
30000.0,1,2,1,40,1,4,3,2,2,3,14557.0,14039.0,13528.0,13810.0,14488.0,13971.0,0.0,0.0,800.0,1200.0,0.0,0.0,1
80000.0,1,3,2,30,2,0,0,0,0,0,79629.0,78010.0,5976.0,5812.0,4788.0,3758.0,1691.0,1106.0,1060.0,154.0,147.0,127.0,1
290000.0,1,2,1,48,-2,-2,-2,-2,-2,-2,730.0,4426.0,820.0,0.0,2653.0,0.0,4426.0,820.0,0.0,2653.0,0.0,0.0,1
170000.0,2,2,1,45,0,0,0,0,0,2,130668.0,121100.0,123414.0,114180.0,122332.0,120270.0,5900.0,5800.0,6000.0,11600.0,0.0,9400.0,1
150000.0,2,4,2,46,0,0,-1,0,0,-2,4463.0,3034.0,1170.0,1170.0,0.0,0.0,1013.0,1170.0,0.0,0.0,0.0,0.0,1
280000.0,2,2,1,44,0,0,-1,-1,-2,-2,390.0,0.0,780.0,0.0,0.0,0.0,0.0,780.0,0.0,0.0,0.0,0.0,1
80000.0,1,2,1,29,0,0,0,0,0,0,78265.0,79364.0,73622.0,75092.0,75976.0,77511.0,3070.0,2623.0,2644.0,2743.0,2783.0,2909.0,1
30000.0,2,1,2,24,-1,-1,-1,-1,2,2,165.0,165.0,165.0,323.0,158.0,-1027.0,165.0,165.0,323.0,0.0,0.0,5527.0,1
20000.0,1,2,2,30,0,0,0,0,0,0,15070.0,16384.0,17413.0,18117.0,18632.0,19180.0,1568.0,1597.0,1301.0,816.0,1000.0,779.0,1
110000.0,1,2,2,24,2,2,2,2,2,2,98428.0,101402.0,104878.0,105325.0,102220.0,107970.0,5500.0,6600.0,3700.0,0.0,7500.0,0.0,1
330000.0,1,2,1,50,1,-1,-1,-1,-1,-1,-13.0,2750.0,-27.0,5344.0,16566.0,995.0,2763.0,0.0,5371.0,16648.0,1000.0,997.0,1
100000.0,2,2,1,46,-1,3,2,0,0,-1,5291.0,5045.0,3336.0,1863.0,390.0,930.0,0.0,0.0,0.0,0.0,930.0,0.0,1
120000.0,2,2,2,27,1,-2,-1,-1,-2,-2,0.0,0.0,2382.0,0.0,0.0,0.0,0.0,2382.0,0.0,0.0,0.0,0.0,1
70000.0,2,1,2,23,0,0,0,0,0,0,7668.0,8878.0,10077.0,11203.0,11320.0,11487.0,1500.0,1500.0,1600.0,600.0,500.0,600.0,1
300000.0,2,1,2,31,-1,-1,-1,-1,-1,-1,7834.0,1086.0,316.0,316.0,316.0,316.0,1093.0,316.0,316.0,316.0,316.0,316.0,1
50000.0,1,1,2,44,0,0,0,0,0,0,54332.0,51671.0,50272.0,49293.0,47154.0,50069.0,3000.0,1928.0,1595.0,1526.0,13000.0,1569.0,1
120000.0,1,1,1,35,1,2,2,2,2,2,114127.0,117131.0,114496.0,120538.0,115975.0,116937.0,7000.0,1500.0,9975.0,0.0,8000.0,0.0,1
180000.0,1,2,1,42,2,0,0,0,0,0,26883.0,27884.0,28958.0,29864.0,30632.0,31274.0,1452.0,1526.0,1432.0,1200.0,1072.0,1326.0,1
150000.0,1,1,1,54,1,2,2,2,2,2,23959.0,23276.0,25294.0,26780.0,27143.0,27563.0,0.0,2400.0,2201.0,1100.0,1000.0,0.0,1
90000.0,2,1,2,23,-1,0,0,2,2,2,11495.0,10764.0,11304.0,9601.0,10050.0,8304.0,1200.0,3000.0,0.0,2000.0,0.0,2000.0,1
130000.0,2,2,2,25,2,-1,-1,-1,-1,-1,836.0,668.0,1017.0,1298.0,550.0,-286.0,668.0,1200.0,1300.0,964.0,1698.0,60549.0,1
180000.0,1,2,1,42,0,0,0,0,0,0,27884.0,28958.0,29864.0,30632.0,31274.0,32144.0,1526.0,1432.0,1200.0,1072.0,1326.0,704.0,1
20000.0,2,2,2,56,0,0,0,0,0,0,17091.0,17596.0,15524.0,14807.0,13667.0,16271.0,3000.0,3006.0,3506.0,3500.0,7011.0,7125.0,1
50000.0,2,2,1,36,3,2,2,2,3,2,47222.0,48142.0,48082.0,51969.0,50865.0,49611.0,2000.0,1000.0,5000.0,0.0,0.0,2500.0,1
20000.0,1,2,2,37,0,0,0,0,0,0,15612.0,16927.0,17794.0,18550.0,18850.0,0.0,1577.0,1444.0,1200.0,500.0,0.0,0.0,1
500000.0,2,1,2,32,-2,-2,-2,-2,-2,-2,0.0,0.0,973.0,229.0,3330.0,7980.0,0.0,973.0,229.0,3330.0,7980.0,538.0,1
20000.0,2,2,2,27,2,2,-2,-2,-1,-1,17311.0,0.0,0.0,0.0,4599.0,4779.0,0.0,0.0,0.0,4599.0,700.0,0.0,1
80000.0,1,2,2,24,1,-2,-2,-1,2,2,-1461.0,-1461.0,-1458.0,16950.0,16475.0,19284.0,0.0,3.0,18950.0,0.0,5889.0,0.0,1
210000.0,1,2,2,31,2,2,0,0,2,0,200332.0,195530.0,176634.0,128137.0,130500.0,128838.0,0.0,6800.0,4900.0,4500.0,4700.0,4900.0,1
90000.0,1,3,2,25,0,0,0,0,-2,-2,6822.0,6995.0,7884.0,0.0,0.0,0.0,1172.0,1061.0,0.0,0.0,0.0,193.0,1
60000.0,2,2,2,23,0,0,0,0,0,0,48413.0,52587.0,54733.0,55618.0,56827.0,58040.0,5000.0,3000.0,1888.0,2000.0,2000.0,3000.0,1
120000.0,2,3,2,50,0,-1,0,0,0,0,149540.0,118675.0,120047.0,100637.0,79613.0,79286.0,125000.0,4065.0,4000.0,3000.0,3000.0,3000.0,1
360000.0,2,3,2,34,-2,-2,-2,-2,-2,-2,0.0,0.0,0.0,0.0,0.0,0.0,0.0,0.0,0.0,0.0,0.0,0.0,1
100000.0,2,1,1,47,1,-2,-1,2,2,2,-84.0,-474.0,800.0,410.0,20.0,-370.0,0.0,3000.0,0.0,0.0,0.0,2500.0,1
80000.0,2,2,1,34,1,2,2,2,0,0,84720.0,86221.0,84062.0,79076.0,31984.0,29306.0,3808.0,2804.0,30.0,1108.0,1108.0,1133.0,1
200000.0,2,1,2,27,0,0,2,2,2,2,159215.0,172029.0,167856.0,179126.0,174748.0,179337.0,15500.0,0.0,14100.0,0.0,7400.0,13000.0,1
140000.0,2,1,1,42,2,2,2,0,0,0,141321.0,141836.0,139070.0,134168.0,135678.0,136494.0,4300.0,1003.0,4854.0,5500.0,5200.0,5100.0,1
70000.0,2,2,1,38,1,2,0,0,2,0,73688.0,70254.0,71281.0,73229.0,71426.0,68911.0,0.0,2800.0,6500.0,0.0,2821.0,5500.0,1
220000.0,2,1,2,27,-1,-1,-1,-1,-1,-1,3352.0,3352.0,3352.0,3352.0,3352.0,3352.0,3352.0,3352.0,3352.0,3352.0,3352.0,3352.0,1
380000.0,1,2,1,47,1,-2,-2,-2,-2,-2,0.0,0.0,0.0,0.0,0.0,0.0,0.0,0.0,0.0,0.0,0.0,0.0,1
90000.0,2,2,1,23,0,0,0,0,0,0,12770.0,14241.0,14895.0,25195.0,23769.0,2269.0,2500.0,1200.0,10500.0,7000.0,1000.0,0.0,1
70000.0,2,2,2,40,2,0,0,0,0,0,64744.0,66030.0,67450.0,68587.0,57710.0,58918.0,2361.0,2482.0,2293.0,2063.0,2135.0,2188.0,1
30000.0,2,2,1,27,0,0,2,2,2,2,21632.0,24267.0,24572.0,24872.0,25427.0,25860.0,3300.0,1000.0,1000.0,1100.0,1000.0,1100.0,1
290000.0,2,2,1,26,0,0,0,0,0,0,262518.0,180499.0,138326.0,128721.0,95657.0,90210.0,6500.0,5300.0,4000.0,5000.0,3000.0,2974.0,1
100000.0,2,2,2,25,1,2,3,4,4,3,53111.0,55650.0,59730.0,61693.0,59186.0,57949.0,4000.0,5600.0,3500.0,0.0,0.0,0.0,1
250000.0,2,3,1,55,0,0,0,0,0,0,296963.0,237684.0,178151.0,180993.0,155516.0,125063.0,8000.0,7400.0,9700.0,5100.0,4500.0,4012.0,1
80000.0,1,1,2,31,1,2,2,2,2,2,21004.0,20384.0,22231.0,21576.0,23229.0,22708.0,0.0,2500.0,0.0,2000.0,0.0,1000.0,1
20000.0,2,3,2,49,2,2,2,2,0,0,9551.0,12081.0,13087.0,12583.0,15327.0,16414.0,3000.0,1500.0,0.0,3123.0,1500.0,1000.0,1
20000.0,1,2,2,27,1,2,2,2,2,0,17569.0,18478.0,19884.0,20218.0,19687.0,20307.0,1500.0,2000.0,1000.0,0.0,1000.0,1000.0,1
30000.0,2,2,2,27,2,-1,0,0,-1,-1,1473.0,2998.0,2946.0,1473.0,1473.0,28058.0,2998.0,1473.0,0.0,1473.0,28058.0,1100.0,1
30000.0,2,2,2,29,1,2,0,0,0,2,16493.0,15545.0,16557.0,16857.0,18121.0,18375.0,0.0,1275.0,575.0,1539.0,700.0,0.0,1
80000.0,2,2,2,32,1,2,0,0,0,0,113740.0,97093.0,85266.0,85871.0,47367.0,47812.0,0.0,3448.0,2383.0,1609.0,2000.0,2000.0,1
30000.0,2,2,1,31,3,3,2,2,2,2,25320.0,24620.0,25522.0,26008.0,25294.0,26928.0,0.0,1600.0,1200.0,0.0,2200.0,0.0,1
80000.0,1,2,2,59,2,2,2,2,2,0,24756.0,29818.0,29060.0,31133.0,24135.0,22970.0,5500.0,13.0,4000.0,5.0,2005.0,2005.0,1
120000.0,2,2,2,39,0,0,0,2,0,0,20693.0,22033.0,24067.0,24372.0,24670.0,25617.0,2000.0,2400.0,1000.0,1000.0,1500.0,1500.0,1
100000.0,2,2,1,44,1,2,0,0,3,2,76725.0,74901.0,76094.0,84457.0,82525.0,81086.0,0.0,3000.0,9657.0,0.0,0.0,3200.0,1
150000.0,2,1,2,32,2,2,2,2,0,0,118348.0,120800.0,123379.0,122881.0,123954.0,131543.0,5900.0,6000.0,3000.0,4600.0,9800.0,5100.0,1
260000.0,2,3,1,41,0,0,0,2,2,0,137614.0,137133.0,134970.0,88806.0,86858.0,89970.0,5700.0,9000.0,4500.0,0.0,5000.0,3700.0,1
50000.0,1,3,1,48,-1,-1,-1,-1,-1,-1,1058.0,1726.0,390.0,390.0,390.0,390.0,1726.0,390.0,390.0,390.0,390.0,390.0,1
30000.0,1,2,1,34,0,0,0,0,0,0,28893.0,26807.0,27942.0,27179.0,27385.0,28943.0,2000.0,2000.0,940.0,1000.0,2000.0,2000.0,1
30000.0,1,3,2,39,1,2,0,0,0,0,27934.0,27206.0,28404.0,24865.0,24528.0,25011.0,0.0,2000.0,1100.0,1100.0,1042.0,917.0,1
50000.0,1,3,1,45,0,-1,-1,2,-1,-1,10522.0,261.0,1305.0,1134.0,1073.0,1312.0,261.0,2305.0,0.0,1200.0,1500.0,0.0,1
320000.0,1,1,1,43,-1,-1,-1,0,0,-1,3274.0,86251.0,14857.0,12157.0,8690.0,4166.0,86682.0,14871.0,260.0,43.0,4186.0,904.0,1
90000.0,1,2,2,33,0,0,0,0,0,0,56291.0,58385.0,60412.0,61710.0,63020.0,64274.0,3000.0,3000.0,2300.0,2300.0,2300.0,2379.0,1
30000.0,2,2,1,32,2,2,0,0,0,-1,28156.0,27422.0,28335.0,20946.0,15525.0,7422.0,0.0,1542.0,1024.0,1000.0,7422.0,281.0,1
20000.0,1,3,2,24,2,0,0,0,0,0,11179.0,12188.0,12904.0,14217.0,14360.0,16140.0,1504.0,1220.0,1533.0,676.0,2177.0,559.0,1
50000.0,1,1,1,29,0,0,0,0,0,0,48310.0,49690.0,40697.0,16751.0,17093.0,13191.0,2300.0,1400.0,335.0,342.0,4000.0,200.0,1
110000.0,2,2,2,33,0,0,0,0,0,0,83762.0,84677.0,87748.0,99201.0,78281.0,77772.0,3200.0,4521.0,20000.0,2710.0,2800.0,2700.0,1
110000.0,2,3,1,55,-1,2,0,0,2,2,4924.0,4305.0,4770.0,5819.0,4807.0,5579.0,0.0,1087.0,1532.0,0.0,1000.0,0.0,1
50000.0,2,2,2,24,2,0,0,0,0,2,35845.0,36449.0,37858.0,38924.0,41170.0,40379.0,1500.0,2000.0,2000.0,3200.0,0.0,1700.0,1
50000.0,1,2,1,25,0,0,0,0,0,0,49007.0,48847.0,47241.0,47683.0,46844.0,47537.0,1922.0,2200.0,2000.0,1400.0,2000.0,2270.0,1
50000.0,2,1,2,25,2,0,0,0,0,0,49052.0,48026.0,47361.0,44293.0,17807.0,18324.0,3006.0,2300.0,3064.0,1799.0,790.0,1100.0,1
100000.0,2,2,1,39,2,2,0,0,0,0,78353.0,77726.0,79151.0,80249.0,82405.0,77011.0,1200.0,3400.0,2900.0,3500.0,3000.0,6100.0,1
30000.0,1,1,2,28,-1,2,2,0,0,0,1190.0,2107.0,1098.0,1098.0,1248.0,982.0,1098.0,0.0,0.0,982.0,150.0,0.0,1
100000.0,2,1,2,26,-1,-1,-1,-1,-1,-1,123.0,123.0,123.0,123.0,123.0,123.0,123.0,123.0,123.0,123.0,123.0,396.0,1
310000.0,1,1,2,28,0,0,0,0,0,0,272588.0,169978.0,156699.0,131276.0,118837.0,119402.0,9978.0,6699.0,11276.0,9695.0,19402.0,6270.0,1
180000.0,2,1,2,33,2,-1,-1,-1,-1,-1,416.0,416.0,416.0,416.0,150.0,982.0,416.0,416.0,416.0,150.0,982.0,416.0,1
130000.0,1,3,2,39,2,2,2,2,2,2,66548.0,71034.0,69329.0,74175.0,72383.0,77217.0,5600.0,0.0,6000.0,0.0,6000.0,0.0,1
20000.0,2,2,2,28,0,0,2,0,0,0,2937.0,5696.0,4144.0,8168.0,6894.0,11424.0,3353.0,3.0,5101.0,6.0,6530.0,8103.0,1
120000.0,2,2,2,32,0,0,0,0,0,2,15602.0,16482.0,16743.0,17185.0,18281.0,17312.0,2000.0,1551.0,2000.0,1500.0,457.0,7000.0,1
20000.0,2,2,1,32,3,2,0,0,0,0,20631.0,20010.0,19703.0,11084.0,10918.0,10985.0,0.0,1168.0,384.0,390.0,632.0,616.0,1
190000.0,2,1,2,28,2,2,2,2,2,2,155335.0,159438.0,163684.0,166163.0,168592.0,171923.0,8000.0,8150.0,6500.0,6500.0,6000.0,0.0,1
180000.0,2,2,1,32,2,2,2,2,2,0,13286.0,15548.0,15009.0,17752.0,17172.0,18732.0,2800.0,0.0,3000.0,0.0,2000.0,5000.0,1
30000.0,2,3,1,40,2,0,0,0,0,0,27783.0,27584.0,28638.0,29584.0,30036.0,29404.0,1748.0,1802.0,1748.0,1200.0,1223.0,1100.0,1
20000.0,1,2,1,31,1,2,0,0,0,0,21635.0,19749.0,19469.0,19856.0,19147.0,20369.0,0.0,1303.0,690.0,851.0,1700.0,0.0,1
350000.0,1,1,2,33,-2,-2,-2,-2,-2,-2,2394.0,1685.0,563.0,7535.0,0.0,1522.0,1685.0,569.0,7572.0,0.0,1522.0,700.0,1
60000.0,2,2,3,39,1,1,-2,-2,-2,-2,58574.0,-1540.0,-1930.0,-2320.0,-1220.0,0.0,0.0,0.0,0.0,2000.0,2000.0,0.0,1
200000.0,2,1,1,32,-1,2,-1,-1,0,-1,220.0,110.0,110.0,11946.0,32836.0,110.0,0.0,110.0,11946.0,21000.0,110.0,0.0,1
180000.0,2,2,2,29,0,0,0,2,0,0,172271.0,179760.0,180488.0,142201.0,141826.0,125974.0,11600.0,9635.0,0.0,5245.0,5172.0,3726.0,1
20000.0,2,2,1,29,2,2,2,0,0,0,18985.0,20271.0,19658.0,20086.0,19630.0,19627.0,3100.0,0.0,1600.0,400.0,393.0,270.0,1
20000.0,2,2,2,22,0,0,0,0,0,-1,38391.0,20305.0,7992.0,13524.0,19320.0,8430.0,2608.0,2000.0,11200.0,9386.0,14500.0,10800.0,1
100000.0,2,2,1,36,2,2,2,2,2,2,78063.0,79346.0,77977.0,79071.0,76918.0,81713.0,3500.0,3300.0,3000.0,0.0,6500.0,3000.0,1
300000.0,2,1,2,38,-1,-1,-1,2,-1,2,2984.0,-46.0,154.0,154.0,1626.0,976.0,0.0,200.0,0.0,1626.0,0.0,0.0,1
200000.0,1,2,1,34,-1,-1,-1,-1,-1,0,170.0,1512.0,-15.0,1067.0,2176.0,3378.0,1525.0,0.0,1082.0,2179.0,2013.0,165.0,1
430000.0,2,2,2,29,2,0,0,0,0,0,75249.0,77754.0,79822.0,81859.0,83844.0,86082.0,3754.0,3322.0,3359.0,3344.0,3582.0,3623.0,1
120000.0,1,1,1,42,0,0,2,2,2,0,7722.0,9591.0,10687.0,11905.0,11420.0,12081.0,2000.0,1400.0,1700.0,0.0,1000.0,700.0,1
140000.0,2,2,1,42,0,0,0,0,0,0,111496.0,112133.0,69529.0,70804.0,70781.0,66735.0,6022.0,3021.0,5012.0,5112.0,3000.0,5000.0,1
30000.0,2,2,1,51,1,2,3,2,2,0,16490.0,18908.0,18321.0,19618.0,19008.0,19301.0,3000.0,0.0,1900.0,0.0,750.0,750.0,1
130000.0,1,2,1,48,2,0,0,0,0,0,121409.0,123106.0,125614.0,125451.0,84103.0,84436.0,6000.0,6592.0,4000.0,3000.0,3062.0,4000.0,1
50000.0,2,3,2,44,2,0,0,2,2,2,23268.0,24377.0,27164.0,26429.0,28291.0,27702.0,1500.0,3500.0,0.0,2300.0,0.0,1500.0,1
110000.0,2,2,2,40,0,0,0,0,0,0,111720.0,86877.0,133187.0,65025.0,62777.0,62105.0,3406.0,2357.0,2239.0,3617.0,2247.0,2500.0,1
170000.0,1,2,1,59,2,2,2,2,2,2,44619.0,45386.0,46365.0,47304.0,47727.0,49315.0,1800.0,2000.0,2000.0,1500.0,2500.0,0.0,1
120000.0,2,1,2,30,-1,-1,-1,-1,-1,-1,416.0,416.0,416.0,0.0,832.0,416.0,416.0,416.0,0.0,832.0,416.0,416.0,1
30000.0,2,2,2,23,0,0,0,0,0,0,28767.0,27567.0,28638.0,28818.0,29439.0,17685.0,1749.0,1820.0,1000.0,621.0,354.0,0.0,1
90000.0,2,2,2,23,0,0,0,0,0,0,42105.0,43919.0,46812.0,44976.0,46406.0,47625.0,2500.0,3970.0,2500.0,2500.0,2500.0,1700.0,1
30000.0,2,1,2,27,0,0,0,0,0,0,30342.0,29337.0,29956.0,29782.0,27290.0,27865.0,1500.0,1485.0,2000.0,1000.0,1014.0,4413.0,1
200000.0,2,2,2,47,1,-2,-2,-2,-2,-1,0.0,0.0,0.0,0.0,0.0,665.0,0.0,0.0,0.0,0.0,665.0,0.0,1
50000.0,2,3,2,22,0,0,0,0,0,0,44698.0,42254.0,38347.0,32496.0,23477.0,24094.0,1767.0,1362.0,1002.0,840.0,995.0,904.0,1
150000.0,2,2,1,30,-1,-1,2,-1,-1,-1,696.0,1392.0,696.0,696.0,873.0,1392.0,1392.0,0.0,696.0,873.0,1392.0,696.0,1
120000.0,1,2,2,38,0,0,0,0,0,0,116399.0,117514.0,111003.0,84840.0,86954.0,83448.0,5000.0,5000.0,3000.0,3500.0,3000.0,82000.0,1
50000.0,2,2,1,31,0,0,0,2,0,0,45074.0,46546.0,48945.0,47994.0,48704.0,41189.0,2201.0,3600.0,0.0,1500.0,1500.0,1531.0,1
50000.0,1,3,1,49,0,0,0,0,0,0,49331.0,46429.0,47446.0,39516.0,17643.0,32230.0,2000.0,3030.0,4000.0,2000.0,2800.0,2936.0,1
20000.0,2,2,1,25,2,2,4,4,4,4,1650.0,1650.0,1650.0,1650.0,1650.0,1650.0,0.0,0.0,0.0,0.0,0.0,0.0,1
20000.0,1,1,1,35,2,2,2,-1,0,0,20547.0,17089.0,15824.0,17840.0,18140.0,0.0,1250.0,0.0,30000.0,500.0,0.0,0.0,1
140000.0,2,2,1,27,0,0,0,0,0,0,125273.0,125756.0,111799.0,107375.0,104299.0,106280.0,6000.0,6000.0,3910.0,3936.0,3871.0,3841.0,1
50000.0,2,3,2,28,0,0,0,0,0,0,51422.0,50525.0,49691.0,49308.0,30284.0,30554.0,2100.0,2500.0,28400.0,1100.0,2000.0,1500.0,1
120000.0,1,1,1,48,-1,-1,-1,-1,-1,-1,360.0,360.0,360.0,150.0,870.0,510.0,360.0,360.0,150.0,870.0,510.0,870.0,1
20000.0,2,2,2,24,0,0,0,0,0,0,2004.0,3193.0,4050.0,4129.0,4367.0,4613.0,1211.0,1068.0,147.0,304.0,467.0,0.0,1
140000.0,2,2,2,24,-2,-2,-2,-2,-2,-2,137037.0,127771.0,124714.0,73593.0,73344.0,78629.0,5053.0,3615.0,2573.0,2858.0,8000.0,2000.0,1
360000.0,2,1,1,48,1,-1,-1,-2,-2,-2,491.0,3670.0,-114.0,-200.0,-200.0,-200.0,3700.0,0.0,0.0,0.0,0.0,0.0,1
20000.0,2,2,2,25,0,0,0,0,0,0,15389.0,16397.0,17195.0,17499.0,16236.0,10400.0,1270.0,1341.0,1160.0,556.0,600.0,0.0,1
30000.0,2,2,1,38,0,0,0,-2,-2,-2,24380.0,15525.0,0.0,0.0,0.0,0.0,1600.0,0.0,0.0,0.0,0.0,292.0,1
200000.0,1,2,1,40,2,2,0,0,0,0,208012.0,199367.0,202668.0,111486.0,118951.0,89077.0,0.0,8756.0,5003.0,10053.0,10066.0,10027.0,1
180000.0,2,1,2,31,4,4,4,3,2,2,83020.0,84654.0,82852.0,81162.0,79958.0,178148.0,3500.0,0.0,0.0,0.0,100000.0,0.0,1
550000.0,1,3,1,50,2,2,2,0,0,2,491810.0,534289.0,494690.0,504929.0,501474.0,446605.0,51500.0,0.0,19067.0,35696.0,0.0,18169.0,1
40000.0,2,1,2,23,2,2,2,0,0,0,19827.0,20709.0,21070.0,21420.0,23066.0,23683.0,1500.0,1000.0,1000.0,2000.0,1000.0,894.0,1
30000.0,1,2,1,25,0,0,0,0,0,0,11355.0,12670.0,13383.0,14699.0,14688.0,16749.0,1512.0,1225.0,1541.0,530.0,2302.0,0.0,1
200000.0,2,1,2,29,0,0,0,-2,-1,0,53493.0,3123.0,3221.0,3287.0,63687.0,65034.0,1060.0,1000.0,66.0,65437.0,2422.0,2418.0,1
20000.0,2,2,1,28,2,-1,-1,-1,-1,-1,390.0,390.0,390.0,390.0,390.0,0.0,390.0,390.0,390.0,390.0,0.0,780.0,1
160000.0,1,2,1,66,2,2,2,2,2,2,67771.0,69535.0,70848.0,71739.0,73090.0,74490.0,3400.0,3000.0,2600.0,2600.0,2700.0,2800.0,1
240000.0,2,2,1,40,-1,-1,-1,0,-1,2,3571.0,2298.0,2632.0,904.0,5559.0,2748.0,2309.0,2637.0,2.0,5567.0,8.0,2730.0,1
90000.0,2,2,2,23,0,0,0,0,0,0,90508.0,89618.0,75342.0,71668.0,49358.0,50296.0,3432.0,3615.0,3511.0,2500.0,2000.0,1850.0,1
70000.0,1,3,2,25,1,2,0,0,0,0,69447.0,67209.0,56580.0,24991.0,16036.0,16667.0,0.0,4000.0,1500.0,3000.0,2500.0,5000.0,1
30000.0,2,2,1,52,1,2,0,0,0,0,34104.0,31600.0,30199.0,30010.0,24660.0,22042.0,0.0,2000.0,2000.0,1500.0,2000.0,3000.0,1
90000.0,1,3,1,56,2,0,0,2,2,0,48900.0,37039.0,36334.0,34214.0,30789.0,28994.0,2000.0,4000.0,1100.0,0.0,1050.0,1034.0,1
50000.0,1,3,2,30,2,0,0,0,0,0,50110.0,50322.0,27078.0,19107.0,19506.0,20024.0,1500.0,1620.0,1000.0,707.0,841.0,657.0,1
30000.0,1,2,2,25,1,2,2,2,2,2,26623.0,27703.0,26753.0,30107.0,30614.0,27190.0,1800.0,0.0,4100.0,900.0,0.0,40925.0,1
160000.0,2,2,2,42,2,2,0,0,0,0,152630.0,95758.0,97251.0,98010.0,99669.0,101664.0,0.0,4385.0,3639.0,3762.0,3800.0,3897.0,1
230000.0,1,1,1,42,2,0,0,0,0,0,222059.0,161817.0,160270.0,60604.0,60986.0,62195.0,7300.0,4160.0,2308.0,2300.0,2223.0,2304.0,1
140000.0,1,1,2,34,2,2,2,2,2,2,124640.0,131032.0,132065.0,129307.0,131154.0,134470.0,9900.0,4700.0,800.0,4012.0,9800.0,1.0,1
300000.0,2,3,2,33,-2,-2,-2,-2,-2,-2,0.0,0.0,0.0,0.0,0.0,0.0,0.0,0.0,0.0,0.0,0.0,0.0,1
260000.0,2,1,2,30,2,0,0,0,0,0,94114.0,96689.0,101023.0,93738.0,96218.0,102547.0,5000.0,6000.0,5000.0,4000.0,8000.0,5000.0,1
190000.0,2,2,2,30,0,0,0,0,0,0,194724.0,190781.0,191861.0,155967.0,153193.0,156494.0,8900.0,6200.0,5500.0,5600.0,5800.0,5600.0,1
50000.0,2,2,1,33,0,0,0,-1,0,0,34485.0,28251.0,7114.0,28042.0,28479.0,29066.0,1815.0,1700.0,30042.0,1200.0,1200.0,1300.0,1
50000.0,1,1,1,56,0,0,0,0,0,0,50715.0,51073.0,28185.0,28842.0,30399.0,29977.0,2500.0,1500.0,1100.0,2000.0,1500.0,1017.0,1
110000.0,1,2,1,30,2,2,2,2,2,2,88168.0,90585.0,89555.0,87410.0,85576.0,84021.0,7300.0,3800.0,3000.0,3100.0,3000.0,3000.0,1
30000.0,2,1,2,27,2,2,2,2,2,2,28207.0,29261.0,28497.0,29862.0,43148.0,30603.0,1800.0,0.0,2150.0,900.0,3776.0,0.0,1
50000.0,1,1,1,32,0,0,0,0,0,0,25411.0,26989.0,28245.0,29176.0,28696.0,29321.0,2000.0,2000.0,1500.0,1000.0,913.0,1800.0,1
30000.0,1,3,2,34,2,2,2,0,0,0,24367.0,28682.0,27922.0,28632.0,29075.0,30891.0,4723.0,0.0,1173.0,1056.0,2300.0,0.0,1
140000.0,1,3,1,39,1,2,2,2,0,0,89592.0,92225.0,93890.0,91013.0,91535.0,93065.0,5000.0,4000.0,0.0,3000.0,7893.0,2660.0,1
240000.0,2,2,1,29,0,0,2,2,2,0,198128.0,211417.0,206386.0,219111.0,211373.0,211215.0,16500.0,0.0,16007.0,7.0,8229.0,7621.0,1
360000.0,1,1,2,38,-2,-2,-2,-2,-2,-2,0.0,0.0,0.0,0.0,0.0,0.0,0.0,0.0,0.0,0.0,0.0,0.0,1
400000.0,2,1,1,44,4,3,2,0,0,-1,278863.0,275153.0,269528.0,269278.0,269278.0,1976.0,0.0,0.0,150.0,0.0,3355.0,5688.0,1
200000.0,1,3,2,28,1,-1,-1,-2,-1,-1,0.0,1500.0,0.0,0.0,1000.0,1000.0,1500.0,0.0,0.0,1000.0,1000.0,0.0,1
280000.0,2,2,1,56,2,0,0,0,0,0,284128.0,284204.0,284041.0,283396.0,213294.0,213384.0,9970.0,10261.0,17003.0,7657.0,7750.0,7861.0,1
260000.0,2,2,1,34,-2,-2,-2,-2,-2,-2,8214.0,2149.0,3065.0,750.0,0.0,0.0,2151.0,3065.0,750.0,0.0,0.0,377.0,1
160000.0,1,2,1,41,0,0,-2,-2,-2,-2,2524.0,0.0,0.0,0.0,0.0,0.0,0.0,0.0,0.0,0.0,0.0,0.0,1
150000.0,1,1,2,42,2,0,0,0,0,0,143896.0,147475.0,75423.0,70034.0,44311.0,20056.0,6482.0,3440.0,2046.0,4311.0,5056.0,1169.0,1
80000.0,2,2,2,32,0,0,2,0,0,0,11572.0,14038.0,14207.0,14643.0,14856.0,15160.0,2670.0,700.0,672.0,600.0,550.0,570.0,1
190000.0,1,3,1,49,2,2,2,2,2,2,178367.0,179062.0,177663.0,180312.0,185910.0,191895.0,5000.0,3000.0,7100.0,8700.0,9300.0,9500.0,1
20000.0,2,2,1,38,3,4,3,2,2,2,18666.0,18087.0,17517.0,16930.0,18043.0,17156.0,0.0,0.0,0.0,1381.0,0.0,1600.0,1
150000.0,2,3,1,48,2,2,2,2,2,2,84647.0,76858.0,62650.0,59255.0,45983.0,52986.0,5950.0,0.0,10000.0,0.0,20000.0,0.0,1
240000.0,1,2,2,33,-1,-1,-1,0,-1,-1,1863.0,15172.0,8930.0,7324.0,10506.0,10625.0,15172.0,8930.0,0.0,10526.0,10625.0,11982.0,1
200000.0,2,2,2,36,0,0,0,0,0,0,199278.0,201725.0,203794.0,189024.0,191803.0,195044.0,7279.0,8679.0,6300.0,6000.0,6000.0,22001.0,1
60000.0,1,2,2,27,2,0,0,2,0,0,58598.0,56486.0,60877.0,56138.0,56806.0,57935.0,2632.0,5924.0,0.0,2200.0,2200.0,2290.0,1
50000.0,2,3,1,53,2,2,2,2,2,2,40926.0,43236.0,45250.0,46003.0,44193.0,44838.0,3000.0,3000.0,1800.0,0.0,1500.0,2300.0,1
170000.0,1,2,2,27,0,0,0,0,0,0,156411.0,143042.0,126395.0,119365.0,112801.0,108241.0,7100.0,5500.0,5000.0,5000.0,5000.0,5000.0,1
360000.0,2,2,2,25,0,0,0,0,0,0,354626.0,356006.0,351383.0,335323.0,332865.0,333404.0,14000.0,14000.0,12000.0,12000.0,12000.0,12000.0,1
250000.0,2,2,2,38,1,-2,-2,-2,-2,-2,0.0,0.0,0.0,0.0,0.0,0.0,0.0,0.0,0.0,0.0,0.0,0.0,1
270000.0,1,1,2,28,4,4,3,2,2,2,237881.0,232799.0,227597.0,230751.0,235931.0,240595.0,0.0,0.0,8400.0,9000.0,8700.0,9000.0,1
180000.0,1,2,2,32,1,2,2,0,0,0,172842.0,177065.0,163930.0,136145.0,133843.0,134352.0,8500.0,0.0,7000.0,5000.0,8000.0,5000.0,1
600000.0,1,2,1,50,0,0,0,0,0,0,225274.0,230414.0,237135.0,241033.0,246081.0,250971.0,8773.0,10561.0,8629.0,8934.0,8984.0,9306.0,1
50000.0,1,2,2,39,0,0,0,0,2,2,25637.0,28371.0,29913.0,32417.0,31597.0,33575.0,3500.0,2000.0,3000.0,0.0,2500.0,3000.0,1
130000.0,2,1,2,26,-2,-2,-2,-2,-2,-2,1815.0,3520.0,727.0,-173.0,-173.0,-173.0,3532.0,857.0,1000.0,0.0,0.0,0.0,1
10000.0,1,2,1,30,-1,-1,-1,-1,-2,-2,390.0,0.0,780.0,0.0,0.0,0.0,0.0,780.0,0.0,0.0,0.0,0.0,1
420000.0,2,3,2,25,1,2,0,0,0,0,72874.0,71035.0,57503.0,56467.0,53995.0,55304.0,0.0,2000.0,1892.0,1979.0,2226.0,23011.0,1
70000.0,2,2,2,23,1,2,0,0,2,2,17461.0,16892.0,18013.0,19315.0,19859.0,19390.0,0.0,1400.0,1600.0,1000.0,0.0,1000.0,1
180000.0,2,1,1,40,1,-1,-1,-2,-2,-2,0.0,319.0,0.0,0.0,0.0,0.0,319.0,0.0,0.0,0.0,0.0,207.0,1
50000.0,1,2,2,25,-2,-2,-2,-2,-2,-2,-1587.0,-5174.0,-2587.0,-2587.0,-2587.0,-2587.0,0.0,0.0,0.0,0.0,0.0,0.0,1
560000.0,2,2,1,45,0,0,0,0,0,0,374663.0,382010.0,379652.0,387706.0,334908.0,341884.0,13195.0,13510.0,14292.0,11553.0,12130.0,11703.0,1
100000.0,1,2,1,52,0,0,0,0,0,0,64254.0,21178.0,101565.0,82087.0,81201.0,77928.0,2211.0,81565.0,2625.0,3931.0,2900.0,2800.0,1
170000.0,2,2,1,39,0,0,0,2,0,0,114007.0,117677.0,124636.0,121232.0,124199.0,129346.0,7000.0,10500.0,0.0,5000.0,11000.0,4500.0,1
220000.0,2,1,1,41,8,7,6,5,4,3,246915.0,243234.0,238172.0,232446.0,227800.0,225044.0,0.0,0.0,0.0,0.0,0.0,0.0,1
140000.0,2,1,1,40,2,2,0,0,0,2,34359.0,33521.0,34685.0,35399.0,36616.0,36893.0,0.0,2000.0,1583.0,1800.0,1000.0,3000.0,1
230000.0,2,2,2,52,2,-1,2,0,-1,-1,1292.0,3943.0,1990.0,1499.0,593.0,2553.0,3951.0,1.0,9.0,594.0,2560.0,3759.0,1
30000.0,1,2,2,34,2,2,2,0,0,2,10522.0,10148.0,8587.0,8366.0,8528.0,7030.0,1200.0,0.0,1200.0,1500.0,0.0,460.0,1
100000.0,1,2,2,30,2,4,4,4,3,2,89898.0,92422.0,95979.0,93580.0,91181.0,93563.0,4900.0,5900.0,0.0,0.0,4000.0,3200.0,1
80000.0,2,2,1,42,2,2,2,2,2,2,45691.0,46662.0,47595.0,48312.0,49392.0,50426.0,2000.0,2000.0,1800.0,2000.0,2000.0,1900.0,1
120000.0,2,3,1,58,1,-1,-1,-2,-2,-1,0.0,2228.0,0.0,0.0,0.0,672.0,2228.0,0.0,0.0,0.0,672.0,2507.0,1
180000.0,2,1,2,56,-2,-2,-2,-2,-2,-2,0.0,0.0,1829.0,-200.0,0.0,4208.0,0.0,1829.0,998.0,200.0,4208.0,0.0,1
90000.0,2,3,2,27,2,0,0,0,0,0,92290.0,90719.0,39902.0,39200.0,38531.0,32991.0,4183.0,1600.0,1280.0,1310.0,1432.0,1088.0,1
30000.0,1,2,1,44,1,3,2,2,2,2,23171.0,22523.0,21863.0,23296.0,22783.0,24310.0,0.0,0.0,1800.0,0.0,1910.0,780.0,1
50000.0,1,2,2,35,1,2,2,0,0,2,40624.0,41381.0,40416.0,41395.0,44063.0,44587.0,1700.0,0.0,1650.0,3505.0,1400.0,1700.0,1
150000.0,1,2,1,55,1,2,2,0,0,0,76516.0,78505.0,76652.0,77688.0,79440.0,81126.0,3800.0,0.0,2800.0,3000.0,3000.0,3200.0,1
60000.0,2,2,2,57,0,0,2,0,0,0,44041.0,46810.0,45781.0,48814.0,49802.0,51034.0,3810.0,0.0,3814.0,1802.0,2034.0,4459.0,1
50000.0,1,2,1,28,2,0,0,0,0,0,42435.0,44030.0,43979.0,31508.0,16519.0,19231.0,3000.0,2000.0,2000.0,2000.0,3000.0,1000.0,1
270000.0,1,1,1,37,0,0,0,0,0,0,174532.0,167536.0,171865.0,176167.0,105523.0,45258.0,6900.0,7900.0,8800.0,4700.0,2100.0,60000.0,1
190000.0,1,2,1,43,0,0,0,0,0,0,83399.0,86010.0,87736.0,90373.0,91980.0,94502.0,4000.0,4000.0,5000.0,4000.0,4000.0,5000.0,1
150000.0,2,3,1,45,0,0,0,0,0,0,141415.0,144592.0,147635.0,129507.0,132219.0,134869.0,5457.0,5661.0,4636.0,4800.0,4850.0,5000.0,1
300000.0,1,1,2,34,1,-2,-1,0,-1,-1,0.0,0.0,13001.0,12601.0,19595.0,203.0,0.0,13001.0,0.0,19595.0,203.0,0.0,1
120000.0,2,2,2,28,-1,2,2,-2,-2,-2,200.0,200.0,0.0,0.0,0.0,0.0,0.0,0.0,0.0,0.0,0.0,0.0,1
210000.0,2,1,2,33,0,0,0,0,2,-1,14682.0,1220.0,4048.0,1871.0,1320.0,257.0,1075.0,3923.0,1723.0,5.0,257.0,10843.0,1
90000.0,1,3,1,39,0,0,0,0,0,0,93757.0,91359.0,88616.0,56887.0,46700.0,47272.0,4000.0,2625.0,2511.0,1501.0,1391.0,1393.0,1
80000.0,1,2,1,54,0,0,0,0,0,-1,105365.0,108702.0,108486.0,94119.0,18809.0,40619.0,5030.0,2698.0,2172.0,376.0,40619.0,25311.0,1
290000.0,2,2,1,55,1,-2,-1,-1,-1,2,0.0,166.0,2462.0,-150.0,1134.0,777.0,166.0,2462.0,150.0,1833.0,0.0,500.0,1
60000.0,1,1,2,28,0,0,0,0,2,0,18996.0,20806.0,22447.0,24337.0,23808.0,24610.0,2120.0,2000.0,2269.0,0.0,1200.0,2269.0,1
110000.0,1,3,2,34,2,2,2,2,2,2,86345.0,88492.0,81753.0,84368.0,80262.0,80529.0,4504.0,30.0,7000.0,2600.0,3500.0,2.0,1
100000.0,1,2,2,32,0,0,0,2,2,2,34904.0,37007.0,42076.0,41105.0,44090.0,48914.0,3000.0,6000.0,0.0,4000.0,5700.0,2000.0,1
80000.0,1,2,1,36,2,2,2,2,2,2,77054.0,81697.0,79347.0,81325.0,76550.0,78715.0,6900.0,0.0,5800.0,0.0,4000.0,2000.0,1
20000.0,1,2,2,24,2,2,2,2,0,0,5266.0,6026.0,15855.0,16295.0,17023.0,17388.0,1000.0,10000.0,1000.0,1000.0,639.0,2822.0,1
10000.0,1,2,2,23,0,0,-1,0,0,0,5583.0,8959.0,4408.0,9071.0,9038.0,5005.0,5000.0,7000.0,5000.0,5000.0,1000.0,10000.0,1
60000.0,1,3,1,31,2,0,0,-2,-2,-2,35369.0,35320.0,0.0,0.0,0.0,0.0,1027.0,0.0,0.0,0.0,0.0,0.0,1
60000.0,1,1,1,37,2,0,0,0,0,0,21962.0,23592.0,25702.0,26961.0,28509.0,29546.0,2000.0,2500.0,2000.0,2000.0,1500.0,2000.0,1
360000.0,1,2,1,35,-2,-2,-2,-2,-2,-2,-9.0,-9.0,-9.0,-9.0,1943.0,2500.0,0.0,0.0,0.0,1952.0,2500.0,0.0,1
200000.0,1,1,1,30,2,2,2,2,2,2,2500.0,2500.0,2500.0,2500.0,2500.0,2500.0,0.0,0.0,0.0,0.0,0.0,0.0,1
180000.0,2,2,2,36,0,0,0,0,0,2,161159.0,151558.0,154648.0,156584.0,166960.0,164012.0,7000.0,7100.0,6000.0,13100.0,0.0,6000.0,1
20000.0,1,2,1,44,0,0,0,0,0,0,17441.0,17696.0,18672.0,18654.0,19584.0,19390.0,1309.0,1285.0,657.0,2000.0,388.0,390.0,1
110000.0,2,2,1,39,2,2,0,0,2,2,110109.0,106656.0,104407.0,108689.0,106342.0,111575.0,0.0,5200.0,7700.0,0.0,7800.0,0.0,1
50000.0,2,3,1,44,0,0,-1,0,0,0,48592.0,38491.0,900.0,1900.0,2900.0,3000.0,1063.0,900.0,1000.0,1000.0,100.0,0.0,1
360000.0,2,3,1,53,-2,-2,-2,-2,-2,-2,0.0,208.0,2489.0,786.0,0.0,486.0,208.0,2489.0,786.0,0.0,486.0,150.0,1
70000.0,1,1,2,25,-1,2,2,2,2,0,3635.0,4529.0,4308.0,4859.0,4638.0,4911.0,1100.0,0.0,624.0,0.0,500.0,1000.0,1
210000.0,2,1,1,31,-2,-2,-2,-2,-2,-2,31808.0,9283.0,7846.0,38141.0,9461.0,33978.0,9283.0,7846.0,38218.0,10000.0,33978.0,0.0,1
360000.0,2,2,1,59,1,-2,-2,-2,-2,-2,0.0,0.0,0.0,0.0,0.0,0.0,0.0,0.0,0.0,0.0,0.0,0.0,1
30000.0,2,3,2,52,3,2,2,2,2,2,26494.0,26675.0,29111.0,28325.0,28840.0,5450.0,900.0,3974.0,0.0,600.0,0.0,0.0,1
50000.0,2,2,2,47,2,2,2,2,2,2,43439.0,44769.0,43781.0,45021.0,28660.0,27807.0,2341.0,0.0,2554.0,0.0,1800.0,0.0,1
30000.0,2,2,1,27,2,0,0,2,2,2,20581.0,21632.0,24267.0,24572.0,24872.0,25427.0,1700.0,3300.0,1000.0,1000.0,1100.0,1000.0,1
30000.0,1,2,2,25,3,2,2,2,0,0,18585.0,19301.0,19702.0,19102.0,19508.0,19899.0,1300.0,1000.0,0.0,700.0,700.0,1000.0,1
320000.0,2,2,2,29,1,2,0,0,3,2,93070.0,90725.0,92697.0,106221.0,104313.0,103251.0,0.0,3500.0,15100.0,11.0,3129.0,11.0,1
110000.0,1,2,1,54,2,2,2,2,2,2,55753.0,56839.0,58039.0,58792.0,59620.0,60819.0,2600.0,2700.0,2300.0,2400.0,2300.0,2400.0,1
150000.0,2,2,1,27,-2,-2,-2,-2,-2,-2,5560.0,0.0,0.0,0.0,0.0,0.0,0.0,0.0,0.0,0.0,0.0,0.0,1
270000.0,2,3,1,37,-1,-1,-1,-1,-1,-1,384.0,2197.0,186.0,0.0,173.0,0.0,2197.0,186.0,0.0,173.0,0.0,433.0,1
420000.0,1,2,2,26,1,2,2,0,0,0,390188.0,395881.0,382620.0,333210.0,324487.0,327615.0,14000.0,15.0,13175.0,11700.0,11900.0,12140.0,1
50000.0,2,2,2,31,2,0,0,2,2,2,28133.0,29461.0,32067.0,31252.0,32633.0,33965.0,1800.0,3400.0,0.0,1900.0,2000.0,0.0,1
80000.0,2,3,1,48,-1,-1,2,-1,-1,-1,396.0,792.0,396.0,792.0,0.0,396.0,792.0,0.0,792.0,0.0,396.0,546.0,1
300000.0,1,1,2,34,0,0,0,0,0,0,271928.0,274915.0,279570.0,241030.0,228125.0,215438.0,10230.0,9483.0,8172.0,8081.0,7707.0,7981.0,1
230000.0,1,2,1,34,1,-2,-1,2,2,0,0.0,0.0,33.0,33.0,33.0,1133.0,0.0,33.0,0.0,0.0,1100.0,704.0,1
40000.0,1,1,2,27,2,0,0,0,0,0,10181.0,11058.0,11471.0,11776.0,12660.0,12660.0,2500.0,2000.0,1500.0,2330.0,2300.0,1000.0,1
60000.0,1,2,2,24,2,2,2,0,0,0,48945.0,52362.0,51255.0,52119.0,52866.0,53969.0,4549.0,0.0,2313.0,2044.0,2110.0,2500.0,1
180000.0,2,3,1,41,2,2,2,0,0,0,100094.0,101204.0,98680.0,100644.0,102750.0,104792.0,3582.0,0.0,3605.0,3731.0,3752.0,4038.0,1
210000.0,2,1,1,38,1,-2,-1,0,-1,-1,0.0,0.0,250.0,123.0,789.0,1222.0,0.0,250.0,0.0,789.0,1222.0,9616.0,1
140000.0,1,2,1,37,-1,2,-1,0,-1,-1,2081.0,991.0,1982.0,991.0,1091.0,1420.0,0.0,1982.0,0.0,1091.0,1420.0,7351.0,1
450000.0,1,1,1,34,-2,-2,-2,-2,-2,-2,-9.0,1844.0,0.0,0.0,0.0,0.0,1853.0,0.0,0.0,0.0,0.0,0.0,1
80000.0,2,2,1,23,2,0,0,0,0,0,82628.0,134880.0,67325.0,68652.0,70388.0,76743.0,2500.0,2404.0,3000.0,2800.0,7700.0,0.0,1
100000.0,2,1,1,35,2,0,0,2,2,2,47253.0,49489.0,53034.0,53568.0,54563.0,56013.0,3000.0,5000.0,2000.0,2000.0,2500.0,2300.0,1
10000.0,2,2,2,22,-1,-1,-1,-1,-1,-1,528.0,0.0,264.0,264.0,264.0,264.0,0.0,264.0,264.0,264.0,264.0,1056.0,1
70000.0,1,3,1,45,2,2,2,2,2,2,71586.0,71623.0,71020.0,67338.0,70769.0,68957.0,3100.0,3008.0,0.0,5100.0,2600.0,0.0,1
50000.0,1,2,2,25,-1,2,2,-2,-2,-2,1170.0,780.0,0.0,0.0,0.0,0.0,0.0,0.0,0.0,0.0,0.0,0.0,1
20000.0,2,3,2,22,3,2,2,4,4,4,1650.0,1650.0,1650.0,1650.0,1650.0,1650.0,0.0,0.0,0.0,0.0,0.0,0.0,1
80000.0,2,2,1,23,-2,-2,-2,-2,-2,-2,780.0,0.0,390.0,390.0,390.0,540.0,0.0,390.0,390.0,390.0,540.0,390.0,1
50000.0,1,2,2,25,2,2,2,0,0,0,19775.0,21679.0,18566.0,19918.0,19584.0,18508.0,3800.0,0.0,2000.0,1500.0,1000.0,2000.0,1
210000.0,2,2,2,27,1,-2,-2,-2,-2,-2,0.0,0.0,0.0,0.0,0.0,0.0,0.0,0.0,0.0,0.0,0.0,0.0,1
170000.0,1,1,2,51,0,0,0,0,0,0,201851.0,195038.0,189067.0,180389.0,137030.0,129222.0,6873.0,7509.0,5573.0,4309.0,4239.0,5142.0,1
230000.0,1,2,2,37,1,-2,-2,-2,-2,-2,0.0,0.0,0.0,0.0,0.0,0.0,0.0,0.0,0.0,0.0,0.0,0.0,1
210000.0,2,3,1,44,-2,-2,-2,-2,-2,-2,11771.0,13462.0,17706.0,0.0,5646.0,14793.0,13462.0,17706.0,0.0,5646.0,14793.0,7376.0,1
80000.0,1,3,1,41,0,0,0,0,0,-1,76015.0,77582.0,60311.0,62471.0,21071.0,2099.0,3008.0,3000.0,5000.0,10000.0,2099.0,0.0,1
190000.0,1,1,2,36,2,2,2,2,2,2,107689.0,109678.0,110887.0,111871.0,114223.0,116577.0,5200.0,4500.0,4300.0,4300.0,4400.0,4500.0,1
150000.0,1,2,3,25,-1,-1,-1,0,0,0,1180.0,7667.0,9044.0,8397.0,6763.0,0.0,7705.0,9047.0,8.0,33.0,0.0,0.0,1
100000.0,1,1,2,27,-1,2,0,0,0,0,17553.0,10628.0,5836.0,6746.0,7889.0,0.0,0.0,1000.0,2000.0,3323.0,0.0,0.0,1
20000.0,2,2,1,28,2,2,2,0,0,0,17023.0,18432.0,17848.0,19103.0,19229.0,18856.0,2000.0,0.0,1574.0,700.0,688.0,687.0,1
20000.0,1,2,2,36,0,0,-2,-2,-2,-2,18400.0,0.0,0.0,0.0,0.0,0.0,0.0,0.0,0.0,0.0,0.0,0.0,1
360000.0,2,1,1,59,1,-2,-2,-2,-2,-2,0.0,0.0,0.0,0.0,0.0,0.0,0.0,0.0,0.0,0.0,0.0,0.0,1
50000.0,1,1,1,45,-1,-1,-1,-1,-1,-1,390.0,390.0,390.0,390.0,390.0,390.0,390.0,390.0,390.0,390.0,390.0,390.0,1
30000.0,2,3,1,28,0,0,0,0,0,0,16162.0,13301.0,12930.0,13233.0,12595.0,12454.0,2000.0,1307.0,2000.0,252.0,249.0,100.0,1
50000.0,1,2,1,36,2,2,7,7,7,7,2400.0,2400.0,2400.0,2400.0,2400.0,2400.0,0.0,0.0,0.0,0.0,0.0,0.0,1
20000.0,1,2,2,24,0,0,0,0,0,0,19498.0,13056.0,14092.0,10474.0,11198.0,12198.0,2000.0,1254.0,1000.0,724.0,1000.0,1000.0,1
80000.0,2,2,1,34,2,2,2,0,0,0,76142.0,80627.0,76776.0,61884.0,55501.0,54840.0,6611.0,1.0,3000.0,2504.0,2000.0,2200.0,1
20000.0,1,2,2,25,1,2,2,0,0,0,6174.0,7543.0,7255.0,3887.0,5887.0,0.0,2000.0,28.0,0.0,2000.0,0.0,0.0,1
20000.0,1,1,2,23,1,2,3,2,0,0,18679.0,20380.0,19753.0,19160.0,19661.0,19816.0,2300.0,0.0,0.0,788.0,558.0,198.0,1
230000.0,1,2,2,32,2,0,0,0,2,2,253935.0,237858.0,242378.0,235163.0,234032.0,225822.0,10183.0,10057.0,19000.0,9100.0,0.0,16500.0,1
50000.0,2,2,1,46,2,3,3,2,0,0,64350.0,63192.0,57205.0,54371.0,19946.0,17406.0,5000.0,0.0,0.0,613.0,573.0,593.0,1
50000.0,2,2,2,24,1,2,0,0,0,0,48861.0,48082.0,48614.0,26667.0,26036.0,26850.0,2000.0,2233.0,1083.0,1100.0,1400.0,3000.0,1
150000.0,1,2,1,37,0,0,0,0,0,0,147891.0,149402.0,148152.0,150781.0,146446.0,149658.0,5004.0,4957.0,4208.0,4201.0,4837.0,3500.0,1
170000.0,2,2,1,45,1,2,2,0,0,0,110970.0,117076.0,113778.0,117989.0,118803.0,121434.0,9460.0,0.0,6100.0,4210.0,4500.0,4500.0,1
20000.0,2,2,1,59,3,2,3,2,2,4,8803.0,11137.0,10672.0,11201.0,12721.0,11946.0,2800.0,0.0,1000.0,2000.0,0.0,0.0,1
290000.0,1,2,2,30,2,2,0,0,0,2,270131.0,213484.0,197238.0,202680.0,133478.0,131024.0,0.0,9000.0,10500.0,17000.0,0.0,3500.0,1
30000.0,1,2,1,47,-1,-1,0,0,0,0,778.0,5898.0,8610.0,8402.0,10878.0,10790.0,5900.0,3000.0,299.0,3000.0,608.0,274.0,1
300000.0,2,1,2,36,1,-2,-2,-1,2,-1,-78.0,-78.0,-78.0,1222.0,1072.0,4689.0,0.0,0.0,1300.0,0.0,4689.0,0.0,1
360000.0,1,2,1,42,1,-2,-2,-2,-2,-2,0.0,0.0,0.0,0.0,0.0,0.0,0.0,0.0,0.0,0.0,0.0,0.0,1
180000.0,1,1,1,41,1,2,2,2,2,0,114952.0,117567.0,119314.0,120882.0,117450.0,120398.0,6000.0,5100.0,5000.0,0.0,5000.0,5000.0,1
30000.0,2,1,2,25,1,-2,-2,-2,-2,-2,0.0,0.0,0.0,0.0,0.0,0.0,0.0,0.0,0.0,0.0,0.0,0.0,1
40000.0,1,1,2,27,0,0,0,0,0,0,11058.0,11471.0,11776.0,12660.0,12660.0,12413.0,2000.0,1500.0,2330.0,2300.0,1000.0,2078.0,1
70000.0,2,1,1,42,0,0,0,0,0,2,40466.0,41805.0,42520.0,43378.0,46664.0,47341.0,1994.0,1709.0,1567.0,4000.0,1600.0,2000.0,1
220000.0,1,1,1,42,1,-2,-2,-2,-2,-2,0.0,0.0,0.0,0.0,0.0,0.0,0.0,0.0,0.0,0.0,0.0,0.0,1
240000.0,2,1,2,37,3,2,2,2,2,2,164691.0,167489.0,170329.0,173033.0,175678.0,179707.0,7000.0,7000.0,7000.0,7000.0,7000.0,7000.0,1
50000.0,2,2,2,24,0,0,0,0,0,0,48393.0,49405.0,50934.0,7728.0,8390.0,48679.0,1814.0,2343.0,1137.0,799.0,41933.0,1943.0,1
90000.0,2,2,1,48,-1,-1,-1,-1,-1,-1,316.0,316.0,316.0,316.0,316.0,316.0,316.0,316.0,316.0,316.0,316.0,316.0,1
130000.0,1,3,1,27,-1,-1,-1,-1,-2,-1,500.0,2000.0,1354.0,0.0,0.0,2699.0,2000.0,1354.0,0.0,0.0,2699.0,3766.0,1
30000.0,2,3,1,23,2,2,2,0,0,2,15003.0,15955.0,15410.0,17149.0,18362.0,18919.0,1500.0,0.0,2000.0,1500.0,1000.0,700.0,1
20000.0,1,2,2,22,1,2,2,2,0,0,19698.0,20305.0,20602.0,19850.0,20277.0,17525.0,2000.0,1300.0,0.0,702.0,620.0,0.0,1
30000.0,2,2,1,23,6,5,4,4,3,2,40439.0,37936.0,36489.0,33971.0,31632.0,28677.0,0.0,1011.0,0.0,0.0,0.0,2405.0,1
50000.0,2,1,2,29,-1,-1,-1,0,-1,-1,2459.0,2471.0,6015.0,5625.0,3056.0,2439.0,2471.0,6015.0,0.0,3056.0,2439.0,3026.0,1
10000.0,1,3,2,33,-1,-1,-1,-1,-1,-1,1655.0,1473.0,390.0,390.0,540.0,150.0,1473.0,390.0,390.0,540.0,150.0,3780.0,1
100000.0,1,2,1,28,1,-2,-2,-2,-2,-2,0.0,0.0,0.0,0.0,0.0,0.0,0.0,0.0,0.0,0.0,0.0,0.0,1
50000.0,1,2,1,52,2,0,0,0,0,-1,27548.0,28578.0,29660.0,30600.0,-300.0,9037.0,1478.0,1560.0,1500.0,0.0,9337.0,323.0,1
80000.0,2,1,1,25,3,2,2,2,3,3,6269.0,7212.0,7246.0,8073.0,8349.0,8420.0,1200.0,300.0,1100.0,700.0,500.0,0.0,1
30000.0,1,2,2,23,0,0,2,2,2,-1,19321.0,23985.0,23321.0,25809.0,24985.0,700.0,5320.0,0.0,3316.0,0.0,700.0,0.0,1
320000.0,2,2,1,32,0,0,0,-2,-1,0,44312.0,23132.0,-2793.0,-2793.0,20381.0,25198.0,3000.0,23.0,0.0,23381.0,5000.0,5000.0,1
50000.0,2,1,1,32,2,0,0,-1,0,-1,47858.0,49223.0,42589.0,639.0,4639.0,2312.0,2500.0,3000.0,7000.0,4000.0,2413.0,2000.0,1
30000.0,2,2,1,51,-2,-2,-2,-2,-2,-2,1724.0,1222.0,4952.0,6693.0,22761.0,10044.0,1222.0,4972.0,7629.0,22817.0,10056.0,298.0,1
260000.0,2,1,1,44,-1,-1,-1,-1,-1,-2,2772.0,6675.0,-3098.0,11377.0,0.0,0.0,6675.0,20.0,50000.0,0.0,0.0,0.0,1
30000.0,1,1,1,27,-1,0,0,0,0,-2,12897.0,13484.0,6655.0,6618.0,0.0,0.0,2011.0,2211.0,2101.0,148.0,0.0,0.0,1
30000.0,1,3,1,55,2,2,2,3,3,4,9720.0,10613.0,11339.0,12841.0,13836.0,14514.0,1200.0,1200.0,2000.0,1500.0,1500.0,1500.0,1
30000.0,1,1,2,25,0,0,0,0,0,0,29108.0,29806.0,30477.0,30651.0,30107.0,26304.0,1800.0,1800.0,1300.0,1560.0,1000.0,1100.0,1
30000.0,2,3,1,55,2,0,0,0,0,0,29278.0,30393.0,29785.0,30377.0,30155.0,31098.0,1600.0,1585.0,1377.0,1155.0,2600.0,0.0,1
420000.0,2,1,1,45,2,0,0,0,0,0,412289.0,414634.0,409078.0,412057.0,402926.0,373095.0,16272.0,17029.0,15514.0,15056.0,13707.0,14128.0,1
110000.0,2,2,2,28,0,0,0,0,0,0,35208.0,36619.0,38026.0,40332.0,41772.0,43052.0,2000.0,2000.0,3000.0,2000.0,2000.0,2000.0,1
50000.0,1,2,3,41,0,0,0,0,0,0,51449.0,52260.0,40893.0,81308.0,41463.0,40045.0,1700.0,1679.0,1640.0,1449.0,1454.0,1466.0,1
50000.0,2,1,2,22,2,2,2,0,0,0,8823.0,10606.0,4991.0,4461.0,2561.0,0.0,2000.0,300.0,200.0,0.0,0.0,0.0,1
20000.0,1,3,2,26,3,2,2,2,2,-1,150.0,150.0,150.0,150.0,150.0,1150.0,0.0,0.0,0.0,0.0,1150.0,0.0,1
100000.0,2,1,2,32,1,-1,-1,0,-1,-1,0.0,325.0,650.0,325.0,647.0,7706.0,650.0,650.0,0.0,647.0,7706.0,1679.0,1
20000.0,1,2,2,23,1,2,2,0,0,2,17081.0,16809.0,17541.0,18250.0,19463.0,19010.0,300.0,1305.0,1305.0,1518.0,0.0,1861.0,1
10000.0,2,3,1,42,2,2,2,2,0,0,7587.0,7920.0,10153.0,8999.0,9999.0,0.0,1000.0,2374.0,0.0,1000.0,0.0,0.0,1
130000.0,2,3,1,43,0,0,0,0,0,0,126965.0,130067.0,129385.0,96775.0,98071.0,97743.0,6739.0,5540.0,4403.0,3814.0,3562.0,4021.0,1
20000.0,1,1,2,23,-1,2,2,2,2,2,15383.0,16142.0,15586.0,17322.0,16908.0,17564.0,1300.0,0.0,2000.0,0.0,1240.0,0.0,1
80000.0,2,1,2,27,-1,-1,2,-1,-1,-1,988.0,12922.0,12261.0,2393.0,407.0,2888.0,12961.0,0.0,2403.0,407.0,3176.0,7336.0,1
50000.0,1,2,1,47,2,0,0,0,0,0,10492.0,11913.0,13012.0,13789.0,14560.0,15025.0,1600.0,1600.0,1300.0,1000.0,700.0,600.0,1
150000.0,2,2,2,44,2,2,0,0,0,0,168179.0,159008.0,157164.0,155109.0,153033.0,156636.0,0.0,5684.0,5538.0,5410.0,11000.0,0.0,1
210000.0,2,2,2,53,-1,-1,-1,-1,-1,-1,390.0,390.0,390.0,390.0,390.0,390.0,390.0,390.0,390.0,390.0,390.0,390.0,1
30000.0,1,2,2,25,1,2,0,0,2,2,12925.0,13411.0,14190.0,16218.0,15663.0,17250.0,1000.0,1300.0,2273.0,0.0,2000.0,0.0,1
60000.0,2,1,2,24,0,0,0,0,0,0,18220.0,18743.0,17624.0,17457.0,21386.0,4340.0,1553.0,1200.0,349.0,5345.0,0.0,316.0,1
100000.0,2,2,2,26,1,2,0,0,2,2,6056.0,5810.0,6860.0,8337.0,8054.0,8921.0,0.0,1150.0,1600.0,0.0,1000.0,0.0,1
320000.0,2,1,1,38,2,2,-2,-2,-2,-2,2500.0,0.0,0.0,0.0,0.0,0.0,0.0,0.0,0.0,0.0,0.0,0.0,1
460000.0,2,1,1,40,3,2,2,3,3,3,2650.0,2650.0,2650.0,2650.0,2650.0,2650.0,0.0,0.0,0.0,0.0,0.0,200.0,1
60000.0,1,2,2,26,3,2,0,0,0,0,61014.0,59473.0,56912.0,47513.0,42945.0,45648.0,0.0,2100.0,1500.0,1700.0,3500.0,1341.0,1
130000.0,2,2,2,37,2,0,0,0,0,0,129677.0,131798.0,98083.0,92317.0,87375.0,87634.0,5940.0,4700.0,4433.0,3100.0,3300.0,3200.0,1
60000.0,1,2,2,27,5,4,3,2,-1,0,67940.0,65957.0,64005.0,61769.0,51722.0,44956.0,0.0,0.0,0.0,51722.0,16000.0,1100.0,1
30000.0,2,3,1,44,2,2,2,2,0,0,33382.0,34547.0,35100.0,32859.0,32041.0,31262.0,2000.0,1500.0,0.0,1112.0,1175.0,2200.0,1
100000.0,2,1,2,29,-2,-2,-2,-2,-2,-2,0.0,0.0,0.0,0.0,0.0,0.0,0.0,0.0,0.0,0.0,0.0,0.0,1
170000.0,1,2,2,26,0,0,0,0,0,0,145354.0,143279.0,87885.0,84534.0,74758.0,78633.0,8000.0,3500.0,4000.0,4000.0,6000.0,0.0,1
80000.0,1,1,2,25,-1,-1,-1,-1,-1,-1,390.0,390.0,390.0,390.0,390.0,390.0,390.0,390.0,390.0,390.0,390.0,390.0,1
130000.0,2,2,2,37,2,2,2,2,0,0,82640.0,85505.0,87587.0,85428.0,86251.0,88094.0,5000.0,4200.0,0.0,3000.0,3100.0,3100.0,1
50000.0,2,2,2,36,2,2,2,2,0,0,50817.0,50523.0,51921.0,50767.0,48488.0,49503.0,2000.0,2500.0,0.0,1721.0,1782.0,1806.0,1
20000.0,2,2,1,29,0,0,2,2,2,2,9665.0,12186.0,11700.0,13474.0,13006.0,13743.0,2700.0,0.0,2000.0,0.0,1055.0,0.0,1
200000.0,2,2,2,28,1,2,2,2,2,2,171468.0,167214.0,180484.0,176111.0,184620.0,189518.0,0.0,16000.0,0.0,13000.0,8000.0,0.0,1
50000.0,2,2,1,32,0,0,0,0,0,0,47445.0,37395.0,9858.0,8536.0,9674.0,9591.0,1697.0,1118.0,285.0,299.0,1110.0,40207.0,1
240000.0,1,1,2,35,-1,-1,2,-1,0,-1,325.0,650.0,325.0,2250.0,1925.0,1925.0,650.0,0.0,2250.0,0.0,1925.0,1925.0,1
180000.0,2,4,2,29,-2,-2,-2,-2,-2,-2,0.0,0.0,0.0,0.0,0.0,2150.0,0.0,0.0,0.0,0.0,2150.0,0.0,1
30000.0,2,3,3,52,1,2,2,2,-1,-1,10033.0,6486.0,7064.0,2890.0,2500.0,3280.0,0.0,3192.0,0.0,2500.0,3280.0,0.0,1
410000.0,1,2,2,48,0,0,0,-1,-1,0,28921.0,13482.0,8484.0,15286.0,17116.0,18777.0,5422.0,3040.0,15362.0,17133.0,5076.0,4040.0,1
160000.0,1,2,2,57,-2,-2,-2,-2,-2,-1,-1.0,-1.0,-1.0,-1.0,-1.0,600.0,0.0,0.0,0.0,0.0,601.0,0.0,1
230000.0,1,3,2,30,1,-2,-2,-2,-2,-2,0.0,0.0,0.0,0.0,0.0,0.0,0.0,0.0,0.0,0.0,0.0,0.0,1
160000.0,1,2,1,33,0,0,2,2,0,0,82535.0,84300.0,86091.0,83839.0,85552.0,88028.0,4000.0,4000.0,0.0,4000.0,4000.0,4000.0,1
70000.0,1,1,2,31,1,2,2,2,0,0,23633.0,22955.0,26574.0,25804.0,27454.0,25447.0,0.0,4000.0,0.0,2000.0,1000.0,1000.0,1
50000.0,2,1,2,42,0,0,2,2,2,2,35539.0,38246.0,37332.0,39702.0,38932.0,41770.0,3600.0,0.0,3000.0,0.0,3500.0,3387.0,1
70000.0,2,2,2,44,0,0,0,-1,0,0,79696.0,75167.0,75183.0,69385.0,30103.0,3752.0,3100.0,1600.0,94540.0,1124.0,100.0,3091.0,1
240000.0,2,2,1,47,1,2,2,2,2,2,124425.0,131943.0,133457.0,134749.0,132651.0,140600.0,10839.0,5000.0,4800.0,0.0,10000.0,5200.0,1
30000.0,2,1,1,24,-1,-1,-1,-1,-1,-1,9280.0,2643.0,3415.0,2250.0,2486.0,844.0,2643.0,3415.0,2250.0,2486.0,844.0,0.0,1
430000.0,2,1,1,37,-2,-2,-2,-2,-2,-2,1013.0,0.0,2320.0,0.0,4139.0,0.0,0.0,2320.0,0.0,4139.0,1015.0,0.0,1
140000.0,2,3,1,40,2,0,0,0,2,2,30755.0,31757.0,32808.0,35342.0,35965.0,36741.0,1815.0,1866.0,3400.0,1500.0,1500.0,1484.0,1
60000.0,1,2,2,23,0,0,0,0,0,0,49507.0,33282.0,34312.0,17277.0,17808.0,19346.0,1970.0,2000.0,618.0,809.0,2000.0,616.0,1
50000.0,2,2,2,28,2,2,2,0,0,0,45004.0,48119.0,42958.0,37812.0,15617.0,9625.0,3880.0,10.0,8656.0,1044.0,349.0,414.0,1
70000.0,1,1,2,31,1,2,2,0,0,0,65779.0,34480.0,33632.0,35747.0,38981.0,43331.0,3000.0,0.0,3000.0,4000.0,5000.0,0.0,1
20000.0,2,1,2,27,3,2,2,0,0,2,16732.0,17866.0,17276.0,17514.0,18462.0,18036.0,1700.0,0.0,800.0,1361.0,0.0,800.0,1
200000.0,2,2,2,28,1,2,0,0,2,2,61844.0,60294.0,63663.0,67596.0,66388.0,71272.0,0.0,5000.0,5000.0,0.0,6000.0,0.0,1
360000.0,2,1,2,29,0,0,-2,-2,-2,-1,3280.0,0.0,0.0,0.0,0.0,2650.0,0.0,0.0,0.0,0.0,2650.0,0.0,1
80000.0,1,2,2,27,1,2,2,2,2,2,53576.0,52128.0,56657.0,57340.0,55823.0,58260.0,0.0,6000.0,2200.0,0.0,3500.0,3500.0,1
200000.0,2,3,1,26,0,0,0,0,0,0,201642.0,202486.0,197888.0,145078.0,137272.0,131447.0,7671.0,6210.0,4500.0,4200.0,6200.0,4200.0,1
140000.0,2,2,3,28,0,0,0,0,0,0,138901.0,140732.0,140661.0,100656.0,49783.0,49310.0,5600.0,5500.0,2650.0,36000.0,1000.0,620.0,1
20000.0,1,3,2,43,-1,-1,2,0,0,0,390.0,1736.0,1170.0,780.0,780.0,0.0,1736.0,0.0,0.0,0.0,0.0,0.0,1
100000.0,1,2,2,44,2,2,2,2,2,2,80358.0,81344.0,84133.0,84873.0,82613.0,87461.0,2900.0,5000.0,3000.0,0.0,6200.0,4000.0,1
140000.0,1,2,2,41,0,0,0,0,0,0,144904.0,143827.0,141805.0,26141.0,7373.0,81185.0,10000.0,10000.0,5000.0,6000.0,76000.0,3000.0,1
20000.0,1,2,2,22,2,3,2,2,3,2,18292.0,17710.0,17137.0,19830.0,19240.0,18419.0,0.0,0.0,3000.0,0.0,0.0,2000.0,1
70000.0,2,2,1,46,2,2,2,2,2,2,24036.0,25035.0,25930.0,26206.0,26477.0,27404.0,1700.0,1600.0,1000.0,1000.0,1500.0,0.0,1
80000.0,2,2,1,27,0,-1,-1,-2,-2,-2,56720.0,5958.0,4303.0,3850.0,0.0,0.0,5958.0,4321.0,3869.0,0.0,0.0,0.0,1
20000.0,2,1,2,28,2,0,-1,0,0,0,18540.0,19726.0,8564.0,19775.0,19878.0,19898.0,2000.0,8568.0,19000.0,800.0,1000.0,20000.0,1
80000.0,2,3,1,52,2,2,3,3,3,2,36649.0,39448.0,40101.0,40748.0,39816.0,40607.0,3700.0,1600.0,1600.0,0.0,1600.0,1600.0,1
200000.0,1,2,2,27,-1,-1,-1,-1,-1,-1,1990.0,2035.0,1577.0,2424.0,671.0,1606.0,2035.0,1577.0,2424.0,671.0,1606.0,27124.0,1
10000.0,2,1,2,23,3,2,2,7,7,7,2400.0,2400.0,2400.0,2400.0,2400.0,2400.0,0.0,0.0,0.0,0.0,0.0,0.0,1
280000.0,1,3,1,32,0,0,0,0,0,0,158798.0,163164.0,168543.0,172083.0,173850.0,177469.0,6000.0,7000.0,6762.0,4880.0,5050.0,5100.0,1
20000.0,1,1,2,29,3,2,2,2,0,0,16330.0,15784.0,18200.0,17613.0,18371.0,19865.0,0.0,3000.0,0.0,1200.0,1800.0,0.0,1
360000.0,2,1,2,49,1,-2,-2,-2,-2,-2,0.0,0.0,0.0,0.0,0.0,0.0,0.0,0.0,0.0,0.0,0.0,0.0,1
120000.0,1,1,2,24,2,-1,0,0,-2,-1,1330.0,2103.0,2473.0,1162.0,0.0,3443.0,2103.0,1170.0,1162.0,0.0,3443.0,0.0,1
400000.0,2,1,2,33,-2,-2,-2,-2,-2,-2,0.0,0.0,0.0,0.0,0.0,0.0,0.0,0.0,0.0,0.0,0.0,0.0,1
100000.0,2,3,1,41,1,2,2,2,0,0,102250.0,97551.0,101882.0,98311.0,97546.0,101281.0,0.0,8900.0,0.0,3500.0,7570.0,0.0,1
40000.0,2,2,1,30,2,2,2,2,2,2,14408.0,15370.0,16320.0,16456.0,16492.0,16086.0,1500.0,1500.0,700.0,600.0,0.0,1600.0,1
130000.0,2,1,2,30,2,3,2,2,0,0,9123.0,8830.0,9533.0,10220.0,10353.0,10636.0,0.0,1000.0,1000.0,600.0,600.0,400.0,1
230000.0,2,2,2,32,1,-2,-2,-1,-1,-1,-46.0,-46.0,-46.0,4826.0,4829.0,1788.0,0.0,0.0,4872.0,4829.0,1788.0,1266.0,1
120000.0,2,2,1,36,2,2,0,0,2,2,117922.0,114621.0,115581.0,118481.0,116444.0,117283.0,0.0,4400.0,9000.0,0.0,9000.0,4400.0,1
90000.0,2,1,2,28,1,2,2,2,2,0,56889.0,55407.0,64428.0,64767.0,65579.0,67328.0,0.0,10000.0,2000.0,2000.0,3000.0,3000.0,1
280000.0,2,1,2,30,1,-1,-1,-1,0,0,0.0,230.0,0.0,327.0,168.0,168.0,230.0,0.0,327.0,0.0,0.0,0.0,1
40000.0,2,2,2,26,2,2,2,2,2,2,5678.0,9900.0,9592.0,10433.0,10521.0,10203.0,4500.0,0.0,1000.0,400.0,0.0,2200.0,1
130000.0,2,3,1,26,0,0,0,0,0,0,131724.0,130186.0,124530.0,115800.0,98268.0,83729.0,5510.0,8970.0,5239.0,5234.0,4000.0,4000.0,1
110000.0,1,2,1,35,0,0,0,0,0,0,48131.0,73221.0,74341.0,50184.0,51412.0,49448.0,32123.0,3000.0,1800.0,2041.0,2069.0,3000.0,1
100000.0,2,3,1,43,2,2,2,2,2,2,50485.0,51582.0,52141.0,52691.0,54199.0,53176.0,2200.0,2000.0,2000.0,2500.0,0.0,4500.0,1
360000.0,2,2,1,61,2,0,0,0,0,0,353176.0,353782.0,303494.0,260113.0,263229.0,268446.0,13869.0,11644.0,12307.0,9474.0,9662.0,9794.0,1
70000.0,2,2,2,23,2,2,2,0,0,2,14871.0,17461.0,16892.0,18013.0,19315.0,19859.0,2850.0,0.0,1400.0,1600.0,1000.0,0.0,1
500000.0,2,2,2,50,-1,-1,-1,0,0,0,588.0,2393.0,5306.0,5453.0,3221.0,1269.0,2393.0,5308.0,1000.0,0.0,0.0,1557.0,1
30000.0,2,2,2,31,3,2,2,2,2,0,29078.0,28312.0,29733.0,29183.0,28082.0,27434.0,0.0,1900.0,2600.0,11.0,1500.0,1700.0,1
20000.0,1,2,1,40,-1,-1,-1,-1,-1,-1,836.0,836.0,390.0,390.0,390.0,390.0,836.0,390.0,390.0,390.0,390.0,30500.0,1
140000.0,1,2,1,29,-1,-1,-1,0,0,-2,3300.0,1300.0,3074.0,594.0,0.0,0.0,1300.0,3668.0,0.0,0.0,0.0,0.0,1
70000.0,2,2,2,25,0,0,0,0,0,0,63745.0,55670.0,47413.0,44590.0,45890.0,47126.0,2294.0,2100.0,1600.0,2000.0,2000.0,1750.0,1
50000.0,2,3,1,43,2,2,2,2,2,2,44865.0,46760.0,47390.0,44520.0,45310.0,44430.0,2923.0,1700.0,0.0,3500.0,0.0,2000.0,1
20000.0,2,1,2,37,0,0,0,-1,-1,-2,8400.0,2000.0,0.0,2000.0,0.0,0.0,1000.0,0.0,2000.0,0.0,0.0,0.0,1
30000.0,1,3,1,44,1,2,2,2,0,0,19397.0,18659.0,22544.0,21889.0,22721.0,23401.0,1500.0,4500.0,0.0,1500.0,1200.0,2000.0,1
170000.0,1,1,1,39,2,2,2,2,4,3,74298.0,80073.0,81959.0,89991.0,88018.0,86299.0,7000.0,3800.0,10000.0,0.0,0.0,3100.0,1
100000.0,1,3,1,44,-1,-1,-1,-1,-1,-1,780.0,0.0,390.0,390.0,390.0,390.0,0.0,390.0,390.0,390.0,390.0,390.0,1
80000.0,2,2,1,43,-2,-2,-2,-2,-2,-2,398.0,379.0,298.0,-300.0,-300.0,-300.0,381.0,607.0,0.0,0.0,0.0,598.0,1
180000.0,1,2,1,55,-1,-1,-1,-1,-1,0,6854.0,560.0,10600.0,0.0,9510.0,9510.0,560.0,10600.0,0.0,9510.0,0.0,4600.0,1
220000.0,2,1,2,29,3,3,2,2,2,0,4695.0,4488.0,4283.0,5807.0,5568.0,5827.0,0.0,0.0,1587.0,0.0,500.0,586.0,1
20000.0,2,1,2,29,2,0,0,0,0,0,15037.0,16078.0,17210.0,18098.0,18843.0,19586.0,1600.0,1700.0,1500.0,1000.0,1000.0,500.0,1
50000.0,2,2,2,23,2,2,-2,-2,-2,-1,4338.0,0.0,0.0,0.0,0.0,74.0,0.0,0.0,0.0,0.0,74.0,390.0,1
210000.0,2,3,1,55,0,0,0,0,0,0,217016.0,204418.0,204377.0,146575.0,144521.0,147938.0,8049.0,9000.0,6000.0,5500.0,5816.0,5500.0,1
50000.0,2,3,1,26,-1,2,0,0,0,0,6064.0,5432.0,6090.0,6626.0,6513.0,6097.0,0.0,1136.0,1062.0,339.0,187.0,364.0,1
80000.0,1,2,2,27,2,0,0,0,0,0,62824.0,63883.0,57722.0,116742.0,72204.0,79105.0,2178.0,2674.0,2200.0,14710.0,8000.0,3005.0,1
160000.0,2,2,2,37,2,2,2,2,2,2,147333.0,143786.0,151842.0,147962.0,156921.0,159416.0,200.0,12000.0,0.0,11500.0,5811.0,0.0,1
40000.0,2,1,2,26,2,2,2,2,2,0,27255.0,26532.0,29089.0,28522.0,28914.0,29482.0,0.0,3000.0,200.0,1000.0,1200.0,1300.0,1
60000.0,2,2,1,33,2,0,0,0,0,0,60099.0,60983.0,55595.0,54940.0,47959.0,29763.0,2500.0,2006.0,5000.0,2000.0,2000.0,0.0,1
250000.0,2,2,1,26,1,3,2,2,2,0,631.0,631.0,631.0,1231.0,1068.0,6816.0,0.0,0.0,600.0,0.0,6000.0,5000.0,1
320000.0,2,3,1,35,0,0,0,0,0,0,157249.0,148123.0,142852.0,133583.0,129049.0,128325.0,6000.0,6048.0,6000.0,5000.0,5000.0,5000.0,1
360000.0,2,2,2,28,-2,-2,-2,-2,-2,-2,-307.0,-307.0,-307.0,-307.0,-307.0,-307.0,0.0,0.0,0.0,0.0,307.0,0.0,1
20000.0,1,2,1,35,0,0,0,0,2,2,11043.0,11770.0,13188.0,18318.0,18419.0,18978.0,1200.0,1600.0,5700.0,700.0,1000.0,0.0,1
10000.0,2,2,1,38,1,3,2,0,-1,0,3980.0,3771.0,3564.0,4500.0,5039.0,5275.0,0.0,0.0,1000.0,5039.0,375.0,0.0,1
20000.0,1,2,1,47,2,0,0,0,0,0,17305.0,17917.0,18600.0,19034.0,19022.0,19046.0,1295.0,1368.0,1192.0,570.0,606.0,600.0,1
120000.0,2,1,2,37,2,2,2,2,2,2,744.0,744.0,744.0,1188.0,594.0,1038.0,444.0,444.0,888.0,0.0,888.0,0.0,1
20000.0,1,1,2,23,2,2,2,2,2,2,7040.0,7897.0,7622.0,8294.0,8016.0,9382.0,1128.0,0.0,800.0,0.0,1500.0,815.0,1
110000.0,2,1,2,24,2,0,0,0,0,2,85123.0,40882.0,35428.0,39680.0,44097.0,42543.0,2000.0,2000.0,5000.0,5000.0,0.0,2000.0,1
50000.0,1,2,1,36,-1,0,0,0,0,0,3580.0,4597.0,5757.0,5869.0,5838.0,5971.0,1084.0,1244.0,356.0,212.0,230.0,205.0,1
180000.0,2,2,1,39,1,-2,-2,-2,-2,-2,0.0,0.0,0.0,0.0,0.0,0.0,0.0,0.0,0.0,0.0,0.0,0.0,1
360000.0,1,2,1,58,-1,-1,-1,-1,-2,-1,30155.0,10508.0,7575.0,3026.0,1133.0,3408.0,10541.0,7600.0,3049.0,1138.0,3414.0,24952.0,1
20000.0,1,2,1,26,3,2,2,3,3,3,1050.0,1050.0,1050.0,1050.0,1050.0,1050.0,0.0,0.0,0.0,0.0,0.0,0.0,1
10000.0,2,2,2,24,-1,-1,-1,-1,-1,2,5666.0,576.0,1709.0,1470.0,2010.0,780.0,576.0,1709.0,1470.0,2010.0,0.0,1080.0,1
300000.0,1,1,1,38,-2,-2,-2,-2,-2,-2,0.0,0.0,0.0,0.0,0.0,0.0,0.0,0.0,0.0,0.0,0.0,0.0,1
200000.0,2,3,1,69,2,2,2,2,2,-2,2500.0,2500.0,2500.0,2500.0,0.0,0.0,0.0,0.0,0.0,0.0,0.0,0.0,1
20000.0,2,2,1,30,1,-2,-1,2,2,-2,0.0,0.0,780.0,780.0,0.0,0.0,0.0,780.0,0.0,0.0,0.0,0.0,1
40000.0,2,2,1,24,2,2,2,2,2,0,28953.0,35389.0,34205.0,39361.0,35125.0,35890.0,6918.0,0.0,6000.0,0.0,2000.0,5000.0,1
80000.0,2,2,1,28,2,0,0,0,0,0,52062.0,49884.0,22348.0,22063.0,8723.0,7254.0,2158.0,1708.0,1411.0,4.0,21.0,220.0,1
160000.0,2,2,1,34,0,0,0,0,0,0,5283.0,5920.0,6999.0,8109.0,8596.0,9455.0,1500.0,1200.0,2000.0,1000.0,1000.0,500.0,1
230000.0,2,2,1,51,0,0,0,0,0,0,51802.0,53956.0,56968.0,58099.0,59318.0,60504.0,3000.0,3921.0,2079.0,2155.0,2174.0,2225.0,1
260000.0,2,1,2,25,-1,2,-1,0,0,0,148.0,75.0,12117.0,9620.0,8690.0,11744.0,7.0,12117.0,2.0,0.0,3054.0,6972.0,1
80000.0,2,2,3,59,0,0,0,0,0,0,80893.0,79175.0,78713.0,80684.0,50400.0,50058.0,2799.0,3300.0,3600.0,1568.0,1625.0,1649.0,1
20000.0,1,2,1,40,1,2,0,0,0,0,20138.0,19531.0,18867.0,19253.0,20003.0,19470.0,0.0,1146.0,532.0,900.0,781.0,0.0,1
130000.0,2,2,2,28,0,0,0,0,0,0,120208.0,111999.0,114413.0,116721.0,117795.0,120511.0,5500.0,5700.0,5692.0,4500.0,4850.0,3800.0,1
180000.0,1,3,1,37,-1,-1,-1,0,-1,-1,1170.0,420.0,2745.0,3053.0,1012.0,1312.0,420.0,2745.0,1000.0,1392.0,1312.0,1110.0,1
340000.0,1,1,2,33,1,-2,-2,-2,-2,-2,0.0,0.0,0.0,0.0,0.0,0.0,0.0,0.0,0.0,0.0,0.0,0.0,1
50000.0,2,2,2,27,2,0,0,0,2,2,16557.0,17975.0,20366.0,22710.0,23541.0,23027.0,2000.0,3000.0,3000.0,1500.0,0.0,1000.0,1
60000.0,1,3,1,36,1,-2,-2,-2,-2,-2,0.0,0.0,0.0,0.0,0.0,0.0,0.0,0.0,0.0,0.0,0.0,0.0,1
50000.0,1,2,2,25,1,2,0,0,0,0,21679.0,18566.0,19918.0,19584.0,18508.0,20047.0,0.0,2000.0,1500.0,1000.0,2000.0,676.0,1
150000.0,2,1,2,52,0,0,0,0,0,0,135450.0,137647.0,141046.0,143490.0,146060.0,149861.0,4771.0,4952.0,4019.0,4132.0,5037.0,3500.0,1
20000.0,1,2,2,22,3,2,2,3,2,2,16014.0,15474.0,19739.0,19194.0,38414.0,19200.0,0.0,4900.0,0.0,800.0,800.0,500.0,1
50000.0,1,3,1,43,0,0,0,0,0,0,27620.0,28923.0,29955.0,30666.0,31275.0,31940.0,1767.0,1799.0,1510.0,1119.0,1169.0,2000.0,1
180000.0,2,1,2,31,-1,-1,-1,-1,0,0,4582.0,1359.0,316.0,3072.0,2756.0,2440.0,1359.0,316.0,3072.0,0.0,0.0,316.0,1
100000.0,1,1,1,33,2,2,0,0,0,0,94257.0,78728.0,65747.0,67046.0,69938.0,74800.0,0.0,3100.0,3000.0,4000.0,6000.0,0.0,1
70000.0,1,1,2,27,-1,3,2,0,0,-1,4168.0,3942.0,1929.0,2870.0,1435.0,3047.0,0.0,0.0,1980.0,0.0,3047.0,0.0,1
120000.0,2,2,1,44,-1,-1,-1,-1,-1,-1,390.0,0.0,780.0,337.0,1234.0,0.0,0.0,780.0,337.0,1234.0,0.0,0.0,1
150000.0,2,2,1,29,2,2,2,2,2,2,99986.0,103662.0,103978.0,105272.0,106437.0,109108.0,6800.0,3500.0,4500.0,3000.0,4600.0,2500.0,1
80000.0,2,2,2,26,0,0,0,0,0,0,77760.0,79248.0,120697.0,60989.0,41023.0,42663.0,3100.0,4700.0,4800.0,1200.0,3260.0,2000.0,1
60000.0,2,2,1,40,0,0,0,-1,-1,-1,28738.0,30216.0,23720.0,1569.0,5580.0,2211.0,4000.0,1010.0,1569.0,5580.0,2211.0,0.0,1
20000.0,2,2,1,42,0,0,0,0,0,0,16560.0,17278.0,18289.0,18653.0,19195.0,19580.0,1293.0,1304.0,668.0,843.0,853.0,790.0,1
160000.0,1,1,2,37,-1,2,-1,-1,0,-1,17723.0,497.0,1100.0,652.0,326.0,5654.0,0.0,1100.0,652.0,0.0,5654.0,0.0,1
60000.0,1,2,1,40,0,0,0,0,0,0,58078.0,58139.0,59461.0,37170.0,18464.0,15822.0,2354.0,2538.0,1000.0,2000.0,1000.0,1000.0,1
200000.0,2,2,2,30,-1,0,0,-1,-1,-1,11916.0,23694.0,26397.0,12674.0,14068.0,6468.0,12366.0,11000.0,12674.0,14445.0,6867.0,399.0,1
290000.0,2,2,1,49,-1,-1,-1,-1,-1,-1,5287.0,2323.0,704.0,2135.0,1591.0,5392.0,2334.0,707.0,2145.0,1599.0,5419.0,5039.0,1
70000.0,2,1,1,36,1,2,0,0,0,0,31919.0,31123.0,32203.0,34656.0,36927.0,38308.0,0.0,1600.0,3000.0,3000.0,2000.0,1420.0,1
140000.0,2,1,2,31,-1,2,-1,-1,-1,-1,652.0,326.0,326.0,326.0,476.0,326.0,0.0,326.0,326.0,476.0,326.0,326.0,1
10000.0,1,2,2,32,1,2,0,0,0,0,9001.0,8322.0,8630.0,8630.0,7850.0,8150.0,0.0,1400.0,0.0,0.0,1600.0,0.0,1
30000.0,1,2,2,25,0,0,0,0,0,0,7653.0,8864.0,10062.0,11581.0,12580.0,13716.0,1500.0,1500.0,2000.0,1500.0,1500.0,1500.0,1
150000.0,1,1,1,41,3,2,2,0,0,2,111056.0,113467.0,110235.0,111376.0,154802.0,152304.0,5700.0,0.0,4500.0,45500.0,0.0,5400.0,1
50000.0,2,1,2,27,2,2,2,2,2,2,45722.0,46694.0,47617.0,48542.0,49630.0,50047.0,2000.0,2000.0,2000.0,2000.0,1700.0,2000.0,1
60000.0,2,2,2,42,0,0,0,0,0,0,60902.0,61078.0,61160.0,61055.0,60895.0,61587.0,2350.0,2532.0,2510.0,3250.0,2900.0,2630.0,1
120000.0,1,1,2,28,-1,0,0,0,0,0,8922.0,43070.0,47023.0,53576.0,57529.0,61392.0,35000.0,5000.0,8000.0,5000.0,5000.0,4000.0,1
160000.0,2,2,2,23,-1,2,0,0,0,-1,116212.0,88542.0,68311.0,48875.0,37261.0,4267.0,0.0,2483.0,900.0,20000.0,4267.0,24659.0,1
310000.0,2,2,1,35,2,0,0,0,0,0,304991.0,311243.0,306314.0,258610.0,246491.0,198889.0,13019.0,11128.0,8407.0,8599.0,6833.0,5987.0,1
500000.0,1,1,1,35,-2,-2,-2,-2,-2,-2,0.0,0.0,0.0,0.0,0.0,0.0,0.0,0.0,0.0,0.0,0.0,0.0,1
90000.0,1,2,1,42,0,0,0,0,-2,-2,87104.0,90651.0,92400.0,0.0,0.0,0.0,5000.0,4500.0,0.0,0.0,0.0,0.0,1
30000.0,2,2,2,22,2,0,0,0,0,0,27987.0,25690.0,27032.0,28070.0,29402.0,29854.0,1420.0,1762.0,1800.0,2089.0,1059.0,1123.0,1
100000.0,2,1,2,28,1,-2,-2,-2,-2,-1,0.0,0.0,0.0,0.0,0.0,281.0,0.0,0.0,0.0,0.0,281.0,0.0,1
50000.0,1,3,2,24,-1,0,0,-1,-1,-2,25437.0,25873.0,0.0,100.0,0.0,0.0,2000.0,0.0,100.0,0.0,0.0,0.0,1
80000.0,1,1,2,26,0,0,0,0,0,0,79650.0,80821.0,65609.0,49640.0,49685.0,46684.0,3515.0,2627.0,1697.0,2000.0,1700.0,3000.0,1
30000.0,2,2,2,22,0,0,0,2,2,2,26568.0,27556.0,29963.0,28835.0,30174.0,28603.0,1762.0,3500.0,0.0,2297.0,40.0,1755.0,1
200000.0,1,2,2,29,-1,-1,-1,-2,-2,-2,8951.0,6595.0,0.0,0.0,0.0,0.0,9117.0,0.0,0.0,0.0,0.0,0.0,1
360000.0,1,3,1,41,-2,-2,-2,-2,-2,-2,0.0,0.0,0.0,0.0,0.0,0.0,0.0,0.0,0.0,0.0,0.0,0.0,1
50000.0,1,1,2,25,-1,-1,-1,-1,-1,-1,9716.0,25045.0,15180.0,6964.0,7604.0,2173.0,25045.0,15522.0,6964.0,7604.0,2173.0,6586.0,1
150000.0,1,2,1,36,2,2,2,2,2,2,47529.0,40605.0,39394.0,37686.0,38810.0,31548.0,17.0,3105.0,2.0,2020.0,36.0,1048.0,1
10000.0,2,3,1,53,1,4,3,2,2,2,4479.0,4272.0,4064.0,3856.0,4390.0,4171.0,0.0,0.0,0.0,900.0,0.0,900.0,1
380000.0,1,3,1,44,0,0,0,0,0,0,329877.0,309781.0,295550.0,277650.0,264217.0,238368.0,12055.0,9837.0,9154.0,9042.0,8515.0,7745.0,1
140000.0,2,2,1,37,-1,-1,-1,-1,-1,-1,326.0,326.0,326.0,1516.0,326.0,1439.0,326.0,326.0,1516.0,326.0,1439.0,326.0,1
230000.0,2,1,1,66,1,-2,-2,-2,-2,-2,0.0,0.0,0.0,0.0,0.0,0.0,0.0,0.0,0.0,0.0,0.0,142.0,1
20000.0,2,2,1,43,1,2,3,2,2,2,11501.0,12998.0,13492.0,12978.0,13962.0,13595.0,2000.0,1000.0,0.0,1200.0,0.0,3000.0,1
10000.0,1,2,2,22,0,0,0,0,0,0,6579.0,7599.0,8608.0,8780.0,9114.0,9234.0,1134.0,1143.0,315.0,476.0,420.0,1000.0,1
30000.0,1,2,2,26,6,5,4,3,2,0,33181.0,32391.0,31624.0,30683.0,29215.0,29900.0,0.0,8.0,0.0,0.0,1015.0,1000.0,1
40000.0,2,2,2,44,2,2,2,2,2,2,35515.0,36176.0,37490.0,38726.0,39795.0,40230.0,1550.0,2200.0,2170.0,2001.0,1601.0,1602.0,1
150000.0,2,3,1,41,0,0,0,0,0,0,88818.0,90585.0,92485.0,94373.0,96245.0,98263.0,3241.0,3358.0,3427.0,3443.0,3567.0,3585.0,1
20000.0,1,2,2,31,-1,-1,-1,2,-1,-1,390.0,390.0,780.0,390.0,806.0,19103.0,390.0,780.0,0.0,806.0,19103.0,1000.0,1
20000.0,1,1,2,25,1,-2,-2,-2,-2,-2,0.0,0.0,0.0,0.0,0.0,0.0,0.0,0.0,0.0,0.0,0.0,0.0,1
30000.0,2,2,1,27,2,2,2,2,2,2,27896.0,26835.0,28690.0,27633.0,29184.0,28776.0,0.0,2659.0,0.0,2309.0,1087.0,0.0,1
50000.0,1,2,1,49,2,0,0,0,0,0,47585.0,47582.0,21391.0,21867.0,19774.0,20486.0,2500.0,1300.0,2000.0,700.0,1000.0,2600.0,1
80000.0,1,1,2,38,-1,-1,-1,0,-1,-1,780.0,259.0,7544.0,390.0,390.0,332.0,259.0,7544.0,0.0,390.0,332.0,780.0,1
50000.0,1,3,1,44,0,0,0,0,0,0,49996.0,50386.0,24565.0,21098.0,18965.0,18063.0,1596.0,1291.0,695.0,668.0,654.0,637.0,1
160000.0,2,2,2,42,1,2,2,0,0,0,152699.0,152630.0,95758.0,97251.0,98010.0,99669.0,4462.0,0.0,4385.0,3639.0,3762.0,3800.0,1
60000.0,1,1,2,29,1,2,2,0,0,2,43434.0,44522.0,43222.0,43588.0,46564.0,47369.0,2100.0,0.0,1708.0,4000.0,2000.0,1903.0,1
50000.0,1,1,1,49,1,2,0,0,0,0,27231.0,26500.0,27533.0,28569.0,28901.0,31095.0,0.0,1764.0,3400.0,1100.0,2660.0,0.0,1
500000.0,2,1,1,39,-2,-2,-2,-2,-2,-2,3220.0,0.0,15040.0,35498.0,19508.0,21199.0,0.0,15040.0,35498.0,19508.0,21199.0,10894.0,1
30000.0,1,2,2,43,2,2,2,2,2,2,14697.0,17332.0,16770.0,18483.0,17888.0,19097.0,3200.0,0.0,2300.0,0.0,1500.0,0.0,1
50000.0,1,2,2,23,0,0,-2,-2,-1,2,51550.0,0.0,0.0,0.0,15239.0,14853.0,0.0,0.0,0.0,15239.0,0.0,540.0,1
20000.0,2,3,1,23,1,2,2,-2,-2,-2,14428.0,14310.0,0.0,0.0,0.0,0.0,480.0,0.0,0.0,0.0,0.0,0.0,1
80000.0,2,1,2,26,0,0,2,2,2,2,38174.0,40550.0,41577.0,41595.0,43264.0,43402.0,3000.0,2000.0,1000.0,2500.0,1000.0,2000.0,1
150000.0,2,1,1,31,-2,-2,-2,-2,-2,-2,2977.0,1408.0,0.0,0.0,0.0,0.0,1408.0,0.0,0.0,0.0,0.0,4400.0,1
20000.0,1,2,1,46,-1,2,0,0,0,0,7544.0,7277.0,8215.0,9200.0,10280.0,16130.0,0.0,1215.0,1200.0,1280.0,6000.0,0.0,1
330000.0,2,1,1,41,1,-2,-2,-2,-2,-2,0.0,0.0,0.0,0.0,0.0,0.0,0.0,0.0,0.0,0.0,0.0,0.0,1
360000.0,1,1,2,30,-1,-1,-1,-1,-1,-1,312.0,312.0,312.0,312.0,251.0,-61.0,313.0,313.0,313.0,252.0,1.0,95971.0,1
20000.0,2,4,2,22,0,0,0,0,0,0,19568.0,19420.0,15535.0,1434.0,500.0,0.0,4641.0,1019.0,900.0,0.0,1500.0,0.0,1
50000.0,1,3,2,40,0,0,0,0,0,0,43530.0,43344.0,46616.0,48872.0,19981.0,16554.0,2000.0,4000.0,4500.0,2000.0,1000.0,3000.0,1
50000.0,1,1,2,35,0,0,0,0,0,0,48264.0,19142.0,18188.0,18397.0,18161.0,18383.0,1565.0,7240.0,795.0,1000.0,673.0,647.0,1
20000.0,2,1,2,27,-1,-1,-2,-2,-2,-2,4734.0,0.0,0.0,0.0,0.0,0.0,0.0,0.0,0.0,0.0,0.0,3187.0,1
360000.0,2,1,2,33,1,-2,-2,-2,-2,-2,0.0,0.0,0.0,0.0,0.0,0.0,0.0,0.0,0.0,0.0,0.0,0.0,1
20000.0,1,2,1,36,1,2,0,0,0,0,12564.0,12077.0,12779.0,13033.0,13308.0,13985.0,0.0,1212.0,466.0,485.0,900.0,1000.0,1
10000.0,1,2,1,40,3,2,2,3,3,3,1050.0,1050.0,1050.0,1050.0,1050.0,1050.0,0.0,0.0,0.0,0.0,0.0,0.0,1
50000.0,2,2,1,23,0,0,0,0,0,0,37586.0,38866.0,19240.0,20256.0,20918.0,22081.0,2000.0,1322.0,1338.0,1000.0,1500.0,1000.0,1
30000.0,2,2,2,23,3,3,3,3,2,2,29093.0,29532.0,29954.0,29176.0,29958.0,30520.0,1200.0,1200.0,0.0,1400.0,1200.0,0.0,1
60000.0,2,3,1,48,0,0,0,0,0,0,58653.0,59063.0,53377.0,37418.0,37543.0,35447.0,2500.0,2000.0,1900.0,1500.0,1300.0,1300.0,1
240000.0,2,1,1,58,1,-1,-1,-1,-2,-1,0.0,222.0,1900.0,0.0,0.0,5435.0,222.0,1900.0,0.0,0.0,5435.0,7000.0,1
160000.0,1,2,1,52,0,0,0,-2,-2,-2,161747.0,164150.0,0.0,0.0,0.0,0.0,7350.0,0.0,0.0,0.0,0.0,0.0,1
20000.0,1,2,2,40,1,2,2,2,3,2,8545.0,10177.0,10467.0,11987.0,11503.0,11175.0,1923.0,600.0,2000.0,0.0,0.0,1000.0,1
30000.0,2,1,2,23,2,2,2,2,2,2,25487.0,26513.0,27026.0,27871.0,29017.0,28403.0,1738.0,1251.0,1596.0,1742.0,0.0,1374.0,1
100000.0,2,3,1,50,2,2,2,-1,0,0,110537.0,99734.0,99973.0,71008.0,66735.0,68621.0,0.0,3000.0,103000.0,2500.0,3000.0,3000.0,1
370000.0,1,2,2,30,-1,-1,-1,-1,-1,-1,25588.0,1259.0,1259.0,3661.0,4484.0,24233.0,2096.0,1263.0,3665.0,4488.0,24262.0,11175.0,1
160000.0,2,3,2,29,1,-2,-2,-2,-2,-2,0.0,0.0,4150.0,2065.0,0.0,500.0,0.0,4150.0,2065.0,0.0,500.0,0.0,1
100000.0,2,1,1,30,1,-1,-1,-1,-2,-1,0.0,851.0,1585.0,-1.0,-1.0,2994.0,851.0,1589.0,0.0,0.0,2995.0,0.0,1
200000.0,1,2,2,27,0,0,0,0,0,2,233637.0,175918.0,181089.0,183180.0,192223.0,189681.0,7000.0,8100.0,6600.0,12000.0,0.0,6054.0,1
30000.0,1,1,1,57,0,0,2,3,2,0,23978.0,26749.0,28085.0,27344.0,26768.0,27454.0,3478.0,2073.0,0.0,0.0,1129.0,1163.0,1
100000.0,2,2,2,25,2,0,0,0,0,0,70896.0,71678.0,70125.0,69856.0,69718.0,51365.0,3472.0,2092.0,2000.0,2127.0,1960.0,1559.0,1
30000.0,1,2,1,35,0,0,0,2,0,0,8348.0,9678.0,12702.0,12206.0,12701.0,13839.0,1476.0,3500.0,0.0,1000.0,1500.0,0.0,1
50000.0,2,1,2,22,0,0,0,0,0,0,41940.0,41811.0,35920.0,19987.0,18971.0,18654.0,1748.0,1253.0,2504.0,1004.0,1509.0,4495.0,1
200000.0,1,1,2,34,3,2,-1,-1,-1,-2,1571.0,361.0,1716.0,460.0,0.0,0.0,0.0,1716.0,460.0,0.0,0.0,0.0,1
200000.0,2,1,2,29,0,0,-1,0,0,-2,65935.0,25574.0,28727.0,19164.0,0.0,0.0,1011.0,31209.0,383.0,0.0,0.0,0.0,1
10000.0,2,2,2,22,1,-1,-1,-2,-2,-2,0.0,1000.0,0.0,0.0,0.0,0.0,1000.0,0.0,0.0,0.0,0.0,0.0,1
220000.0,2,1,1,44,2,2,0,0,0,2,34510.0,33661.0,34913.0,36334.0,38729.0,39062.0,0.0,2100.0,2000.0,3000.0,1100.0,1700.0,1
150000.0,2,1,2,28,-1,2,-1,2,0,-1,1040.0,148.0,9173.0,296.0,148.0,446.0,0.0,9173.0,0.0,0.0,446.0,0.0,1
20000.0,2,2,2,26,-1,-1,-1,-1,-1,-2,767.0,376.0,987.0,1119.0,-222.0,-222.0,376.0,987.0,1200.0,0.0,0.0,0.0,1
30000.0,1,2,2,25,1,2,-1,0,-1,0,3997.0,2522.0,261.0,1261.0,772.0,390.0,0.0,261.0,1000.0,772.0,8.0,390.0,1
170000.0,2,2,1,46,-1,-1,-1,-2,-1,-1,2741.0,1848.0,0.0,0.0,1542.0,3498.0,1848.0,0.0,0.0,1542.0,3498.0,8095.0,1
20000.0,2,2,1,47,3,2,2,2,2,2,17772.0,18487.0,17892.0,19294.0,19840.0,19376.0,1300.0,0.0,1700.0,1000.0,0.0,850.0,1
130000.0,1,2,2,27,1,2,2,2,2,2,123371.0,125905.0,126524.0,127534.0,130524.0,132416.0,6000.0,4300.0,4400.0,5000.0,4000.0,63.0,1
10000.0,1,2,2,23,0,0,0,0,0,0,9984.0,9974.0,9900.0,9941.0,9250.0,9403.0,1300.0,1300.0,1041.0,1000.0,2000.0,464.0,1
130000.0,1,2,2,41,0,0,0,0,0,0,131762.0,106130.0,66523.0,55678.0,20290.0,14802.0,3466.0,2781.0,1702.0,602.0,492.0,515.0,1
220000.0,2,2,1,36,2,2,2,0,0,0,195725.0,197466.0,189149.0,187531.0,187856.0,186532.0,8200.0,0.0,7000.0,7000.0,7200.0,23700.0,1
20000.0,1,2,1,32,1,2,2,2,2,0,17913.0,17328.0,20353.0,19966.0,19056.0,19445.0,0.0,3309.0,381.0,0.0,389.0,890.0,1
30000.0,2,3,1,35,2,2,2,2,2,2,27160.0,26444.0,28694.0,27936.0,29930.0,29302.0,0.0,3000.0,0.0,2600.0,0.0,1600.0,1
30000.0,1,2,2,36,0,0,0,0,0,0,36124.0,35538.0,34359.0,32450.0,30633.0,30628.0,2500.0,2215.0,1156.0,1200.0,3000.0,3000.0,1
60000.0,2,2,1,42,0,0,0,2,2,2,56166.0,58022.0,61331.0,55566.0,59331.0,60569.0,2760.0,4941.0,0.0,4675.0,2361.0,0.0,1
80000.0,2,2,1,42,0,0,0,-1,-1,0,43045.0,43024.0,9821.0,600.0,53900.0,55000.0,1301.0,5098.0,600.0,53900.0,1100.0,10000.0,1
50000.0,2,3,2,56,1,-2,-2,-2,-1,-1,0.0,0.0,0.0,0.0,562.0,736.0,0.0,0.0,0.0,562.0,736.0,1269.0,1
10000.0,2,2,2,32,0,-1,0,0,0,-2,5250.0,1223.0,2264.0,3230.0,0.0,0.0,1223.0,1066.0,1032.0,0.0,0.0,0.0,1
20000.0,1,1,2,41,-2,-2,0,0,0,0,18803.0,18376.0,19342.0,19081.0,19799.0,18718.0,36147.0,1281.0,658.0,1000.0,1000.0,760.0,1
30000.0,1,2,2,24,1,2,2,2,2,2,21788.0,22832.0,23473.0,22798.0,24420.0,23889.0,1700.0,1300.0,0.0,2000.0,0.0,2001.0,1
360000.0,2,2,2,35,-2,-2,-2,-2,-2,-2,0.0,0.0,0.0,0.0,0.0,0.0,0.0,0.0,0.0,0.0,0.0,0.0,1
50000.0,2,2,2,32,1,2,0,0,0,3,32814.0,32004.0,33017.0,33868.0,38151.0,37253.0,0.0,1550.0,1400.0,5000.0,0.0,0.0,1
100000.0,2,3,2,66,0,0,0,0,0,0,82583.0,83398.0,85103.0,86802.0,88912.0,90400.0,3035.0,3100.0,3100.0,3500.0,3500.0,7100.0,1
200000.0,2,2,1,40,-1,-1,-1,-1,-1,-1,390.0,390.0,390.0,390.0,390.0,390.0,390.0,390.0,390.0,390.0,390.0,390.0,1
130000.0,1,1,2,29,0,0,0,0,0,0,81907.0,83620.0,85327.0,87021.0,88843.0,90618.0,3034.0,3096.0,3112.0,3222.0,3250.0,3357.0,1
500000.0,1,2,2,32,-1,-1,0,0,0,-1,264.0,286.0,550.0,286.0,22.0,14454.0,286.0,528.0,0.0,128.0,15239.0,100000.0,1
20000.0,1,3,1,56,1,2,2,2,2,0,9453.0,10143.0,10730.0,12241.0,11748.0,12456.0,1000.0,900.0,2000.0,0.0,900.0,3200.0,1
50000.0,1,2,2,24,1,-2,-2,-2,-2,-2,0.0,0.0,0.0,0.0,0.0,0.0,0.0,0.0,0.0,0.0,0.0,0.0,1
40000.0,1,2,2,27,0,0,2,0,0,0,26663.0,31589.0,31772.0,32146.0,33128.0,33923.0,5700.0,1000.0,1200.0,1500.0,1500.0,1900.0,1
450000.0,1,1,1,67,-2,-2,-2,-2,-2,-2,0.0,0.0,0.0,0.0,0.0,0.0,0.0,0.0,0.0,0.0,0.0,0.0,1
470000.0,2,2,1,49,0,-1,-1,-1,-1,-1,3388.0,1359.0,7650.0,6682.0,1942.0,0.0,1359.0,7650.0,6682.0,1942.0,0.0,5870.0,1
120000.0,1,1,2,28,0,0,0,0,-1,-1,117303.0,15504.0,15748.0,15480.0,998.0,980.0,1256.0,1500.0,2000.0,998.0,980.0,0.0,1
50000.0,1,3,2,42,-1,-1,2,2,2,-1,550.0,1974.0,1250.0,1400.0,700.0,550.0,1974.0,0.0,700.0,0.0,550.0,1100.0,1
200000.0,1,1,3,47,0,0,0,0,0,0,202967.0,203188.0,198576.0,186981.0,137486.0,140473.0,7208.0,7282.0,5835.0,5000.0,5500.0,4954.0,1
180000.0,2,2,1,33,2,2,2,2,2,2,115166.0,122519.0,123087.0,126564.0,123040.0,129098.0,10800.0,4000.0,7000.0,0.0,8200.0,1500.0,1
110000.0,2,2,1,41,0,0,0,0,-2,-2,108936.0,111169.0,108740.0,0.0,0.0,0.0,3991.0,2375.0,0.0,0.0,0.0,0.0,1
240000.0,2,2,2,44,1,-2,-2,-2,-2,-2,0.0,0.0,0.0,0.0,0.0,0.0,0.0,0.0,0.0,0.0,0.0,0.0,1
140000.0,2,2,2,26,2,2,2,2,2,2,118425.0,120970.0,123141.0,124622.0,125865.0,128479.0,6000.0,5600.0,5000.0,4800.0,4800.0,4700.0,1
50000.0,2,2,2,26,0,0,0,0,0,0,8056.0,5997.0,5602.0,6478.0,5453.0,2261.0,1500.0,1500.0,1011.0,1000.0,1000.0,1000.0,1
360000.0,2,1,2,27,1,-2,-2,-2,-2,-2,0.0,0.0,0.0,0.0,0.0,0.0,0.0,0.0,0.0,0.0,0.0,0.0,1
30000.0,2,2,2,24,2,0,0,0,0,-2,28510.0,28481.0,28045.0,27259.0,0.0,0.0,2000.0,1200.0,0.0,0.0,0.0,0.0,1
20000.0,1,2,2,26,0,0,2,2,0,0,15481.0,18004.0,19121.0,18521.0,18615.0,19015.0,3100.0,1700.0,0.0,700.0,700.0,860.0,1
50000.0,1,2,2,24,1,2,2,0,-1,0,59197.0,55551.0,54083.0,50000.0,10135.0,9952.0,2000.0,0.0,1000.0,10135.0,358.0,403.0,1
90000.0,2,1,2,26,-1,-1,-1,-2,-1,-1,13416.0,5206.0,0.0,0.0,1980.0,170.0,7380.0,0.0,0.0,1980.0,170.0,1397.0,1
500000.0,1,1,3,38,-2,-2,-2,-2,-2,-2,1523.0,0.0,0.0,0.0,0.0,0.0,0.0,0.0,0.0,0.0,0.0,0.0,1
80000.0,2,2,1,46,-1,-1,-1,-1,-1,-1,390.0,390.0,390.0,390.0,390.0,390.0,390.0,390.0,390.0,390.0,390.0,390.0,1
140000.0,2,2,1,49,-1,-1,0,-1,-1,-1,8280.0,3147.0,2421.0,5021.0,2646.0,6117.0,3147.0,2000.0,5021.0,2646.0,5541.0,0.0,1
50000.0,2,2,1,46,-1,-1,-1,-1,-1,-1,569.0,1436.0,3220.0,6592.0,5085.0,1050.0,1440.0,3224.0,6621.0,5396.0,1050.0,0.0,1
90000.0,2,2,2,28,2,0,0,0,2,0,48177.0,49563.0,47750.0,47169.0,46284.0,47519.0,2500.0,2500.0,3700.0,0.0,2200.0,1800.0,1
390000.0,2,1,2,27,2,2,0,0,0,2,393415.0,379486.0,375899.0,374302.0,395430.0,384825.0,0.0,16000.0,15000.0,29000.0,0.0,12000.0,1
50000.0,2,1,2,27,2,0,0,0,2,0,48064.0,47691.0,49140.0,49423.0,48377.0,48158.0,3000.0,2525.0,3900.0,0.0,2000.0,4500.0,1
50000.0,2,3,2,26,2,2,2,2,2,2,33457.0,34504.0,35447.0,36061.0,36571.0,35850.0,1900.0,1800.0,1500.0,1400.0,0.0,3000.0,1
40000.0,2,2,2,23,-1,2,-1,-1,0,0,652.0,326.0,326.0,26370.0,24572.0,24918.0,0.0,326.0,26370.0,886.0,1075.0,830.0,1
100000.0,1,1,2,27,0,0,0,0,-1,-1,5552.0,4784.0,4743.0,2805.0,354.0,443.0,1120.0,1000.0,0.0,354.0,443.0,441.0,1
20000.0,2,2,2,22,0,0,0,0,2,2,12932.0,13940.0,14654.0,16712.0,16149.0,18112.0,1532.0,1246.0,2304.0,0.0,2390.0,634.0,1
50000.0,2,3,2,41,2,2,2,2,2,2,23043.0,24064.0,24981.0,25473.0,25857.0,26298.0,1700.0,1600.0,1200.0,1100.0,1000.0,0.0,1
150000.0,1,1,2,33,1,2,2,2,0,0,88590.0,85800.0,91242.0,88399.0,89629.0,94637.0,0.0,7400.0,0.0,3300.0,7000.0,0.0,1
10000.0,2,3,1,55,2,2,4,4,4,4,420.0,420.0,420.0,420.0,420.0,420.0,0.0,0.0,0.0,0.0,0.0,780.0,1
80000.0,2,2,2,30,1,2,0,0,0,0,6393.0,6148.0,7311.0,7303.0,7456.0,7605.0,0.0,1266.0,258.0,267.0,269.0,278.0,1
80000.0,1,1,2,37,1,-2,-2,-2,-2,-2,0.0,0.0,0.0,0.0,0.0,0.0,0.0,0.0,0.0,0.0,0.0,0.0,1
20000.0,1,2,1,55,0,0,2,0,0,2,10301.0,12871.0,12374.0,13392.0,14938.0,14557.0,2750.0,0.0,1231.0,1777.0,0.0,4859.0,1
130000.0,2,3,1,32,-1,-1,-1,0,0,-1,326.0,326.0,4058.0,5732.0,7406.0,4124.0,326.0,4058.0,2000.0,2000.0,4124.0,326.0,1
20000.0,1,2,2,41,0,0,0,2,2,0,10142.0,10869.0,13940.0,14755.0,14223.0,15337.0,1200.0,3250.0,1340.0,0.0,1500.0,5000.0,1
360000.0,2,1,2,47,2,2,3,2,0,0,291410.0,296936.0,283943.0,266246.0,258197.0,114052.0,22913.0,7000.0,0.0,8500.0,5145.0,106000.0,1
20000.0,1,3,2,32,0,0,2,2,2,0,3677.0,6002.0,5758.0,12619.0,12274.0,15049.0,2400.0,0.0,7000.0,0.0,3000.0,4000.0,1
110000.0,2,2,2,31,0,0,0,0,0,0,98531.0,99593.0,100093.0,90437.0,75701.0,77013.0,3577.0,3680.0,3030.0,2701.0,2674.0,2669.0,1
80000.0,2,3,2,52,0,0,0,0,0,0,73056.0,74736.0,65581.0,63939.0,65278.0,66578.0,2953.0,2333.0,2288.0,2369.0,2385.0,2458.0,1
240000.0,2,1,1,37,2,0,0,0,-2,-2,118402.0,119764.0,72050.0,0.0,0.0,0.0,5598.0,4000.0,0.0,0.0,0.0,0.0,1
60000.0,1,3,1,52,0,0,0,0,0,0,57470.0,58713.0,60251.0,57251.0,27896.0,28499.0,2200.0,2500.0,31000.0,981.0,1035.0,1059.0,1
10000.0,2,2,2,46,0,0,2,2,3,2,2496.0,4245.0,4525.0,5450.0,5073.0,4843.0,1800.0,500.0,1000.0,0.0,0.0,800.0,1
30000.0,2,2,2,22,2,2,2,0,0,0,27201.0,27873.0,25406.0,23339.0,17869.0,15284.0,4000.0,0.0,2000.0,2000.0,1500.0,1000.0,1
50000.0,2,1,2,25,0,0,2,0,0,0,40067.0,43099.0,42133.0,43127.0,44210.0,45844.0,4000.0,0.0,2000.0,1800.0,2500.0,5500.0,1
20000.0,2,3,1,56,1,3,2,2,0,0,9061.0,8769.0,9680.0,9376.0,9720.0,10962.0,0.0,1200.0,0.0,500.0,1400.0,0.0,1
100000.0,2,2,2,26,0,-1,0,0,0,0,1734.0,6645.0,7725.0,11246.0,9755.0,8260.0,6649.0,2704.0,5250.0,4.0,0.0,24.0,1
80000.0,2,2,1,39,1,-1,-1,2,2,2,0.0,174.0,2071.0,2036.0,840.0,1081.0,174.0,2071.0,150.0,0.0,931.0,0.0,1
200000.0,1,2,2,25,0,0,0,0,0,0,107001.0,108619.0,110149.0,110333.0,85201.0,84809.0,5000.0,5000.0,5000.0,3000.0,5000.0,10000.0,1
120000.0,1,2,1,27,2,3,2,0,0,3,110162.0,107008.0,103800.0,106075.0,115747.0,113999.0,0.0,0.0,4000.0,11000.0,0.0,0.0,1
30000.0,2,2,2,25,0,0,0,0,0,0,28709.0,28649.0,29619.0,30224.0,27326.0,30297.0,1462.0,1589.0,1351.0,2500.0,4000.0,1500.0,1
40000.0,1,1,2,24,0,0,0,0,0,0,30096.0,30819.0,13816.0,10291.0,7441.0,7435.0,1300.0,2013.0,319.0,415.0,266.0,277.0,1
200000.0,2,2,1,31,3,2,2,2,2,2,5000.0,5000.0,5000.0,5000.0,5000.0,5000.0,0.0,0.0,0.0,0.0,0.0,0.0,1
210000.0,1,3,1,50,-1,-1,-1,-1,-1,-1,4137.0,390.0,390.0,4962.0,0.0,780.0,390.0,390.0,4962.0,0.0,780.0,6668.0,1
100000.0,2,2,2,24,2,3,2,0,0,0,84098.0,83160.0,81265.0,83012.0,84933.0,94362.0,1000.0,0.0,3100.0,3300.0,11000.0,0.0,1
160000.0,1,1,1,43,-1,-1,-1,0,0,0,162.0,414.0,6437.0,16520.0,14374.0,10969.0,414.0,6437.0,10428.0,463.0,426.0,219.0,1
80000.0,1,1,2,28,0,0,0,0,0,0,49740.0,48501.0,48117.0,48502.0,48610.0,49650.0,2000.0,2000.0,2000.0,1800.0,1800.0,2000.0,1
80000.0,1,3,2,35,2,0,0,0,0,0,88027.0,85314.0,84147.0,59671.0,80941.0,27436.0,3264.0,4092.0,2400.0,43532.0,1511.0,1200.0,1
60000.0,2,2,2,23,2,0,0,0,0,0,58900.0,60020.0,60195.0,60864.0,40512.0,39523.0,2717.0,2929.0,2429.0,1551.0,1567.0,1456.0,1
160000.0,1,1,1,47,1,2,2,2,2,3,58706.0,57384.0,59875.0,61518.0,65152.0,64074.0,0.0,3200.0,3000.0,5000.0,0.0,3000.0,1
60000.0,2,1,2,34,0,0,0,0,0,0,55447.0,48270.0,41087.0,25518.0,26276.0,27012.0,2178.0,1511.0,1200.0,1300.0,1300.0,1252.0,1
300000.0,1,3,1,56,-2,-2,-2,-2,-2,-2,0.0,0.0,0.0,0.0,0.0,0.0,0.0,0.0,0.0,0.0,0.0,0.0,1
150000.0,2,2,2,36,1,2,0,0,2,0,93658.0,84029.0,77836.0,75277.0,66249.0,60021.0,0.0,3000.0,6000.0,0.0,2066.0,1837.0,1
30000.0,2,3,1,53,2,2,2,2,2,2,17585.0,18598.0,19379.0,19762.0,20141.0,19680.0,1600.0,1379.0,1000.0,1000.0,0.0,1700.0,1
110000.0,1,1,2,32,0,0,0,2,2,2,112380.0,113369.0,113214.0,108350.0,109072.0,106848.0,6200.0,9900.0,0.0,8007.0,0.0,5000.0,1
30000.0,2,2,2,22,2,2,0,0,0,2,31331.0,24544.0,28267.0,30470.0,29284.0,25762.0,0.0,5600.0,3005.0,1200.0,0.0,5000.0,1
90000.0,2,2,2,39,0,0,0,0,0,0,45709.0,45045.0,42151.0,37842.0,30849.0,28061.0,2000.0,2000.0,1200.0,1018.0,1200.0,710.0,1
10000.0,1,3,2,42,1,2,2,2,0,0,8090.0,6339.0,8623.0,5885.0,4417.0,5190.0,0.0,2586.0,0.0,1000.0,1000.0,345.0,1
30000.0,1,2,2,24,0,0,0,2,0,0,14597.0,15614.0,18246.0,17660.0,17768.0,18151.0,1568.0,3200.0,0.0,700.0,670.0,1500.0,1
50000.0,2,3,1,48,0,0,0,0,0,-2,73302.0,65931.0,58773.0,58918.0,0.0,0.0,2500.0,2428.0,1423.0,0.0,0.0,0.0,1
50000.0,2,3,2,49,0,0,2,0,0,0,46468.0,50669.0,48701.0,49066.0,30177.0,29274.0,5000.0,0.0,2500.0,1151.0,1156.0,1052.0,1
130000.0,1,2,2,26,2,2,2,0,0,0,137204.0,139189.0,133521.0,133182.0,103161.0,103031.0,7000.0,0.0,5133.0,5000.0,5000.0,5000.0,1
300000.0,2,1,2,40,-1,3,2,2,2,2,5130.0,4903.0,4679.0,6596.0,6344.0,9067.0,0.0,0.0,2000.0,0.0,3000.0,0.0,1
10000.0,1,2,1,30,3,2,2,3,3,3,1050.0,1050.0,1050.0,1050.0,1050.0,1050.0,0.0,0.0,0.0,0.0,0.0,0.0,1
60000.0,2,2,2,29,2,0,0,0,0,0,58501.0,54932.0,85672.0,41483.0,19394.0,18893.0,2000.0,1900.0,1572.0,1000.0,700.0,668.0,1
80000.0,2,2,2,24,2,0,0,0,0,0,45647.0,45248.0,33696.0,40092.0,40946.0,41588.0,2039.0,2000.0,7000.0,1482.0,2501.0,3082.0,1
30000.0,2,2,2,23,1,2,2,2,2,2,28850.0,28102.0,30324.0,27446.0,29329.0,29720.0,0.0,2700.0,0.0,2300.0,1000.0,0.0,1
80000.0,2,2,1,41,-1,-1,-1,-1,-2,-1,390.0,390.0,390.0,-390.0,0.0,1560.0,390.0,780.0,0.0,390.0,1780.0,0.0,1
150000.0,2,3,1,24,-2,-2,-2,-2,-2,-2,6479.0,1670.0,4330.0,8036.0,1505.0,974.0,1670.0,4330.0,8040.0,1505.0,974.0,0.0,1
360000.0,1,2,1,43,1,-2,-2,-2,-2,-2,0.0,0.0,0.0,0.0,0.0,0.0,0.0,0.0,0.0,0.0,0.0,0.0,1
20000.0,1,2,2,25,-1,3,2,2,-2,-2,11657.0,11045.0,2160.0,0.0,0.0,0.0,0.0,21.0,10800.0,0.0,0.0,0.0,1
40000.0,2,3,1,23,2,3,2,2,2,0,8244.0,7966.0,9331.0,9729.0,9424.0,9621.0,0.0,1642.0,700.0,0.0,349.0,872.0,1
410000.0,1,1,2,31,-1,-1,-1,0,0,-1,4182.0,0.0,4120.0,4120.0,0.0,3086.0,0.0,4120.0,0.0,0.0,3086.0,4320.0,1
280000.0,2,1,2,29,-2,-2,-2,-2,-2,-2,0.0,0.0,0.0,0.0,0.0,0.0,0.0,0.0,0.0,0.0,0.0,0.0,1
500000.0,1,1,2,49,-2,-2,-2,-2,-2,-2,478030.0,419644.0,309019.0,292878.0,152025.0,110034.0,205.0,10500.0,9692.0,4823.0,3986.0,1188.0,1
80000.0,2,2,2,25,2,0,0,2,0,0,17330.0,19258.0,23416.0,22768.0,23243.0,23718.0,3000.0,4790.0,0.0,816.0,833.0,2000.0,1
130000.0,1,1,1,42,-1,2,-1,-1,0,0,390.0,390.0,955.0,1170.0,1170.0,780.0,0.0,955.0,1170.0,0.0,0.0,0.0,1
80000.0,2,2,1,26,0,0,0,0,0,-2,33319.0,32066.0,31875.0,18686.0,0.0,0.0,1700.0,1720.0,1002.0,0.0,0.0,0.0,1
50000.0,2,3,1,47,1,3,2,2,2,5,28164.0,27432.0,28668.0,29191.0,35551.0,34420.0,0.0,2000.0,1300.0,7000.0,0.0,0.0,1
150000.0,1,3,2,42,-2,-2,-2,-2,-2,-2,0.0,0.0,0.0,0.0,0.0,0.0,0.0,0.0,0.0,0.0,0.0,0.0,1
50000.0,2,2,2,27,2,2,2,2,0,0,19410.0,22085.0,23435.0,22765.0,22990.0,23369.0,3000.0,2000.0,0.0,900.0,900.0,1006.0,1
100000.0,2,1,1,39,2,2,2,2,2,2,97284.0,99542.0,99898.0,99786.0,97670.0,100959.0,4700.0,2950.0,3100.0,5.0,6170.0,7.0,1
180000.0,2,1,2,31,1,-2,-2,-2,-2,-2,0.0,0.0,0.0,0.0,0.0,0.0,0.0,0.0,0.0,0.0,0.0,0.0,1
30000.0,2,2,2,25,2,2,2,2,2,2,24022.0,25038.0,25429.0,25714.0,26353.0,26868.0,1700.0,1100.0,1000.0,1200.0,1100.0,1200.0,1
60000.0,2,3,1,44,2,0,0,0,0,0,32202.0,29503.0,29538.0,29971.0,29798.0,28679.0,1802.0,1737.0,1170.0,1189.0,1230.0,1100.0,1
240000.0,2,2,1,27,0,0,0,0,0,0,133348.0,136296.0,139430.0,142608.0,145437.0,148492.0,5160.0,5328.0,5500.0,5199.0,5392.0,5417.0,1
270000.0,2,1,2,32,2,2,2,0,0,0,9220.0,14050.0,13539.0,15005.0,16438.0,17021.0,5000.0,0.0,2000.0,2000.0,1000.0,1000.0,1
50000.0,1,2,1,36,3,2,2,7,7,7,2400.0,2400.0,2400.0,2400.0,2400.0,2400.0,0.0,0.0,0.0,0.0,0.0,0.0,1
60000.0,2,2,2,23,0,0,0,0,0,0,60380.0,55367.0,111334.0,19358.0,19760.0,20223.0,2296.0,2510.0,838.0,862.0,1015.0,400.0,1
110000.0,2,2,2,23,0,0,0,0,-1,0,1877.0,2507.0,1320.0,1270.0,63697.0,51866.0,1000.0,1000.0,100.0,63697.0,2427.0,2050.0,1
30000.0,1,2,2,25,2,2,7,7,7,6,2400.0,2400.0,2400.0,2400.0,2400.0,1800.0,0.0,0.0,0.0,0.0,0.0,0.0,1
220000.0,2,2,2,38,-1,-1,-1,-1,-1,-1,22145.0,5529.0,4688.0,1621.0,8522.0,4149.0,5575.0,4716.0,1632.0,8559.0,4164.0,10626.0,1
210000.0,1,1,2,31,-1,-1,-1,-1,-1,-1,326.0,326.0,326.0,326.0,326.0,326.0,326.0,326.0,326.0,326.0,326.0,133.0,1
290000.0,2,1,3,29,0,0,0,0,0,0,221626.0,190440.0,118163.0,110728.0,106426.0,15300.0,6530.0,4200.0,4938.0,10000.0,2420.0,221000.0,1
60000.0,2,2,1,32,2,2,2,2,2,2,20524.0,21584.0,22437.0,22771.0,23099.0,23583.0,1700.0,1500.0,1000.0,1000.0,1000.0,0.0,1
260000.0,1,1,2,29,-1,-1,-1,-1,-1,-1,396.0,792.0,4970.0,4012.0,3651.0,5600.0,792.0,4970.0,4012.0,3651.0,5600.0,396.0,1
110000.0,2,1,2,24,1,2,0,0,0,0,115527.0,109871.0,110565.0,216850.0,110952.0,109169.0,0.0,4000.0,7000.0,7766.0,3982.0,5000.0,1
20000.0,1,2,1,46,3,2,2,2,0,0,7283.0,7021.0,11208.0,8818.0,6704.0,7364.0,0.0,4500.0,0.0,1000.0,2000.0,3000.0,1
20000.0,1,2,1,46,0,0,0,0,0,0,17483.0,18552.0,19442.0,14678.0,16791.0,10361.0,1363.0,1256.0,1178.0,311.0,2264.0,0.0,1
130000.0,1,1,1,70,1,-2,-2,-2,-2,-2,0.0,0.0,0.0,0.0,0.0,0.0,0.0,0.0,0.0,0.0,0.0,0.0,1
10000.0,2,2,2,23,1,2,3,3,2,0,5699.0,7434.0,8164.0,7889.0,7614.0,7990.0,2000.0,1000.0,0.0,0.0,500.0,900.0,1
120000.0,2,1,2,34,0,0,0,2,2,2,105356.0,107588.0,115372.0,112027.0,119702.0,121650.0,3931.0,9600.0,0.0,9500.0,4100.0,0.0,1
30000.0,1,2,2,25,2,2,4,3,2,2,18941.0,24602.0,23921.0,23259.0,22369.0,23408.0,6000.0,0.0,0.0,0.0,1800.0,0.0,1
70000.0,1,3,1,33,0,0,0,0,0,0,70011.0,67411.0,65867.0,55969.0,41298.0,0.0,15000.0,3068.0,2410.0,0.0,0.0,0.0,1
50000.0,2,2,1,40,1,3,2,0,0,0,36291.0,35385.0,31558.0,31664.0,15700.0,0.0,0.0,0.0,1000.0,314.0,0.0,0.0,1
80000.0,2,2,1,37,2,2,2,0,0,0,80508.0,81731.0,78772.0,76818.0,70319.0,-1560.0,3100.0,0.0,2000.0,3000.0,0.0,75003.0,1
20000.0,2,1,2,22,-1,-1,-1,-1,0,-1,7702.0,274.0,1395.0,10555.0,9500.0,9588.0,274.0,1395.0,10555.0,0.0,9588.0,491.0,1
60000.0,2,1,2,24,0,-1,0,0,-1,-1,47386.0,4807.0,3434.0,2386.0,2837.0,3358.0,4807.0,1048.0,1000.0,2837.0,3358.0,5093.0,1
20000.0,2,2,1,38,-2,-2,-2,-2,-2,-2,0.0,0.0,0.0,0.0,0.0,0.0,0.0,0.0,0.0,0.0,0.0,0.0,1
710000.0,2,2,1,40,-2,-2,-2,-1,2,0,5200.0,0.0,0.0,1004.0,854.0,8626.0,0.0,0.0,1004.0,0.0,8000.0,5000.0,1
30000.0,2,2,2,26,2,2,2,0,0,2,23064.0,25479.0,24705.0,25202.0,26608.0,25926.0,3100.0,0.0,791.0,1699.0,0.0,1000.0,1
30000.0,2,3,1,62,0,0,0,0,0,0,18563.0,19647.0,20725.0,21774.0,22114.0,22607.0,1700.0,1700.0,1700.0,1000.0,1000.0,2000.0,1
60000.0,2,1,2,23,1,2,2,2,2,2,29332.0,28577.0,30805.0,31601.0,32349.0,32965.0,0.0,2709.0,1600.0,1400.0,1300.0,1200.0,1
20000.0,2,2,1,22,0,0,0,-1,-1,0,19667.0,19974.0,5491.0,831.0,20088.0,19733.0,1500.0,1000.0,831.0,20500.0,1000.0,1100.0,1
140000.0,2,2,1,35,-1,-1,-1,-1,-1,-1,4694.0,4340.0,4332.0,4058.0,2929.0,4345.0,4340.0,4332.0,4172.0,5544.0,4345.0,2178.0,1
60000.0,2,2,2,25,0,0,0,0,0,0,75932.0,60693.0,50324.0,58688.0,30099.0,16810.0,3121.0,3000.0,12000.0,30000.0,12000.0,28618.0,1
140000.0,2,2,2,26,0,0,2,0,0,-1,28282.0,148806.0,139462.0,125046.0,46364.0,83460.0,125000.0,6.0,4578.0,1427.0,87179.0,26291.0,1
200000.0,1,1,1,27,2,2,2,2,0,0,177998.0,174350.0,158632.0,154522.0,135375.0,142526.0,14600.0,7000.0,0.0,6000.0,11500.0,24.0,1
50000.0,1,3,1,30,2,2,2,0,0,0,15397.0,17699.0,17127.0,18076.0,17061.0,17419.0,2882.0,0.0,1259.0,591.0,613.0,608.0,1
50000.0,2,3,3,43,1,2,2,0,0,0,17962.0,18766.0,18177.0,19147.0,17827.0,18389.0,1400.0,0.0,1289.0,800.0,1000.0,1000.0,1
360000.0,1,3,1,41,-1,-1,-1,-1,-1,-1,498.0,498.0,498.0,498.0,498.0,498.0,498.0,498.0,498.0,498.0,498.0,498.0,1
110000.0,2,2,1,26,2,2,2,2,2,2,85814.0,91999.0,91803.0,94376.0,96409.0,98072.0,8500.0,2200.0,5000.0,3700.0,3400.0,4000.0,1
80000.0,2,3,2,40,3,2,2,2,2,2,38503.0,40118.0,41199.0,42264.0,43083.0,43471.0,2500.0,2000.0,2000.0,1600.0,1200.0,2000.0,1
350000.0,2,1,1,32,-1,-1,-2,-2,-2,-2,30625.0,60003.0,7147.0,9950.0,22117.0,4874.0,60396.0,7147.0,9950.0,22117.0,4874.0,0.0,1
240000.0,1,1,1,55,1,4,3,2,2,2,99259.0,96819.0,94429.0,95475.0,96603.0,98699.0,0.0,0.0,3500.0,3600.0,3800.0,3700.0,1
20000.0,1,3,2,23,1,2,0,0,0,3,14034.0,13524.0,14983.0,16197.0,18932.0,18271.0,0.0,2000.0,1780.0,3000.0,0.0,0.0,1
10000.0,2,2,1,37,3,2,0,0,2,0,7621.0,7368.0,8226.0,9834.0,9549.0,9774.0,0.0,1122.0,1730.0,0.0,508.0,425.0,1
160000.0,2,1,2,30,-2,-2,-2,-2,-1,-1,2000.0,1000.0,1000.0,1000.0,12234.0,11960.0,1000.0,1000.0,1000.0,12234.0,1200.0,65157.0,1
10000.0,1,2,2,24,1,2,2,0,0,3,5570.0,7327.0,7065.0,8058.0,9433.0,9008.0,2000.0,0.0,1125.0,1500.0,0.0,0.0,1
30000.0,2,3,2,38,2,0,0,2,0,0,24524.0,25546.0,28820.0,28538.0,28208.0,29326.0,1426.0,3700.0,718.0,1500.0,1500.0,3000.0,1
60000.0,1,1,1,42,2,0,0,0,0,2,39986.0,41036.0,42449.0,43243.0,48537.0,47606.0,2000.0,2100.0,1800.0,6000.0,0.0,2000.0,1
230000.0,2,2,2,28,2,0,0,2,2,2,183197.0,185399.0,198941.0,201358.0,204067.0,200720.0,6724.0,18150.0,7200.0,7500.0,0.0,15079.0,1
130000.0,2,3,1,42,-1,-1,-1,0,0,-2,2551.0,0.0,59892.0,60000.0,0.0,0.0,0.0,59892.0,1200.0,0.0,0.0,0.0,1
110000.0,2,3,1,46,0,0,2,2,0,0,94025.0,101460.0,102724.0,100188.0,102110.0,107014.0,8942.0,3800.0,0.0,3685.0,6580.0,4703.0,1
70000.0,2,2,1,28,0,0,0,0,0,0,45738.0,36105.0,27484.0,28526.0,30053.0,30379.0,4016.0,2000.0,2000.0,2000.0,2000.0,2000.0,1
90000.0,2,1,2,27,0,0,0,0,0,0,14421.0,18846.0,22509.0,24129.0,24815.0,27725.0,5000.0,4000.0,2000.0,1075.0,3500.0,3000.0,1
200000.0,2,2,1,46,-1,2,2,-1,-1,2,2893.0,2881.0,1436.0,1261.0,2849.0,1438.0,1436.0,0.0,1261.0,2849.0,0.0,1261.0,1
100000.0,1,2,1,24,1,2,2,2,2,2,13233.0,13427.0,13609.0,14683.0,15001.0,15306.0,700.0,700.0,1300.0,700.0,700.0,0.0,1
50000.0,2,2,1,25,-1,0,0,0,0,0,42726.0,43072.0,34984.0,30090.0,23820.0,18012.0,3941.0,1432.0,1000.0,2000.0,2036.0,404.0,1
180000.0,2,2,1,32,1,-2,-2,-2,-2,-2,0.0,0.0,0.0,0.0,0.0,0.0,0.0,0.0,0.0,0.0,0.0,800.0,1
70000.0,1,2,2,26,0,0,0,-1,0,0,67864.0,68284.0,67375.0,71270.0,71157.0,71008.0,3517.0,3700.0,71270.0,3000.0,3000.0,3000.0,1
90000.0,2,2,2,31,0,0,0,0,2,2,22259.0,23418.0,24443.0,26695.0,25967.0,26946.0,1838.0,1408.0,2660.0,0.0,1400.0,2000.0,1
40000.0,2,2,2,37,1,2,2,2,2,2,7613.0,7343.0,15184.0,14643.0,18385.0,17950.0,0.0,8000.0,0.0,4000.0,0.0,6000.0,1
340000.0,2,3,2,44,0,0,0,0,0,0,142836.0,145125.0,146682.0,150407.0,147868.0,149349.0,7000.0,5500.0,6027.0,5328.0,5390.0,6047.0,1
20000.0,2,3,1,52,0,0,0,2,0,0,10248.0,11271.0,13513.0,12999.0,14456.0,16313.0,1501.0,2743.0,0.0,1686.0,2089.0,0.0,1
10000.0,1,3,1,54,4,3,2,2,2,2,7936.0,7662.0,8386.0,9069.0,9966.0,8410.0,0.0,1000.0,1000.0,1000.0,0.0,2000.0,1
90000.0,2,2,1,35,2,0,0,0,0,2,63426.0,57922.0,55010.0,52540.0,56236.0,40922.0,2700.0,2500.0,1900.0,4600.0,0.0,1600.0,1
100000.0,1,1,1,42,-1,2,-1,-1,-1,-1,2206.0,1016.0,452.0,1016.0,1096.0,2202.0,0.0,452.0,1580.0,1096.0,2122.0,0.0,1
320000.0,1,2,1,35,0,0,0,0,0,0,274599.0,280021.0,286011.0,292636.0,298492.0,200098.0,11500.0,12000.0,12873.0,13020.0,8800.0,5650.0,1
210000.0,2,1,1,37,2,2,2,2,2,2,76089.0,77985.0,79104.0,80399.0,81462.0,83366.0,3700.0,3000.0,3200.0,2500.0,3400.0,4300.0,1
360000.0,2,2,1,33,-2,-2,-2,-2,-2,-2,0.0,0.0,3240.0,1943.0,0.0,0.0,0.0,3240.0,1943.0,0.0,0.0,0.0,1
180000.0,2,2,1,29,2,2,2,2,2,2,113331.0,113436.0,109439.0,111108.0,108476.0,104655.0,5500.0,1308.0,7623.0,3900.0,11.0,7700.0,1
140000.0,2,2,2,24,0,0,0,0,0,0,135432.0,136312.0,131559.0,111859.0,98815.0,97443.0,6500.0,4733.0,4015.0,4000.0,4000.0,3800.0,1
160000.0,1,2,2,45,0,0,0,0,0,0,131895.0,132154.0,129237.0,90981.0,92580.0,77184.0,5336.0,4900.0,2807.0,2898.0,2713.0,2885.0,1
50000.0,2,1,2,23,2,0,0,0,0,0,49316.0,49061.0,47209.0,47471.0,21571.0,19005.0,4044.0,2138.0,1400.0,431.0,380.0,772.0,1
180000.0,2,1,1,30,-1,-1,-2,-2,-2,-2,2743.0,0.0,0.0,0.0,0.0,0.0,0.0,0.0,0.0,0.0,0.0,0.0,1
350000.0,2,1,1,33,0,-1,-1,-1,-1,-1,82964.0,68532.0,17926.0,17966.0,30741.0,31088.0,68940.0,18018.0,18058.0,30897.0,31244.0,88461.0,1
20000.0,1,1,2,24,0,0,0,0,0,0,13359.0,14438.0,15461.0,16200.0,16936.0,17273.0,1300.0,1270.0,1000.0,1000.0,619.0,800.0,1
170000.0,1,1,1,40,-1,-1,-1,-1,-1,0,2000.0,2210.0,3000.0,2000.0,5000.0,3000.0,2210.0,3000.0,2000.0,5000.0,0.0,4000.0,1
110000.0,2,2,2,25,2,0,0,0,0,0,109924.0,111805.0,108207.0,75808.0,78490.0,81238.0,6000.0,4380.0,3000.0,5000.0,10000.0,3000.0,1
30000.0,1,1,2,33,2,2,2,2,2,2,27274.0,25744.0,27504.0,26987.0,26927.0,25553.0,0.0,3000.0,1000.0,1300.0,0.0,1000.0,1
150000.0,2,2,2,28,0,0,0,0,0,0,85118.0,88844.0,92345.0,82866.0,76412.0,80259.0,5000.0,5000.0,5000.0,5000.0,5000.0,5000.0,1
500000.0,2,2,1,64,1,-1,-1,-1,-1,-1,493.0,1086.0,731.0,561.0,618.0,991.0,1086.0,731.0,561.0,618.0,991.0,933.0,1
30000.0,1,3,1,53,1,2,2,2,2,2,18361.0,20250.0,19637.0,21705.0,21059.0,23716.0,2500.0,0.0,2403.0,0.0,3000.0,0.0,1
200000.0,2,3,1,32,0,0,0,0,0,0,132436.0,133530.0,137837.0,140609.0,141896.0,151082.0,4780.0,6459.0,6550.0,5106.0,11500.0,0.0,1
100000.0,2,1,1,32,-1,-1,-1,-1,-1,0,380.0,380.0,380.0,380.0,425.0,1045.0,380.0,380.0,380.0,425.0,1000.0,0.0,1
20000.0,2,2,3,44,2,2,7,7,7,6,2400.0,2400.0,2400.0,2400.0,2400.0,1800.0,0.0,0.0,0.0,0.0,0.0,0.0,1
360000.0,2,3,2,38,-1,-1,-1,-1,0,0,6904.0,-507.0,751.0,15369.0,7845.0,6786.0,0.0,1502.0,15369.0,200.0,0.0,0.0,1
20000.0,1,2,2,36,1,4,3,3,2,3,15557.0,15015.0,16079.0,15528.0,16477.0,15930.0,0.0,1600.0,0.0,1500.0,0.0,0.0,1
20000.0,1,2,1,64,-1,-1,-1,-1,-1,-1,528.0,0.0,264.0,264.0,255.0,678.0,0.0,264.0,264.0,255.0,687.0,0.0,1
60000.0,2,2,2,25,0,-1,0,0,0,-1,3075.0,59808.0,58058.0,59679.0,5575.0,1733.0,61058.0,2186.0,5667.0,1200.0,2000.0,0.0,1
50000.0,2,3,1,42,1,3,4,3,2,0,44498.0,46740.0,45718.0,44696.0,43848.0,44718.0,3240.0,0.0,0.0,0.0,1600.0,1845.0,1
60000.0,2,2,2,25,2,2,4,4,3,2,600.0,600.0,600.0,600.0,300.0,150.0,0.0,0.0,0.0,0.0,0.0,586.0,1
30000.0,2,3,1,59,1,2,2,2,2,0,28084.0,29299.0,28741.0,30467.0,29858.0,28898.0,1950.0,200.0,2492.0,0.0,580.0,0.0,1
100000.0,1,1,1,38,0,0,0,0,0,-2,46717.0,48435.0,49854.0,51400.0,0.0,0.0,2500.0,2500.0,3000.0,0.0,0.0,0.0,1
300000.0,2,2,2,28,0,0,2,2,2,2,275855.0,286812.0,280337.0,318248.0,316147.0,303666.0,15000.0,7000.0,50000.0,12000.0,0.0,13000.0,1
360000.0,2,1,2,29,-1,-1,-2,-2,-2,-1,2868.0,0.0,0.0,0.0,0.0,629.0,0.0,0.0,0.0,0.0,629.0,2475.0,1
80000.0,2,1,2,25,3,2,2,2,2,2,45031.0,47087.0,48833.0,47750.0,50950.0,51984.0,3100.0,2800.0,0.0,4000.0,2000.0,2000.0,1
20000.0,1,3,2,22,0,0,0,-2,-2,-2,19624.0,16972.0,0.0,0.0,0.0,0.0,1000.0,0.0,0.0,0.0,0.0,0.0,1
230000.0,2,2,1,28,0,0,0,-2,-1,-1,26361.0,18826.0,1100.0,2100.0,767.0,6173.0,1710.0,1100.0,1000.0,767.0,6173.0,1000.0,1
30000.0,1,3,2,28,2,2,2,2,2,3,300.0,300.0,300.0,300.0,1300.0,1150.0,0.0,0.0,0.0,1000.0,150.0,0.0,1
30000.0,2,2,2,28,3,2,2,5,5,4,1200.0,1200.0,1200.0,1200.0,1200.0,600.0,0.0,0.0,0.0,0.0,0.0,0.0,1
20000.0,2,2,2,24,2,2,2,2,-1,-1,6270.0,8284.0,8000.0,0.0,186.0,3314.0,2284.0,0.0,0.0,186.0,3314.0,3515.0,1
20000.0,2,3,1,56,1,2,0,0,2,2,11276.0,10803.0,11528.0,13524.0,13508.0,13149.0,0.0,1204.0,2200.0,500.0,0.0,700.0,1
400000.0,1,2,1,40,7,6,5,4,3,2,405366.0,397754.0,389903.0,384981.0,381863.0,359314.0,0.0,0.0,0.0,106.0,2281.0,42617.0,1
20000.0,2,2,1,46,3,3,2,0,0,0,10145.0,9836.0,10525.0,18930.0,19320.0,19861.0,0.0,1000.0,9000.0,1000.0,1000.0,400.0,1
160000.0,2,3,1,38,2,2,2,2,0,0,113336.0,116136.0,118474.0,115127.0,111864.0,102418.0,6000.0,5500.0,0.0,3700.0,3200.0,3400.0,1
20000.0,2,2,2,24,2,0,0,0,0,3,2968.0,3980.0,5075.0,5979.0,6796.0,6463.0,1223.0,1318.0,1183.0,1000.0,0.0,0.0,1
50000.0,2,3,2,26,0,0,0,-2,-2,-1,6450.0,10744.0,0.0,0.0,0.0,239.0,4500.0,0.0,0.0,0.0,239.0,3363.0,1
130000.0,2,1,2,28,0,0,0,0,0,0,31283.0,32045.0,28974.0,23386.0,23958.0,24740.0,1900.0,1500.0,1000.0,1100.0,1337.0,1500.0,1
360000.0,2,2,1,46,1,-2,-2,-2,-2,-2,0.0,0.0,0.0,0.0,0.0,0.0,0.0,0.0,0.0,0.0,0.0,0.0,1
20000.0,1,1,2,35,-1,2,2,-1,0,0,17007.0,16200.0,0.0,8303.0,8519.0,9371.0,0.0,0.0,8303.0,500.0,1000.0,460.0,1
60000.0,1,1,2,27,0,0,0,0,0,2,21387.0,22416.0,23444.0,26038.0,28607.0,27997.0,1378.0,1406.0,3000.0,3000.0,0.0,923.0,1
30000.0,2,2,1,32,1,-2,-2,-2,-2,-2,0.0,0.0,0.0,0.0,0.0,0.0,0.0,0.0,0.0,0.0,0.0,0.0,1
50000.0,1,2,2,36,2,2,2,2,2,2,32899.0,34076.0,34522.0,33668.0,35323.0,36588.0,2000.0,1300.0,0.0,2200.0,2000.0,1500.0,1
180000.0,2,2,1,31,-2,-2,-2,-2,-2,-2,384.0,0.0,0.0,0.0,503.0,2156.0,0.0,0.0,0.0,503.0,2343.0,1988.0,1
90000.0,2,2,1,27,3,2,2,2,0,0,81701.0,85753.0,87510.0,85188.0,87112.0,169533.0,6000.0,4000.0,0.0,4200.0,3285.0,7787.0,1
80000.0,1,3,2,30,0,0,0,0,0,0,78010.0,5976.0,5812.0,4788.0,3758.0,3812.0,1106.0,1060.0,154.0,147.0,127.0,52.0,1
70000.0,2,1,2,32,2,0,0,0,0,0,34640.0,35757.0,37175.0,38254.0,39017.0,39834.0,2000.0,2000.0,1700.0,1400.0,1446.0,1500.0,1
20000.0,2,2,1,54,1,2,0,0,0,0,14930.0,14404.0,15558.0,16166.0,8824.0,0.0,11.0,1392.0,1000.0,176.0,0.0,0.0,1
50000.0,2,3,1,25,2,0,0,0,0,-1,49805.0,50654.0,41776.0,17083.0,9412.0,1038.0,2025.0,2062.0,2016.0,1022.0,1388.0,19000.0,1
50000.0,2,1,1,40,-1,2,-1,-1,2,2,465.0,465.0,760.0,1360.0,518.0,3518.0,0.0,760.0,600.0,0.0,3000.0,0.0,1
280000.0,2,1,2,37,-1,2,-1,-1,-1,-1,2560.0,2343.0,4689.0,2289.0,1700.0,803.0,0.0,4689.0,2300.0,1725.0,803.0,129.0,1
50000.0,2,2,1,31,0,0,2,0,0,2,44970.0,48101.0,46993.0,47940.0,50903.0,49794.0,3855.0,0.0,1694.0,3713.0,2000.0,1900.0,1
70000.0,1,2,3,47,0,0,0,2,0,0,27847.0,29073.0,34578.0,33723.0,35156.0,37370.0,2000.0,6000.0,0.0,2000.0,2784.0,0.0,1
80000.0,1,2,2,25,0,0,0,-1,0,0,8852.0,1946.0,1473.0,48029.0,47525.0,47181.0,1000.0,1000.0,48029.0,2000.0,2000.0,2000.0,1
100000.0,1,2,2,29,1,3,3,2,2,2,99679.0,101249.0,98768.0,96287.0,102069.0,81931.0,4000.0,0.0,0.0,7629.0,0.0,18895.0,1
80000.0,2,2,1,35,2,2,2,0,0,2,22001.0,23339.0,22677.0,23692.0,25406.0,26050.0,2000.0,0.0,1395.0,2109.0,1196.0,0.0,1
80000.0,1,1,2,29,1,2,2,-2,-2,-2,49373.0,49812.0,0.0,0.0,0.0,0.0,1980.0,19800.0,0.0,0.0,0.0,0.0,1
90000.0,2,3,2,26,0,-1,0,0,0,-1,3268.0,6745.0,3402.0,8652.0,5381.0,7190.0,6745.0,1131.0,5381.0,4.0,7190.0,0.0,1
150000.0,2,2,1,25,0,0,0,0,0,0,147476.0,140352.0,110722.0,98874.0,65258.0,58027.0,6640.0,4100.0,4000.0,2675.0,2500.0,1500.0,1
100000.0,2,3,1,50,0,0,0,0,0,2,36925.0,38324.0,39680.0,41687.0,43607.0,43739.0,2000.0,2000.0,2680.0,2600.0,1000.0,5261.0,1
100000.0,2,1,2,30,0,0,0,0,2,0,28383.0,32903.0,42283.0,51539.0,50583.0,52588.0,5000.0,10000.0,10000.0,0.0,2846.0,1936.0,1
80000.0,2,2,2,24,2,2,3,2,3,2,75444.0,80025.0,78129.0,82581.0,81053.0,79133.0,6400.0,0.0,6300.0,0.0,0.0,5000.0,1
200000.0,2,3,1,43,1,2,0,0,0,0,119432.0,116014.0,119576.0,123551.0,129486.0,133262.0,0.0,5000.0,5000.0,7000.0,5000.0,5000.0,1
110000.0,2,2,2,42,2,2,2,2,2,0,39635.0,40580.0,41631.0,42352.0,41373.0,42156.0,1900.0,2000.0,1700.0,0.0,1600.0,1600.0,1
280000.0,1,1,2,36,-1,-1,-1,2,-1,-1,10831.0,4211.0,3057.0,1333.0,302.0,5419.0,4216.0,4585.0,0.0,302.0,5419.0,1005.0,1
110000.0,2,3,2,43,2,2,0,0,0,0,114614.0,111306.0,112173.0,93675.0,59095.0,60336.0,0.0,5000.0,3000.0,2100.0,2500.0,2100.0,1
20000.0,2,2,1,22,2,2,2,2,2,2,20439.0,20564.0,20479.0,19415.0,20540.0,20903.0,1602.0,900.0,0.0,1800.0,850.0,0.0,1
80000.0,1,1,2,38,1,2,2,2,2,2,67046.0,68439.0,69258.0,70526.0,71774.0,70503.0,3100.0,2500.0,3000.0,3000.0,0.0,2800.0,1
20000.0,1,3,1,47,0,0,2,2,2,2,7384.0,9356.0,9400.0,10085.0,9785.0,10481.0,2108.0,352.0,837.0,0.0,855.0,0.0,1
60000.0,1,2,1,37,0,0,0,0,0,0,54770.0,58257.0,59675.0,60646.0,60071.0,60066.0,5000.0,3000.0,2500.0,2500.0,3000.0,2500.0,1
40000.0,1,2,1,44,2,2,2,2,2,2,24262.0,26640.0,25927.0,28184.0,28723.0,28125.0,3100.0,0.0,2700.0,1300.0,0.0,2500.0,1
260000.0,2,4,2,32,0,0,0,0,0,0,169734.0,168207.0,155963.0,148701.0,141039.0,143838.0,6568.0,6025.0,5703.0,5123.0,5148.0,5368.0,1
50000.0,1,3,2,24,0,0,0,0,-1,-1,7198.0,8421.0,9202.0,9800.0,1000.0,0.0,1500.0,1000.0,598.0,1000.0,0.0,0.0,1
410000.0,2,1,1,46,-2,-2,-2,-2,-2,-2,0.0,0.0,0.0,0.0,0.0,0.0,0.0,0.0,0.0,0.0,0.0,0.0,1
460000.0,1,1,1,39,2,2,5,5,5,5,2495.0,2495.0,2495.0,2495.0,2495.0,2495.0,0.0,0.0,0.0,0.0,0.0,0.0,1
50000.0,2,3,2,37,1,3,2,0,0,0,52626.0,51537.0,49205.0,30394.0,30249.0,29957.0,0.0,24.0,1500.0,1000.0,1201.0,30592.0,1
50000.0,1,2,2,23,-1,-1,-1,0,0,-1,836.0,836.0,1616.0,780.0,390.0,540.0,836.0,1616.0,0.0,0.0,540.0,390.0,1
240000.0,1,2,2,37,2,2,2,0,0,2,45070.0,46111.0,45268.0,46295.0,48903.0,49763.0,1900.0,0.0,1900.0,3500.0,1600.0,0.0,1
60000.0,1,2,2,29,1,-2,-2,-2,-2,-2,0.0,0.0,0.0,0.0,0.0,0.0,0.0,0.0,0.0,0.0,0.0,251.0,1
20000.0,1,1,1,50,0,0,-2,-2,-2,-2,9164.0,0.0,0.0,0.0,0.0,0.0,0.0,50000.0,0.0,1300.0,0.0,0.0,1
120000.0,2,2,2,24,0,0,0,0,0,-1,34670.0,35606.0,27065.0,25948.0,11884.0,3107.0,2033.0,1200.0,0.0,0.0,3107.0,8542.0,1
80000.0,2,2,1,35,3,2,0,0,0,0,78317.0,71421.0,59564.0,56592.0,52766.0,48208.0,9.0,2203.0,3006.0,3005.0,2005.0,2000.0,1
30000.0,2,1,1,32,0,0,0,0,0,0,27764.0,29276.0,28637.0,29325.0,30004.0,30506.0,2000.0,2000.0,1500.0,1100.0,1300.0,1000.0,1
120000.0,2,1,1,42,-1,-1,-1,-1,-1,-1,344.0,881.0,1778.0,1885.0,607.0,687.0,881.0,1781.0,1885.0,607.0,687.0,1203.0,1
300000.0,2,3,2,48,1,3,2,-1,0,-1,-2.0,779.0,390.0,769.0,772.0,1722.0,781.0,1.0,769.0,3.0,1730.0,0.0,1
260000.0,2,3,1,65,-2,-2,-2,-2,-2,-2,0.0,0.0,0.0,0.0,0.0,0.0,0.0,0.0,0.0,0.0,0.0,0.0,1
90000.0,2,1,2,28,2,3,2,0,0,2,88627.0,86357.0,84131.0,85225.0,90347.0,85725.0,0.0,0.0,3400.0,6500.0,0.0,3301.0,1
100000.0,1,1,1,31,0,0,0,0,0,0,30505.0,31509.0,32597.0,33520.0,28930.0,30478.0,1509.0,1597.0,1520.0,1500.0,2000.0,26715.0,1
190000.0,1,1,2,36,1,2,2,2,2,2,105418.0,107689.0,109678.0,110887.0,111871.0,114223.0,5500.0,5200.0,4500.0,4300.0,4300.0,4400.0,1
20000.0,1,2,2,22,3,2,2,2,0,0,12553.0,14551.0,15016.0,14480.0,15093.0,17077.0,2500.0,1000.0,0.0,1000.0,2400.0,0.0,1
30000.0,1,1,2,28,2,0,0,0,0,0,22329.0,23665.0,47968.0,24784.0,25784.0,2901.0,2000.0,1400.0,2000.0,1000.0,1000.0,1000.0,1
40000.0,1,1,2,28,2,-1,-1,-1,-1,2,1892.0,1889.0,1716.0,41710.0,42219.0,39774.0,1889.0,1716.0,41710.0,2800.0,0.0,1500.0,1
30000.0,2,2,1,24,2,2,0,0,0,0,31214.0,28983.0,28301.0,31072.0,24147.0,4007.0,0.0,1400.0,3561.0,483.0,80.0,0.0,1
60000.0,1,2,1,30,1,2,2,2,2,0,46138.0,44832.0,47830.0,48458.0,47176.0,47461.0,0.0,4000.0,2000.0,0.0,2000.0,1700.0,1
160000.0,2,2,1,40,-2,-2,-2,-2,-2,-2,390.0,390.0,390.0,390.0,390.0,390.0,390.0,780.0,390.0,390.0,390.0,390.0,1
70000.0,2,2,1,27,1,2,0,0,2,2,48098.0,47922.0,51806.0,55625.0,57072.0,58269.0,881.0,4700.0,4700.0,2500.0,2300.0,2300.0,1
80000.0,2,2,1,27,2,0,0,0,2,0,63711.0,64961.0,66334.0,70312.0,68585.0,70027.0,2907.0,3014.0,5700.0,0.0,2700.0,2800.0,1
160000.0,1,2,2,34,2,2,2,2,2,2,73820.0,72341.0,76917.0,75370.0,81943.0,80203.0,0.0,5500.0,0.0,7500.0,0.0,2000.0,1
50000.0,2,1,2,29,3,3,2,3,2,2,49624.0,48530.0,50255.0,49104.0,51044.0,50933.0,0.0,2800.0,0.0,3000.0,800.0,3000.0,1
160000.0,2,2,2,27,1,-1,-1,-2,-2,-1,0.0,1519.0,0.0,0.0,0.0,2755.0,1519.0,0.0,0.0,0.0,2755.0,966.0,1
60000.0,1,3,2,29,0,0,0,0,0,0,4511.0,5529.0,6544.0,7093.0,7973.0,9038.0,1096.0,1111.0,660.0,1000.0,1200.0,0.0,1
120000.0,2,2,1,29,0,0,0,0,0,0,122842.0,123704.0,123291.0,121242.0,121403.0,121863.0,6500.0,6100.0,4603.0,4774.0,9000.0,0.0,1
200000.0,2,2,1,27,1,3,2,2,2,2,183994.0,182427.0,182657.0,174547.0,181454.0,177141.0,5200.0,7000.0,0.0,13300.0,0.0,6200.0,1
300000.0,1,1,2,26,2,2,2,0,0,2,273138.0,279307.0,273333.0,277270.0,284915.0,286837.0,12000.0,0.0,10000.0,12180.0,10000.0,10817.0,1
210000.0,2,1,2,33,-1,-1,-1,0,0,-2,1888.0,320.0,1403.0,418.0,-16.0,-342.0,320.0,1409.0,0.0,0.0,0.0,2108.0,1
220000.0,1,1,1,43,1,-2,-2,-2,-2,-2,0.0,0.0,0.0,0.0,0.0,0.0,0.0,0.0,0.0,0.0,0.0,0.0,1
140000.0,1,1,2,29,-1,-1,2,0,0,-1,1712.0,2304.0,978.0,652.0,326.0,1052.0,2314.0,0.0,0.0,0.0,1052.0,652.0,1
500000.0,1,2,1,39,0,0,0,0,0,0,342548.0,290244.0,250186.0,276579.0,239874.0,226502.0,8628.0,6242.0,231888.0,7945.0,7840.0,6966.0,1
70000.0,2,2,2,46,0,0,0,0,0,0,86919.0,83200.0,80389.0,75854.0,33563.0,34563.0,3000.0,3815.0,3064.0,1000.0,1000.0,34000.0,1
160000.0,2,2,1,35,2,2,2,2,2,2,131104.0,133828.0,135146.0,136520.0,139432.0,141971.0,6300.0,5000.0,5100.0,5252.0,5000.0,6000.0,1
180000.0,2,1,1,37,2,-1,-1,-1,-1,0,326.0,326.0,326.0,480.0,1011.0,2685.0,326.0,326.0,480.0,1011.0,2000.0,3000.0,1
180000.0,1,2,2,30,0,0,0,2,0,0,40735.0,36337.0,36882.0,34000.0,34798.0,35488.0,1581.0,4626.0,0.0,1500.0,1419.0,1400.0,1
490000.0,1,1,1,45,-1,-1,-1,-1,-1,-1,9763.0,7059.0,5606.0,3136.0,3353.0,12336.0,7059.0,6000.0,3136.0,3353.0,12336.0,1493.0,1
30000.0,2,2,2,25,0,0,0,0,0,0,28494.0,28139.0,27480.0,26960.0,27215.0,27977.0,1750.0,1804.0,1800.0,1000.0,1200.0,1500.0,1
440000.0,1,3,1,47,0,-1,-1,-1,-1,-1,98161.0,1238.0,1238.0,1238.0,1238.0,2165.0,1238.0,1238.0,1238.0,1238.0,2165.0,150000.0,1
220000.0,1,1,1,42,1,-2,-2,-2,-2,-2,0.0,0.0,0.0,0.0,0.0,0.0,0.0,0.0,0.0,0.0,0.0,0.0,1
140000.0,2,2,2,26,0,0,0,0,0,0,101551.0,105246.0,104781.0,105334.0,107699.0,106828.0,5366.0,5087.0,3605.0,3894.0,3785.0,3304.0,1
20000.0,2,2,1,41,1,2,2,0,0,0,10774.0,11596.0,11119.0,12429.0,12370.0,12659.0,1300.0,0.0,1502.0,443.0,489.0,2961.0,1
290000.0,1,1,2,28,-2,-2,-2,-2,-2,-2,346.0,0.0,2765.0,6116.0,10462.0,1052.0,0.0,2765.0,6200.0,10479.0,1052.0,1481.0,1
50000.0,2,3,2,23,2,2,0,0,0,2,7285.0,7022.0,7887.0,8898.0,9565.0,9267.0,0.0,1138.0,1149.0,816.0,0.0,1710.0,1
330000.0,2,2,1,42,-2,-1,2,2,-2,-1,-4.0,8223.0,2996.0,207.0,-3.0,500.0,15450.0,0.0,209.0,3.0,503.0,0.0,1
60000.0,2,2,1,24,0,0,0,0,0,2,23851.0,24404.0,21849.0,18474.0,15488.0,11348.0,1700.0,2000.0,1200.0,1000.0,0.0,3500.0,1
360000.0,1,2,1,46,-2,-2,-2,-2,-2,-2,8746.0,3093.0,1935.0,1205.0,1320.0,1068.0,3108.0,1952.0,1219.0,1326.0,1073.0,191.0,1
120000.0,1,1,2,28,2,2,0,0,2,2,114127.0,110826.0,113559.0,118784.0,118967.0,108887.0,0.0,6000.0,9000.0,3425.0,45.0,3500.0,1
300000.0,2,1,2,46,1,-2,-2,-2,-2,-2,0.0,0.0,0.0,0.0,0.0,0.0,0.0,0.0,0.0,0.0,0.0,0.0,1
30000.0,1,2,1,27,4,4,3,2,2,3,10846.0,10533.0,10225.0,9912.0,11444.0,10975.0,0.0,0.0,0.0,1700.0,0.0,0.0,1
20000.0,1,1,2,27,1,2,3,2,3,2,4473.0,7216.0,6958.0,7496.0,7231.0,7269.0,3000.0,0.0,800.0,0.0,300.0,0.0,1
100000.0,1,2,1,42,0,0,0,0,0,0,100699.0,94528.0,89010.0,81545.0,75592.0,68715.0,3368.0,3995.0,2800.0,3267.0,2919.0,334.0,1
20000.0,1,1,2,26,0,0,0,0,0,2,11065.0,11788.0,13082.0,13498.0,14278.0,13899.0,1206.0,1500.0,634.0,1151.0,0.0,514.0,1
30000.0,1,2,2,25,0,0,2,0,0,2,7527.0,9705.0,9009.0,9333.0,9505.0,8699.0,2700.0,0.0,1000.0,700.0,0.0,784.0,1
30000.0,2,3,1,22,1,2,0,0,4,4,21508.0,20881.0,23217.0,28498.0,28060.0,29999.0,0.0,3000.0,6000.0,1200.0,3000.0,0.0,1
130000.0,2,2,2,25,-2,-2,-2,-2,-2,-1,668.0,1017.0,1298.0,550.0,-286.0,55138.0,1200.0,1300.0,964.0,1698.0,60549.0,5000.0,1
190000.0,2,2,1,33,-2,-2,-2,-2,-2,-1,-2650.0,-2650.0,-2650.0,-5036.0,-5036.0,93493.0,0.0,1941.0,0.0,0.0,98529.0,3188.0,1
50000.0,2,3,1,49,0,0,-1,-1,-1,-1,33782.0,35650.0,390.0,390.0,46310.0,0.0,4000.0,390.0,390.0,46310.0,0.0,0.0,1
30000.0,2,2,2,26,0,0,0,0,0,0,17893.0,19012.0,20123.0,20222.0,20796.0,19844.0,1411.0,1522.0,621.0,795.0,715.0,1000.0,1
70000.0,2,1,2,24,2,2,2,0,0,0,26410.0,31128.0,24486.0,21879.0,13127.0,14149.0,5190.0,42.0,3000.0,3000.0,1400.0,2000.0,1
60000.0,2,3,1,43,0,0,0,0,0,0,60283.0,61227.0,60385.0,30368.0,29667.0,30159.0,3000.0,1700.0,1135.0,1100.0,1500.0,1200.0,1
80000.0,2,2,2,24,0,0,0,0,0,0,81908.0,83597.0,157646.0,79061.0,79834.0,81257.0,5501.0,3450.0,3000.0,3059.0,2915.0,2758.0,1
80000.0,2,1,2,30,3,2,0,0,0,0,82523.0,80586.0,80783.0,75115.0,49420.0,50677.0,0.0,4000.0,3000.0,1800.0,2000.0,2000.0,1
10000.0,2,1,2,27,-1,-1,-2,-2,-2,-2,499.0,0.0,0.0,0.0,0.0,0.0,0.0,0.0,0.0,0.0,0.0,0.0,1
450000.0,1,1,1,48,-1,2,-1,-1,-1,-1,5514.0,1509.0,949.0,575.0,3489.0,0.0,0.0,949.0,575.0,4929.0,0.0,0.0,1
100000.0,1,2,1,41,-1,-1,-1,-1,0,0,91.0,949.0,3079.0,6427.0,6558.0,0.0,957.0,3079.0,6427.0,131.0,0.0,0.0,1
50000.0,2,2,2,26,2,0,0,2,2,0,26023.0,27054.0,29458.0,29737.0,29123.0,29854.0,1453.0,2857.0,1058.0,0.0,1216.0,1097.0,1
260000.0,2,1,1,35,-2,-2,-2,-2,-1,-1,-124.0,-124.0,-124.0,1599.0,360.0,882.0,0.0,0.0,1723.0,366.0,882.0,0.0,1
100000.0,2,2,2,28,-1,-1,-1,-1,-1,-1,1215.0,1042.0,1042.0,1004.0,1612.0,622.0,1042.0,1042.0,1004.0,1650.0,622.0,622.0,1
20000.0,1,3,1,44,2,2,2,2,2,0,11623.0,12436.0,12943.0,15428.0,14883.0,15494.0,1300.0,1000.0,2700.0,0.0,850.0,850.0,1
90000.0,1,1,2,31,2,2,2,0,0,2,90322.0,92257.0,89939.0,91176.0,91331.0,87588.0,4300.0,0.0,3656.0,7100.0,0.0,7200.0,1
70000.0,2,2,2,27,2,2,2,0,0,0,34263.0,37375.0,36498.0,37516.0,38587.0,43924.0,4000.0,0.0,1929.0,2000.0,6000.0,3700.0,1
300000.0,2,1,1,45,-1,-1,-1,0,0,-1,6608.0,10009.0,22456.0,22056.0,14020.0,1230.0,10017.0,22456.0,0.0,0.0,1230.0,0.0,1
160000.0,2,1,2,29,0,0,0,0,0,2,157067.0,155760.0,153047.0,122831.0,124794.0,116746.0,5708.0,7424.0,4251.0,6010.0,5000.0,4000.0,1
240000.0,2,2,1,36,1,-2,-2,-2,-2,-2,-946.0,-946.0,-946.0,-946.0,-946.0,-946.0,0.0,0.0,0.0,0.0,0.0,0.0,1
150000.0,2,3,1,46,2,2,2,2,2,0,11164.0,11713.0,11759.0,12453.0,12147.0,12254.0,1000.0,500.0,850.0,0.0,400.0,400.0,1
20000.0,1,2,2,37,1,2,0,0,0,0,14440.0,13916.0,15376.0,18075.0,18830.0,20423.0,0.0,2000.0,3000.0,1000.0,2000.0,0.0,1
20000.0,1,2,1,40,1,2,0,0,0,0,20498.0,19692.0,20498.0,19898.0,19906.0,18586.0,0.0,1600.0,0.0,398.0,0.0,0.0,1
80000.0,2,1,2,24,2,0,0,0,0,0,79434.0,80246.0,80167.0,60201.0,47850.0,48698.0,3100.0,2650.0,2065.0,1850.0,1756.0,2100.0,1
210000.0,1,2,2,24,0,0,0,0,0,0,40985.0,41028.0,42041.0,42842.0,43757.0,45403.0,1987.0,2000.0,1800.0,1757.0,2533.0,2030.0,1
160000.0,1,3,1,57,-1,-1,-2,-2,-1,-1,759.0,-660.0,-660.0,-660.0,340.0,596.0,209.0,0.0,0.0,1000.0,596.0,1436.0,1
350000.0,1,1,2,42,2,0,0,0,0,0,320982.0,322788.0,272799.0,117867.0,117518.0,119718.0,12618.0,11127.0,4327.0,4261.0,4150.0,4153.0,1
80000.0,2,1,2,33,1,2,0,0,0,0,83367.0,81409.0,78790.0,80567.0,78047.0,82942.0,0.0,2873.0,3101.0,3000.0,6328.0,0.0,1
50000.0,1,2,2,43,0,0,0,0,0,0,29308.0,20491.0,20846.0,20247.0,19551.0,18617.0,2000.0,1340.0,1298.0,827.0,676.0,707.0,1
50000.0,2,2,1,38,2,2,2,2,0,0,50965.0,50956.0,50603.0,49788.0,37353.0,0.0,1101.0,1500.0,39.0,1280.0,0.0,0.0,1
100000.0,1,1,2,31,2,2,2,2,2,2,93975.0,95030.0,96611.0,97947.0,95602.0,77323.0,3500.0,4000.0,4005.0,600.0,2400.0,2900.0,1
90000.0,1,2,2,28,2,2,0,0,2,0,82671.0,78750.0,66605.0,63795.0,61061.0,54646.0,0.0,3324.0,5380.0,0.0,2000.0,1800.0,1
30000.0,1,3,2,25,-2,-2,-2,-2,-2,-2,780.0,0.0,390.0,749.0,390.0,0.0,0.0,390.0,749.0,390.0,0.0,805.0,1
160000.0,2,1,1,47,1,2,0,0,2,0,89006.0,86694.0,88898.0,94289.0,91875.0,94405.0,0.0,4500.0,7800.0,0.0,4000.0,3700.0,1
500000.0,2,1,1,35,-1,-1,-1,-1,-1,-1,3290.0,10881.0,2517.0,2957.0,889.0,40855.0,11000.0,2517.0,2957.0,1000.0,41000.0,170.0,1
70000.0,2,3,1,43,2,2,0,-1,0,0,85863.0,78125.0,68899.0,69131.0,29289.0,29898.0,0.0,1378.0,70000.0,1185.0,1220.0,1119.0,1
350000.0,2,1,2,32,-2,-2,-2,-2,-2,-2,0.0,0.0,0.0,0.0,0.0,0.0,0.0,0.0,0.0,0.0,0.0,0.0,1
50000.0,2,1,2,22,-1,-1,-1,-1,-1,-1,586.0,297.0,3674.0,1392.0,3085.0,3450.0,297.0,3675.0,1392.0,3086.0,3492.0,3721.0,1
50000.0,1,2,2,34,1,2,2,2,0,0,53916.0,55036.0,56075.0,54515.0,52250.0,52433.0,2600.0,2500.0,0.0,2000.0,4000.0,0.0,1
20000.0,2,2,2,43,-1,2,0,0,0,0,6483.0,6233.0,7254.0,8106.0,8418.0,8440.0,0.0,1283.0,1135.0,447.0,306.0,307.0,1
160000.0,2,2,1,32,0,0,0,0,0,2,30414.0,24158.0,10091.0,5905.0,6210.0,4302.0,1200.0,1036.0,309.0,500.0,0.0,1000.0,1
160000.0,2,2,1,42,0,0,0,0,0,0,165686.0,169969.0,170142.0,119529.0,122059.0,111378.0,8450.0,5289.0,4022.0,4195.0,3986.0,3958.0,1
220000.0,2,2,1,33,2,2,0,0,0,0,223904.0,211137.0,197721.0,181231.0,182649.0,182644.0,0.0,8240.0,6549.0,6605.0,6490.0,6319.0,1
360000.0,2,1,1,30,1,-2,-2,-2,-2,-2,0.0,0.0,0.0,0.0,0.0,0.0,0.0,0.0,0.0,0.0,0.0,0.0,1
50000.0,1,2,1,50,2,2,2,2,2,2,19786.0,19170.0,21864.0,21215.0,23494.0,22978.0,0.0,3008.0,0.0,2638.0,0.0,845.0,1
50000.0,2,2,1,29,2,3,2,0,0,0,50136.0,50044.0,46543.0,19359.0,17850.0,18203.0,1000.0,5.0,661.0,770.0,800.0,763.0,1
110000.0,1,2,2,29,2,2,2,2,0,0,55700.0,58362.0,56598.0,51908.0,48647.0,47862.0,5000.0,2500.0,0.0,2000.0,2000.0,1854.0,1
80000.0,1,2,2,41,2,0,0,0,0,0,80140.0,80627.0,80668.0,49233.0,48737.0,48280.0,3253.0,3211.0,1691.0,1721.0,1800.0,1576.0,1
240000.0,2,2,2,38,1,-2,-2,-2,-2,-2,0.0,0.0,0.0,0.0,0.0,0.0,0.0,0.0,0.0,0.0,0.0,0.0,1
400000.0,2,2,2,30,-2,-2,-2,-2,-2,-2,-38.0,9465.0,4991.0,466.0,-1381.0,3122.0,10446.0,5002.0,504.0,499.0,5056.0,2152.0,1
30000.0,2,3,2,24,2,0,0,2,2,0,30279.0,30428.0,30485.0,31012.0,30402.0,30195.0,1500.0,2700.0,1300.0,0.0,1117.0,1353.0,1
250000.0,2,2,1,28,2,0,0,0,2,0,28245.0,29468.0,31488.0,34060.0,33213.0,34670.0,2000.0,2500.0,3100.0,0.0,2000.0,8000.0,1
220000.0,2,2,2,25,0,0,0,0,0,0,165040.0,167485.0,148133.0,123266.0,125736.0,128342.0,6809.0,7038.0,5000.0,4500.0,5000.0,4473.0,1
30000.0,1,3,1,64,2,2,2,0,0,0,13594.0,14078.0,14547.0,15304.0,16056.0,20196.0,1000.0,1000.0,1000.0,1000.0,4600.0,0.0,1
60000.0,2,2,1,27,1,2,2,2,2,2,25547.0,24838.0,27725.0,26981.0,28921.0,29506.0,0.0,3300.0,0.0,2400.0,1200.0,1300.0,1
120000.0,1,2,2,28,-1,-1,-1,-1,-1,-1,4310.0,3905.0,2411.0,1925.0,2943.0,6249.0,3905.0,2411.0,1925.0,2943.0,6249.0,1780.0,1
110000.0,1,2,2,22,0,0,0,0,0,0,99209.0,54218.0,40110.0,41362.0,41296.0,41225.0,1766.0,2000.0,2000.0,2000.0,2000.0,2000.0,1
440000.0,2,1,1,39,0,0,0,0,0,0,388357.0,390101.0,387948.0,354871.0,238196.0,200777.0,14193.0,14740.0,9655.0,6453.0,5478.0,4919.0,1
70000.0,1,2,1,36,0,0,0,-2,-2,-2,27868.0,28850.0,0.0,0.0,0.0,0.0,1850.0,0.0,0.0,0.0,0.0,0.0,1
100000.0,1,2,1,44,2,2,2,2,0,0,30094.0,31111.0,31407.0,30603.0,31411.0,32089.0,1800.0,1100.0,0.0,1300.0,1200.0,1400.0,1
130000.0,1,1,2,46,0,0,0,0,0,0,110766.0,114977.0,120976.0,40177.0,41529.0,43734.0,6000.0,9000.0,2000.0,2000.0,3000.0,4000.0,1
80000.0,2,2,2,24,0,0,0,0,0,0,81625.0,81554.0,79599.0,49552.0,49509.0,49568.0,3200.0,3000.0,2038.0,2000.0,1800.0,1800.0,1
120000.0,1,3,1,39,-1,2,2,0,0,3,12190.0,13091.0,12591.0,17366.0,22064.0,21432.0,1400.0,0.0,5000.0,5000.0,0.0,0.0,1
100000.0,2,2,1,28,-1,-1,-1,-1,-1,-1,316.0,316.0,316.0,316.0,2588.0,782.0,316.0,316.0,316.0,2588.0,1098.0,0.0,1
60000.0,2,3,2,23,1,2,0,0,0,0,28831.0,28024.0,24215.0,6000.0,7568.0,7568.0,0.0,1050.0,0.0,1568.0,0.0,6729.0,1
180000.0,2,1,2,29,-2,-2,-2,-2,-2,-2,0.0,0.0,0.0,0.0,0.0,0.0,0.0,0.0,0.0,0.0,0.0,0.0,1
20000.0,2,1,2,54,0,0,0,4,3,2,14034.0,15296.0,20035.0,19435.0,18835.0,18395.0,1500.0,5000.0,0.0,0.0,0.0,3000.0,1
100000.0,2,1,1,33,-1,-1,-2,-2,-2,-2,3976.0,0.0,0.0,0.0,0.0,0.0,0.0,0.0,0.0,0.0,0.0,402.0,1
260000.0,2,2,1,39,2,0,0,2,0,0,228443.0,233958.0,252615.0,186443.0,190345.0,193739.0,10698.0,24799.0,0.0,7035.0,7078.0,7221.0,1
270000.0,1,2,1,53,2,2,2,2,2,2,211630.0,209812.0,219829.0,214795.0,228084.0,232680.0,3000.0,15000.0,0.0,17000.0,8500.0,0.0,1
50000.0,1,2,1,35,-1,2,0,0,0,0,15609.0,14686.0,15831.0,16884.0,18070.0,19218.0,0.0,2100.0,2000.0,2000.0,2000.0,2000.0,1
340000.0,2,2,2,31,5,4,4,3,2,0,589654.0,581775.0,572677.0,384060.0,304508.0,247178.0,3000.0,0.0,0.0,1000.0,4320.0,287982.0,1
50000.0,1,2,2,33,0,0,0,0,0,0,47364.0,48355.0,49715.0,49736.0,17599.0,16753.0,1780.0,2140.0,1161.0,510.0,503.0,500.0,1
260000.0,1,1,1,43,1,-2,-2,-1,0,0,0.0,0.0,0.0,14855.0,13650.0,0.0,0.0,0.0,15055.0,0.0,0.0,0.0,1
360000.0,2,3,1,47,-2,-2,-2,-2,-2,-2,1458.0,-4.0,3994.0,0.0,0.0,7429.0,0.0,3998.0,0.0,0.0,7429.0,490.0,1
350000.0,2,2,2,33,0,0,0,0,0,0,341200.0,328857.0,324873.0,300004.0,306269.0,273732.0,14000.0,12000.0,10400.0,12000.0,12000.0,9000.0,1
30000.0,2,2,1,42,2,2,0,0,0,0,30149.0,28117.0,27761.0,28053.0,28249.0,23580.0,0.0,2000.0,1507.0,3100.0,3100.0,3100.0,1
190000.0,2,1,1,30,0,0,2,0,0,0,176699.0,188703.0,184403.0,90887.0,90097.0,90295.0,15000.0,3000.0,4100.0,3200.0,3264.0,3248.0,1
500000.0,2,1,2,36,-2,-2,-2,-2,-2,-2,-312.0,-2479.0,2479.0,2479.0,763.0,288.0,0.0,4958.0,0.0,763.0,0.0,14472.0,1
80000.0,2,2,1,45,1,2,2,2,2,2,53916.0,52462.0,55327.0,56804.0,57469.0,58505.0,0.0,4327.0,3000.0,2200.0,2100.0,0.0,1
200000.0,1,3,2,26,2,0,0,0,0,0,72763.0,53839.0,34228.0,26418.0,22196.0,15973.0,5041.0,14031.0,15021.0,15007.0,14004.0,14012.0,1
130000.0,1,2,2,31,0,0,0,0,0,0,5551.0,6953.0,8176.0,8884.0,9737.0,11404.0,1500.0,1500.0,1000.0,1000.0,2000.0,2000.0,1
200000.0,2,1,2,36,-2,-2,-2,-2,-2,-2,0.0,0.0,0.0,0.0,0.0,0.0,0.0,0.0,0.0,0.0,0.0,0.0,1
80000.0,1,2,2,27,2,2,0,0,0,0,58324.0,56789.0,58276.0,60102.0,61423.0,72197.0,0.0,2400.0,3000.0,2500.0,11576.0,39.0,1
200000.0,1,1,1,36,0,0,2,2,2,0,2346.0,4802.0,4579.0,5840.0,5603.0,6352.0,2500.0,0.0,1500.0,0.0,1000.0,1000.0,1
200000.0,2,3,1,45,-1,-1,0,-1,0,-1,80.0,-460.0,4091.0,5463.0,4978.0,975.0,2230.0,5029.0,5463.0,100.0,975.0,255.0,1
500000.0,1,1,1,55,2,2,2,2,2,2,4957.0,4957.0,4957.0,4957.0,4957.0,4957.0,0.0,0.0,0.0,0.0,0.0,0.0,1
100000.0,2,2,2,25,0,0,2,0,0,0,87401.0,93476.0,91077.0,92885.0,94831.0,96907.0,7497.0,0.0,3324.0,3442.0,3653.0,4449.0,1
110000.0,2,2,1,35,0,0,0,0,0,0,114023.0,102850.0,66639.0,57595.0,58814.0,60086.0,4097.0,3360.0,2100.0,2100.0,2200.0,3000.0,1
60000.0,2,1,2,28,2,2,2,2,2,2,43662.0,42682.0,45603.0,44569.0,47452.0,46536.0,0.0,3628.0,0.0,3600.0,0.0,4000.0,1
120000.0,1,3,1,33,1,2,2,2,2,2,66055.0,67405.0,68405.0,69387.0,70727.0,72215.0,3000.0,2700.0,2700.0,2600.0,2800.0,0.0,1
20000.0,1,3,2,24,2,0,0,2,2,2,8295.0,9310.0,12130.0,11644.0,12250.0,11910.0,1160.0,2980.0,0.0,1100.0,0.0,1000.0,1
300000.0,1,2,1,32,-1,-1,-1,-1,-1,-2,2884.0,1706.0,2960.0,579.0,0.0,0.0,1706.0,2964.0,579.0,0.0,0.0,2937.0,1
170000.0,1,1,1,41,-1,-1,-1,0,0,-1,10540.0,0.0,9871.0,9739.0,66.0,230.0,0.0,9871.0,0.0,0.0,230.0,23709.0,1
130000.0,2,1,2,30,-1,-1,-1,-1,-1,0,1493.0,1492.0,1310.0,1310.0,2046.0,1574.0,1492.0,1310.0,1310.0,2046.0,574.0,1995.0,1
340000.0,1,2,1,53,0,0,0,0,0,0,342617.0,346067.0,350031.0,304706.0,250216.0,253526.0,12604.0,14000.0,11000.0,9000.0,10000.0,30000.0,1
100000.0,1,2,2,32,1,-2,-2,-2,-2,-2,0.0,0.0,0.0,0.0,0.0,0.0,0.0,0.0,0.0,0.0,0.0,0.0,1
160000.0,1,3,2,27,1,2,-1,0,0,0,80166.0,34775.0,34073.0,15676.0,99436.0,90927.0,0.0,142848.0,1800.0,90000.0,3300.0,3400.0,1
300000.0,2,2,1,33,2,2,0,0,0,0,279065.0,273067.0,278910.0,283920.0,253113.0,246560.0,0.0,10638.0,10569.0,8809.0,8883.0,9960.0,1
150000.0,2,2,2,32,0,0,0,2,2,2,9545.0,14350.0,17118.0,16546.0,20052.0,20385.0,5000.0,3000.0,0.0,3800.0,800.0,0.0,1
20000.0,2,2,2,22,0,0,0,0,0,0,15247.0,16561.0,17280.0,18431.0,18341.0,19569.0,1575.0,1294.0,1596.0,655.0,1669.0,0.0,1
50000.0,1,1,2,25,0,0,0,0,0,0,40181.0,66569.0,19281.0,18679.0,12980.0,8592.0,1500.0,2400.0,5700.0,8000.0,3062.0,1000.0,1
260000.0,2,1,1,28,-2,-2,-2,-2,-2,-2,0.0,0.0,0.0,0.0,0.0,0.0,0.0,0.0,0.0,0.0,0.0,0.0,1
70000.0,1,2,1,37,2,2,2,2,2,2,44207.0,45305.0,46067.0,45029.0,47835.0,48797.0,2100.0,1800.0,0.0,3700.0,1900.0,2000.0,1
190000.0,1,1,2,29,1,-1,2,2,2,-1,0.0,2214.0,66.0,66.0,0.0,4433.0,2214.0,0.0,0.0,66.0,4433.0,0.0,1
80000.0,1,2,2,24,2,0,0,2,0,0,44507.0,46486.0,51876.0,48962.0,48614.0,49792.0,3000.0,6107.0,0.0,1675.0,1895.0,2117.0,1
120000.0,2,2,2,26,-1,2,0,0,0,2,2682.0,1725.0,2682.0,3272.0,3455.0,3261.0,0.0,1000.0,1000.0,1000.0,0.0,2000.0,1
250000.0,2,1,2,29,2,-1,-1,-1,-1,0,1381.0,1381.0,7014.0,1581.0,36022.0,34011.0,1381.0,7014.0,1581.0,36022.0,10000.0,10961.0,1
210000.0,2,1,1,33,0,0,0,0,0,0,199851.0,190551.0,192717.0,195700.0,150525.0,137565.0,7000.0,7791.0,7000.0,5254.0,5400.0,5380.0,1
50000.0,2,1,1,54,2,2,2,0,0,0,47927.0,50421.0,17637.0,17680.0,18091.0,18750.0,4090.0,0.0,633.0,696.0,1000.0,1000.0,1
210000.0,2,2,1,34,0,0,2,0,0,0,201223.0,214479.0,193598.0,178416.0,143879.0,125004.0,17580.0,0.0,7193.0,3500.0,4881.0,3679.0,1
50000.0,1,2,1,35,1,2,0,0,0,-1,48047.0,46593.0,46945.0,21260.0,70.0,29575.0,0.0,2052.0,1800.0,0.0,29935.0,1200.0,1
20000.0,1,3,1,52,0,0,3,2,0,0,16049.0,19967.0,19368.0,18759.0,19131.0,19533.0,4519.0,0.0,0.0,683.0,709.0,1027.0,1
30000.0,1,2,2,28,1,-1,-1,-2,-2,-2,0.0,780.0,0.0,0.0,0.0,0.0,780.0,0.0,0.0,0.0,0.0,0.0,1
50000.0,1,3,2,29,1,2,2,2,0,0,43933.0,42927.0,46324.0,45283.0,48042.0,50834.0,0.0,4100.0,0.0,3780.0,3515.0,1800.0,1
300000.0,1,1,2,32,2,0,0,0,0,0,255299.0,255607.0,258394.0,261024.0,260672.0,263894.0,9106.0,11000.0,11009.0,10000.0,10000.0,10000.0,1
150000.0,1,2,2,23,0,0,-1,0,0,0,151686.0,147474.0,7474.0,8173.0,87500.0,89731.0,3000.0,120000.0,823.0,80000.0,3684.0,4500.0,1
110000.0,1,2,2,24,0,0,0,0,0,0,44737.0,39590.0,39457.0,39075.0,39307.0,39564.0,2103.0,2005.0,2006.0,3006.0,3010.0,2013.0,1
230000.0,1,1,1,35,-1,-1,-2,-2,-2,-2,3454.0,0.0,0.0,0.0,0.0,0.0,0.0,0.0,0.0,0.0,0.0,0.0,1
50000.0,1,2,2,25,2,0,0,0,0,0,47987.0,49084.0,46759.0,8195.0,8367.0,8534.0,2690.0,2359.0,293.0,304.0,306.0,316.0,1
30000.0,2,2,1,50,2,2,2,2,3,2,21993.0,22634.0,23057.0,24506.0,24711.0,24178.0,1300.0,1082.0,2131.0,900.0,0.0,2200.0,1
30000.0,2,2,2,39,-2,-2,-2,-2,-2,-2,2416.0,2226.0,2230.0,561.0,2230.0,565.0,2230.0,2238.0,561.0,2238.0,565.0,564.0,1
50000.0,1,3,1,41,0,0,2,0,0,0,2602.0,12150.0,11670.0,12167.0,2210.0,2406.0,10000.0,0.0,1036.0,79.0,232.0,110.0,1
20000.0,1,2,1,34,0,0,0,0,0,0,12857.0,14183.0,14890.0,15642.0,16387.0,17113.0,1541.0,1248.0,1000.0,1000.0,1000.0,1000.0,1
90000.0,2,2,1,33,0,0,0,2,0,0,27180.0,26772.0,70398.0,56266.0,47804.0,44230.0,1405.0,56388.0,112.0,1779.0,1786.0,5414.0,1
50000.0,2,1,2,25,1,2,2,2,2,2,47054.0,48008.0,48913.0,49847.0,50840.0,49502.0,2000.0,2000.0,2000.0,1900.0,1900.0,1600.0,1
60000.0,2,2,1,48,0,0,0,0,0,0,46578.0,39085.0,18628.0,19002.0,19715.0,18900.0,1308.0,1290.0,664.0,1003.0,693.0,759.0,1
150000.0,1,2,1,40,0,0,0,0,0,-2,142326.0,145231.0,150145.0,150500.0,0.0,0.0,4500.0,6114.0,3500.0,0.0,0.0,0.0,1
230000.0,2,3,1,70,-1,0,0,0,0,0,183500.0,147525.0,147391.0,149904.0,151816.0,103443.0,7000.0,5500.0,7000.0,6066.0,4000.0,5000.0,1
100000.0,2,2,2,29,2,0,0,0,0,0,42440.0,43303.0,35304.0,33365.0,29260.0,30073.0,1599.0,2000.0,1500.0,1500.0,1300.0,4000.0,1
150000.0,2,3,2,60,0,0,0,0,0,0,149892.0,137990.0,136171.0,100508.0,102610.0,101682.0,6780.0,4800.0,3496.0,3618.0,4000.0,3497.0,1
60000.0,2,1,2,32,1,2,0,0,0,2,17992.0,17405.0,18619.0,19636.0,20326.0,21534.0,0.0,1500.0,1328.0,1018.0,1687.0,778.0,1
20000.0,1,1,2,24,-1,-1,-1,-1,0,-1,720.0,100.0,1192.0,7804.0,6200.0,3982.0,100.0,1192.0,7807.0,124.0,3982.0,1156.0,1
230000.0,2,1,1,35,0,0,-1,-1,-1,-1,6012.0,0.0,1897.0,0.0,89.0,2398.0,78.0,1897.0,0.0,89.0,2398.0,671.0,1
30000.0,2,2,2,24,2,2,3,3,3,3,1050.0,1050.0,1050.0,1050.0,1050.0,1050.0,0.0,0.0,0.0,0.0,0.0,0.0,1
140000.0,2,2,1,44,0,0,0,0,0,0,127254.0,109717.0,81545.0,81454.0,60176.0,79728.0,6050.0,3700.0,2000.0,3000.0,20000.0,1500.0,1
120000.0,2,3,2,50,2,0,-1,0,0,0,149301.0,149540.0,118675.0,120047.0,100637.0,79613.0,3000.0,125000.0,4065.0,4000.0,3000.0,3000.0,1
500000.0,1,1,1,43,1,-2,-2,-2,-2,-2,0.0,0.0,0.0,0.0,0.0,0.0,0.0,0.0,0.0,0.0,0.0,0.0,1
140000.0,2,2,2,24,2,2,2,0,0,0,38661.0,42699.0,41739.0,43730.0,45687.0,46796.0,5000.0,0.0,3000.0,3000.0,2000.0,4093.0,1
360000.0,2,2,2,35,2,2,2,0,0,0,360023.0,363239.0,350214.0,319960.0,260944.0,202686.0,14693.0,30.0,12302.0,10004.0,7506.0,19721.0,1
50000.0,2,1,2,23,0,0,0,0,0,-1,40756.0,48482.0,47226.0,11151.0,-2897.0,48211.0,10000.0,2500.0,3002.0,1500.0,52000.0,1900.0,1
50000.0,2,3,1,46,-1,-1,-1,-1,-1,-1,65.0,0.0,1271.0,940.0,110.0,0.0,0.0,1271.0,949.0,110.0,0.0,558.0,1
50000.0,1,3,1,38,1,5,4,3,2,0,51106.0,50059.0,48988.0,47917.0,47020.0,48027.0,0.0,0.0,0.0,0.0,1943.0,1727.0,1
10000.0,1,3,1,35,0,0,0,0,0,0,7536.0,8152.0,8779.0,9379.0,9565.0,9062.0,1136.0,1153.0,1143.0,329.0,418.0,180.0,1
50000.0,2,3,2,22,2,-1,-1,2,0,0,1261.0,1261.0,2136.0,1560.0,1170.0,780.0,1261.0,2136.0,0.0,0.0,0.0,0.0,1
100000.0,2,2,2,30,1,2,0,0,2,2,31708.0,30904.0,31953.0,34308.0,34951.0,34261.0,0.0,1850.0,3200.0,1500.0,0.0,1500.0,1
310000.0,2,2,2,27,-1,-1,-1,-1,0,-1,1261.0,1261.0,1261.0,1651.0,390.0,390.0,1261.0,1261.0,1651.0,0.0,390.0,390.0,1
